day,image_filename,patch_idx,augmentations,npy_path
10_19_data,2019-10-19 104440.JPG,0,none,10_19_data\patch\2019-10-19 104440_p0_none.npy
10_19_data,2019-10-19 104440.JPG,1,none,10_19_data\patch\2019-10-19 104440_p1_none.npy
10_19_data,2019-10-19 104440.JPG,2,none,10_19_data\patch\2019-10-19 104440_p2_none.npy
10_19_data,2019-10-19 104440.JPG,3,none,10_19_data\patch\2019-10-19 104440_p3_none.npy
10_19_data,2019-10-19 104440.JPG,4,none,10_19_data\patch\2019-10-19 104440_p4_none.npy
10_19_data,2019-10-19 104440.JPG,5,none,10_19_data\patch\2019-10-19 104440_p5_none.npy
10_19_data,2019-10-19 104440.JPG,6,none,10_19_data\patch\2019-10-19 104440_p6_none.npy
10_19_data,2019-10-19 104440.JPG,7,none,10_19_data\patch\2019-10-19 104440_p7_none.npy
10_19_data,2019-10-19 104440.JPG,8,none,10_19_data\patch\2019-10-19 104440_p8_none.npy
10_19_data,2019-10-19 104440.JPG,9,none,10_19_data\patch\2019-10-19 104440_p9_none.npy
10_19_data,2019-10-19 104440.JPG,10,none,10_19_data\patch\2019-10-19 104440_p10_none.npy
10_19_data,2019-10-19 104440.JPG,11,none,10_19_data\patch\2019-10-19 104440_p11_none.npy
10_19_data,2019-10-19 104440.JPG,12,none,10_19_data\patch\2019-10-19 104440_p12_none.npy
10_19_data,2019-10-19 104440.JPG,13,none,10_19_data\patch\2019-10-19 104440_p13_none.npy
10_19_data,2019-10-19 104440.JPG,14,none,10_19_data\patch\2019-10-19 104440_p14_none.npy
10_19_data,2019-10-19 104440.JPG,15,none,10_19_data\patch\2019-10-19 104440_p15_none.npy
10_19_data,2019-10-19 104440.JPG,16,none,10_19_data\patch\2019-10-19 104440_p16_none.npy
10_19_data,2019-10-19 104440.JPG,17,none,10_19_data\patch\2019-10-19 104440_p17_none.npy
10_19_data,2019-10-19 104440.JPG,18,none,10_19_data\patch\2019-10-19 104440_p18_none.npy
10_19_data,2019-10-19 104440.JPG,19,none,10_19_data\patch\2019-10-19 104440_p19_none.npy
10_19_data,2019-10-19 104440.JPG,20,none,10_19_data\patch\2019-10-19 104440_p20_none.npy
10_19_data,2019-10-19 104440.JPG,21,none,10_19_data\patch\2019-10-19 104440_p21_none.npy
10_19_data,2019-10-19 104440.JPG,22,none,10_19_data\patch\2019-10-19 104440_p22_none.npy
10_19_data,2019-10-19 104440.JPG,23,none,10_19_data\patch\2019-10-19 104440_p23_none.npy
10_19_data,2019-10-19 104440.JPG,24,none,10_19_data\patch\2019-10-19 104440_p24_none.npy
10_19_data,2019-10-19 104440.JPG,25,none,10_19_data\patch\2019-10-19 104440_p25_none.npy
10_19_data,2019-10-19 104440.JPG,26,none,10_19_data\patch\2019-10-19 104440_p26_none.npy
10_19_data,2019-10-19 104440.JPG,27,none,10_19_data\patch\2019-10-19 104440_p27_none.npy
10_19_data,2019-10-19 104440.JPG,28,none,10_19_data\patch\2019-10-19 104440_p28_none.npy
10_19_data,2019-10-19 104440.JPG,29,none,10_19_data\patch\2019-10-19 104440_p29_none.npy
10_19_data,2019-10-19 104440.JPG,30,none,10_19_data\patch\2019-10-19 104440_p30_none.npy
10_19_data,2019-10-19 104440.JPG,31,none,10_19_data\patch\2019-10-19 104440_p31_none.npy
10_19_data,2019-10-19 104440.JPG,32,none,10_19_data\patch\2019-10-19 104440_p32_none.npy
10_19_data,2019-10-19 104440.JPG,33,none,10_19_data\patch\2019-10-19 104440_p33_none.npy
10_19_data,2019-10-19 104440.JPG,34,none,10_19_data\patch\2019-10-19 104440_p34_none.npy
10_19_data,2019-10-19 104440.JPG,35,none,10_19_data\patch\2019-10-19 104440_p35_none.npy
10_19_data,2019-10-19 104440.JPG,36,none,10_19_data\patch\2019-10-19 104440_p36_none.npy
10_19_data,2019-10-19 104440.JPG,37,none,10_19_data\patch\2019-10-19 104440_p37_none.npy
10_19_data,2019-10-19 104440.JPG,38,none,10_19_data\patch\2019-10-19 104440_p38_none.npy
10_19_data,2019-10-19 104440.JPG,39,none,10_19_data\patch\2019-10-19 104440_p39_none.npy
10_19_data,2019-10-19 104440.JPG,40,none,10_19_data\patch\2019-10-19 104440_p40_none.npy
10_19_data,2019-10-19 104440.JPG,41,none,10_19_data\patch\2019-10-19 104440_p41_none.npy
10_19_data,2019-10-19 104440.JPG,42,none,10_19_data\patch\2019-10-19 104440_p42_none.npy
10_19_data,2019-10-19 104440.JPG,43,none,10_19_data\patch\2019-10-19 104440_p43_none.npy
10_19_data,2019-10-19 104440.JPG,44,none,10_19_data\patch\2019-10-19 104440_p44_none.npy
10_19_data,2019-10-19 104440.JPG,45,none,10_19_data\patch\2019-10-19 104440_p45_none.npy
10_19_data,2019-10-19 104440.JPG,46,none,10_19_data\patch\2019-10-19 104440_p46_none.npy
10_19_data,2019-10-19 104440.JPG,47,none,10_19_data\patch\2019-10-19 104440_p47_none.npy
10_19_data,2019-10-19 104440.JPG,48,none,10_19_data\patch\2019-10-19 104440_p48_none.npy
10_19_data,2019-10-19 104440.JPG,49,none,10_19_data\patch\2019-10-19 104440_p49_none.npy
10_19_data,2019-10-19 104445.JPG,0,none,10_19_data\patch\2019-10-19 104445_p0_none.npy
10_19_data,2019-10-19 104445.JPG,1,none,10_19_data\patch\2019-10-19 104445_p1_none.npy
10_19_data,2019-10-19 104445.JPG,2,none,10_19_data\patch\2019-10-19 104445_p2_none.npy
10_19_data,2019-10-19 104445.JPG,3,none,10_19_data\patch\2019-10-19 104445_p3_none.npy
10_19_data,2019-10-19 104445.JPG,4,none,10_19_data\patch\2019-10-19 104445_p4_none.npy
10_19_data,2019-10-19 104445.JPG,5,none,10_19_data\patch\2019-10-19 104445_p5_none.npy
10_19_data,2019-10-19 104445.JPG,6,none,10_19_data\patch\2019-10-19 104445_p6_none.npy
10_19_data,2019-10-19 104445.JPG,7,none,10_19_data\patch\2019-10-19 104445_p7_none.npy
10_19_data,2019-10-19 104445.JPG,8,none,10_19_data\patch\2019-10-19 104445_p8_none.npy
10_19_data,2019-10-19 104445.JPG,9,none,10_19_data\patch\2019-10-19 104445_p9_none.npy
10_19_data,2019-10-19 104445.JPG,10,none,10_19_data\patch\2019-10-19 104445_p10_none.npy
10_19_data,2019-10-19 104445.JPG,11,none,10_19_data\patch\2019-10-19 104445_p11_none.npy
10_19_data,2019-10-19 104445.JPG,12,none,10_19_data\patch\2019-10-19 104445_p12_none.npy
10_19_data,2019-10-19 104445.JPG,13,none,10_19_data\patch\2019-10-19 104445_p13_none.npy
10_19_data,2019-10-19 104445.JPG,14,none,10_19_data\patch\2019-10-19 104445_p14_none.npy
10_19_data,2019-10-19 104445.JPG,15,none,10_19_data\patch\2019-10-19 104445_p15_none.npy
10_19_data,2019-10-19 104445.JPG,16,none,10_19_data\patch\2019-10-19 104445_p16_none.npy
10_19_data,2019-10-19 104445.JPG,17,none,10_19_data\patch\2019-10-19 104445_p17_none.npy
10_19_data,2019-10-19 104445.JPG,18,none,10_19_data\patch\2019-10-19 104445_p18_none.npy
10_19_data,2019-10-19 104445.JPG,19,none,10_19_data\patch\2019-10-19 104445_p19_none.npy
10_19_data,2019-10-19 104445.JPG,20,none,10_19_data\patch\2019-10-19 104445_p20_none.npy
10_19_data,2019-10-19 104445.JPG,21,none,10_19_data\patch\2019-10-19 104445_p21_none.npy
10_19_data,2019-10-19 104445.JPG,22,none,10_19_data\patch\2019-10-19 104445_p22_none.npy
10_19_data,2019-10-19 104445.JPG,23,none,10_19_data\patch\2019-10-19 104445_p23_none.npy
10_19_data,2019-10-19 104445.JPG,24,none,10_19_data\patch\2019-10-19 104445_p24_none.npy
10_19_data,2019-10-19 104445.JPG,25,none,10_19_data\patch\2019-10-19 104445_p25_none.npy
10_19_data,2019-10-19 104445.JPG,26,none,10_19_data\patch\2019-10-19 104445_p26_none.npy
10_19_data,2019-10-19 104445.JPG,27,none,10_19_data\patch\2019-10-19 104445_p27_none.npy
10_19_data,2019-10-19 104445.JPG,28,none,10_19_data\patch\2019-10-19 104445_p28_none.npy
10_19_data,2019-10-19 104445.JPG,29,none,10_19_data\patch\2019-10-19 104445_p29_none.npy
10_19_data,2019-10-19 104445.JPG,30,none,10_19_data\patch\2019-10-19 104445_p30_none.npy
10_19_data,2019-10-19 104445.JPG,31,none,10_19_data\patch\2019-10-19 104445_p31_none.npy
10_19_data,2019-10-19 104445.JPG,32,none,10_19_data\patch\2019-10-19 104445_p32_none.npy
10_19_data,2019-10-19 104445.JPG,33,none,10_19_data\patch\2019-10-19 104445_p33_none.npy
10_19_data,2019-10-19 104445.JPG,34,none,10_19_data\patch\2019-10-19 104445_p34_none.npy
10_19_data,2019-10-19 104445.JPG,35,none,10_19_data\patch\2019-10-19 104445_p35_none.npy
10_19_data,2019-10-19 104445.JPG,36,none,10_19_data\patch\2019-10-19 104445_p36_none.npy
10_19_data,2019-10-19 104445.JPG,37,none,10_19_data\patch\2019-10-19 104445_p37_none.npy
10_19_data,2019-10-19 104445.JPG,38,none,10_19_data\patch\2019-10-19 104445_p38_none.npy
10_19_data,2019-10-19 104445.JPG,39,none,10_19_data\patch\2019-10-19 104445_p39_none.npy
10_19_data,2019-10-19 104445.JPG,40,none,10_19_data\patch\2019-10-19 104445_p40_none.npy
10_19_data,2019-10-19 104445.JPG,41,none,10_19_data\patch\2019-10-19 104445_p41_none.npy
10_19_data,2019-10-19 104445.JPG,42,none,10_19_data\patch\2019-10-19 104445_p42_none.npy
10_19_data,2019-10-19 104445.JPG,43,none,10_19_data\patch\2019-10-19 104445_p43_none.npy
10_19_data,2019-10-19 104445.JPG,44,none,10_19_data\patch\2019-10-19 104445_p44_none.npy
10_19_data,2019-10-19 104445.JPG,45,none,10_19_data\patch\2019-10-19 104445_p45_none.npy
10_19_data,2019-10-19 104445.JPG,46,none,10_19_data\patch\2019-10-19 104445_p46_none.npy
10_19_data,2019-10-19 104445.JPG,47,none,10_19_data\patch\2019-10-19 104445_p47_none.npy
10_19_data,2019-10-19 104445.JPG,48,none,10_19_data\patch\2019-10-19 104445_p48_none.npy
10_19_data,2019-10-19 104445.JPG,49,none,10_19_data\patch\2019-10-19 104445_p49_none.npy
10_19_data,2019-10-19 104511.JPG,0,none,10_19_data\patch\2019-10-19 104511_p0_none.npy
10_19_data,2019-10-19 104511.JPG,1,none,10_19_data\patch\2019-10-19 104511_p1_none.npy
10_19_data,2019-10-19 104511.JPG,2,none,10_19_data\patch\2019-10-19 104511_p2_none.npy
10_19_data,2019-10-19 104511.JPG,3,none,10_19_data\patch\2019-10-19 104511_p3_none.npy
10_19_data,2019-10-19 104511.JPG,4,none,10_19_data\patch\2019-10-19 104511_p4_none.npy
10_19_data,2019-10-19 104511.JPG,5,none,10_19_data\patch\2019-10-19 104511_p5_none.npy
10_19_data,2019-10-19 104511.JPG,6,none,10_19_data\patch\2019-10-19 104511_p6_none.npy
10_19_data,2019-10-19 104511.JPG,7,none,10_19_data\patch\2019-10-19 104511_p7_none.npy
10_19_data,2019-10-19 104511.JPG,8,none,10_19_data\patch\2019-10-19 104511_p8_none.npy
10_19_data,2019-10-19 104511.JPG,9,none,10_19_data\patch\2019-10-19 104511_p9_none.npy
10_19_data,2019-10-19 104511.JPG,10,none,10_19_data\patch\2019-10-19 104511_p10_none.npy
10_19_data,2019-10-19 104511.JPG,11,none,10_19_data\patch\2019-10-19 104511_p11_none.npy
10_19_data,2019-10-19 104511.JPG,12,none,10_19_data\patch\2019-10-19 104511_p12_none.npy
10_19_data,2019-10-19 104511.JPG,13,none,10_19_data\patch\2019-10-19 104511_p13_none.npy
10_19_data,2019-10-19 104511.JPG,14,none,10_19_data\patch\2019-10-19 104511_p14_none.npy
10_19_data,2019-10-19 104511.JPG,15,none,10_19_data\patch\2019-10-19 104511_p15_none.npy
10_19_data,2019-10-19 104511.JPG,16,none,10_19_data\patch\2019-10-19 104511_p16_none.npy
10_19_data,2019-10-19 104511.JPG,17,none,10_19_data\patch\2019-10-19 104511_p17_none.npy
10_19_data,2019-10-19 104511.JPG,18,none,10_19_data\patch\2019-10-19 104511_p18_none.npy
10_19_data,2019-10-19 104511.JPG,19,none,10_19_data\patch\2019-10-19 104511_p19_none.npy
10_19_data,2019-10-19 104511.JPG,20,none,10_19_data\patch\2019-10-19 104511_p20_none.npy
10_19_data,2019-10-19 104511.JPG,21,none,10_19_data\patch\2019-10-19 104511_p21_none.npy
10_19_data,2019-10-19 104511.JPG,22,none,10_19_data\patch\2019-10-19 104511_p22_none.npy
10_19_data,2019-10-19 104511.JPG,23,none,10_19_data\patch\2019-10-19 104511_p23_none.npy
10_19_data,2019-10-19 104511.JPG,24,none,10_19_data\patch\2019-10-19 104511_p24_none.npy
10_19_data,2019-10-19 104511.JPG,25,none,10_19_data\patch\2019-10-19 104511_p25_none.npy
10_19_data,2019-10-19 104511.JPG,26,none,10_19_data\patch\2019-10-19 104511_p26_none.npy
10_19_data,2019-10-19 104511.JPG,27,none,10_19_data\patch\2019-10-19 104511_p27_none.npy
10_19_data,2019-10-19 104511.JPG,28,none,10_19_data\patch\2019-10-19 104511_p28_none.npy
10_19_data,2019-10-19 104511.JPG,29,none,10_19_data\patch\2019-10-19 104511_p29_none.npy
10_19_data,2019-10-19 104511.JPG,30,none,10_19_data\patch\2019-10-19 104511_p30_none.npy
10_19_data,2019-10-19 104511.JPG,31,none,10_19_data\patch\2019-10-19 104511_p31_none.npy
10_19_data,2019-10-19 104511.JPG,32,none,10_19_data\patch\2019-10-19 104511_p32_none.npy
10_19_data,2019-10-19 104511.JPG,33,none,10_19_data\patch\2019-10-19 104511_p33_none.npy
10_19_data,2019-10-19 104511.JPG,34,none,10_19_data\patch\2019-10-19 104511_p34_none.npy
10_19_data,2019-10-19 104511.JPG,35,none,10_19_data\patch\2019-10-19 104511_p35_none.npy
10_19_data,2019-10-19 104511.JPG,36,none,10_19_data\patch\2019-10-19 104511_p36_none.npy
10_19_data,2019-10-19 104511.JPG,37,none,10_19_data\patch\2019-10-19 104511_p37_none.npy
10_19_data,2019-10-19 104511.JPG,38,none,10_19_data\patch\2019-10-19 104511_p38_none.npy
10_19_data,2019-10-19 104511.JPG,39,none,10_19_data\patch\2019-10-19 104511_p39_none.npy
10_19_data,2019-10-19 104511.JPG,40,none,10_19_data\patch\2019-10-19 104511_p40_none.npy
10_19_data,2019-10-19 104511.JPG,41,none,10_19_data\patch\2019-10-19 104511_p41_none.npy
10_19_data,2019-10-19 104511.JPG,42,none,10_19_data\patch\2019-10-19 104511_p42_none.npy
10_19_data,2019-10-19 104511.JPG,43,none,10_19_data\patch\2019-10-19 104511_p43_none.npy
10_19_data,2019-10-19 104511.JPG,44,none,10_19_data\patch\2019-10-19 104511_p44_none.npy
10_19_data,2019-10-19 104511.JPG,45,none,10_19_data\patch\2019-10-19 104511_p45_none.npy
10_19_data,2019-10-19 104511.JPG,46,none,10_19_data\patch\2019-10-19 104511_p46_none.npy
10_19_data,2019-10-19 104511.JPG,47,none,10_19_data\patch\2019-10-19 104511_p47_none.npy
10_19_data,2019-10-19 104511.JPG,48,none,10_19_data\patch\2019-10-19 104511_p48_none.npy
10_19_data,2019-10-19 104511.JPG,49,none,10_19_data\patch\2019-10-19 104511_p49_none.npy
10_19_data,2019-10-19 104534.JPG,0,none,10_19_data\patch\2019-10-19 104534_p0_none.npy
10_19_data,2019-10-19 104534.JPG,1,none,10_19_data\patch\2019-10-19 104534_p1_none.npy
10_19_data,2019-10-19 104534.JPG,2,none,10_19_data\patch\2019-10-19 104534_p2_none.npy
10_19_data,2019-10-19 104534.JPG,3,none,10_19_data\patch\2019-10-19 104534_p3_none.npy
10_19_data,2019-10-19 104534.JPG,4,none,10_19_data\patch\2019-10-19 104534_p4_none.npy
10_19_data,2019-10-19 104534.JPG,5,none,10_19_data\patch\2019-10-19 104534_p5_none.npy
10_19_data,2019-10-19 104534.JPG,6,none,10_19_data\patch\2019-10-19 104534_p6_none.npy
10_19_data,2019-10-19 104534.JPG,7,none,10_19_data\patch\2019-10-19 104534_p7_none.npy
10_19_data,2019-10-19 104534.JPG,8,none,10_19_data\patch\2019-10-19 104534_p8_none.npy
10_19_data,2019-10-19 104534.JPG,9,none,10_19_data\patch\2019-10-19 104534_p9_none.npy
10_19_data,2019-10-19 104534.JPG,10,none,10_19_data\patch\2019-10-19 104534_p10_none.npy
10_19_data,2019-10-19 104534.JPG,11,none,10_19_data\patch\2019-10-19 104534_p11_none.npy
10_19_data,2019-10-19 104534.JPG,12,none,10_19_data\patch\2019-10-19 104534_p12_none.npy
10_19_data,2019-10-19 104534.JPG,13,none,10_19_data\patch\2019-10-19 104534_p13_none.npy
10_19_data,2019-10-19 104534.JPG,14,none,10_19_data\patch\2019-10-19 104534_p14_none.npy
10_19_data,2019-10-19 104534.JPG,15,none,10_19_data\patch\2019-10-19 104534_p15_none.npy
10_19_data,2019-10-19 104534.JPG,16,none,10_19_data\patch\2019-10-19 104534_p16_none.npy
10_19_data,2019-10-19 104534.JPG,17,none,10_19_data\patch\2019-10-19 104534_p17_none.npy
10_19_data,2019-10-19 104534.JPG,18,none,10_19_data\patch\2019-10-19 104534_p18_none.npy
10_19_data,2019-10-19 104534.JPG,19,none,10_19_data\patch\2019-10-19 104534_p19_none.npy
10_19_data,2019-10-19 104534.JPG,20,none,10_19_data\patch\2019-10-19 104534_p20_none.npy
10_19_data,2019-10-19 104534.JPG,21,none,10_19_data\patch\2019-10-19 104534_p21_none.npy
10_19_data,2019-10-19 104534.JPG,22,none,10_19_data\patch\2019-10-19 104534_p22_none.npy
10_19_data,2019-10-19 104534.JPG,23,none,10_19_data\patch\2019-10-19 104534_p23_none.npy
10_19_data,2019-10-19 104534.JPG,24,none,10_19_data\patch\2019-10-19 104534_p24_none.npy
10_19_data,2019-10-19 104534.JPG,25,none,10_19_data\patch\2019-10-19 104534_p25_none.npy
10_19_data,2019-10-19 104534.JPG,26,none,10_19_data\patch\2019-10-19 104534_p26_none.npy
10_19_data,2019-10-19 104534.JPG,27,none,10_19_data\patch\2019-10-19 104534_p27_none.npy
10_19_data,2019-10-19 104534.JPG,28,none,10_19_data\patch\2019-10-19 104534_p28_none.npy
10_19_data,2019-10-19 104534.JPG,29,none,10_19_data\patch\2019-10-19 104534_p29_none.npy
10_19_data,2019-10-19 104534.JPG,30,none,10_19_data\patch\2019-10-19 104534_p30_none.npy
10_19_data,2019-10-19 104534.JPG,31,none,10_19_data\patch\2019-10-19 104534_p31_none.npy
10_19_data,2019-10-19 104534.JPG,32,none,10_19_data\patch\2019-10-19 104534_p32_none.npy
10_19_data,2019-10-19 104534.JPG,33,none,10_19_data\patch\2019-10-19 104534_p33_none.npy
10_19_data,2019-10-19 104534.JPG,34,none,10_19_data\patch\2019-10-19 104534_p34_none.npy
10_19_data,2019-10-19 104534.JPG,35,none,10_19_data\patch\2019-10-19 104534_p35_none.npy
10_19_data,2019-10-19 104534.JPG,36,none,10_19_data\patch\2019-10-19 104534_p36_none.npy
10_19_data,2019-10-19 104534.JPG,37,none,10_19_data\patch\2019-10-19 104534_p37_none.npy
10_19_data,2019-10-19 104534.JPG,38,none,10_19_data\patch\2019-10-19 104534_p38_none.npy
10_19_data,2019-10-19 104534.JPG,39,none,10_19_data\patch\2019-10-19 104534_p39_none.npy
10_19_data,2019-10-19 104534.JPG,40,none,10_19_data\patch\2019-10-19 104534_p40_none.npy
10_19_data,2019-10-19 104534.JPG,41,none,10_19_data\patch\2019-10-19 104534_p41_none.npy
10_19_data,2019-10-19 104534.JPG,42,none,10_19_data\patch\2019-10-19 104534_p42_none.npy
10_19_data,2019-10-19 104534.JPG,43,none,10_19_data\patch\2019-10-19 104534_p43_none.npy
10_19_data,2019-10-19 104534.JPG,44,none,10_19_data\patch\2019-10-19 104534_p44_none.npy
10_19_data,2019-10-19 104534.JPG,45,none,10_19_data\patch\2019-10-19 104534_p45_none.npy
10_19_data,2019-10-19 104534.JPG,46,none,10_19_data\patch\2019-10-19 104534_p46_none.npy
10_19_data,2019-10-19 104534.JPG,47,none,10_19_data\patch\2019-10-19 104534_p47_none.npy
10_19_data,2019-10-19 104534.JPG,48,none,10_19_data\patch\2019-10-19 104534_p48_none.npy
10_19_data,2019-10-19 104534.JPG,49,none,10_19_data\patch\2019-10-19 104534_p49_none.npy
10_19_data,2019-10-19 104604.JPG,0,none,10_19_data\patch\2019-10-19 104604_p0_none.npy
10_19_data,2019-10-19 104604.JPG,1,none,10_19_data\patch\2019-10-19 104604_p1_none.npy
10_19_data,2019-10-19 104604.JPG,2,none,10_19_data\patch\2019-10-19 104604_p2_none.npy
10_19_data,2019-10-19 104604.JPG,3,none,10_19_data\patch\2019-10-19 104604_p3_none.npy
10_19_data,2019-10-19 104604.JPG,4,none,10_19_data\patch\2019-10-19 104604_p4_none.npy
10_19_data,2019-10-19 104604.JPG,5,none,10_19_data\patch\2019-10-19 104604_p5_none.npy
10_19_data,2019-10-19 104604.JPG,6,none,10_19_data\patch\2019-10-19 104604_p6_none.npy
10_19_data,2019-10-19 104604.JPG,7,none,10_19_data\patch\2019-10-19 104604_p7_none.npy
10_19_data,2019-10-19 104604.JPG,8,none,10_19_data\patch\2019-10-19 104604_p8_none.npy
10_19_data,2019-10-19 104604.JPG,9,none,10_19_data\patch\2019-10-19 104604_p9_none.npy
10_19_data,2019-10-19 104604.JPG,10,none,10_19_data\patch\2019-10-19 104604_p10_none.npy
10_19_data,2019-10-19 104604.JPG,11,none,10_19_data\patch\2019-10-19 104604_p11_none.npy
10_19_data,2019-10-19 104604.JPG,12,none,10_19_data\patch\2019-10-19 104604_p12_none.npy
10_19_data,2019-10-19 104604.JPG,13,none,10_19_data\patch\2019-10-19 104604_p13_none.npy
10_19_data,2019-10-19 104604.JPG,14,none,10_19_data\patch\2019-10-19 104604_p14_none.npy
10_19_data,2019-10-19 104604.JPG,15,none,10_19_data\patch\2019-10-19 104604_p15_none.npy
10_19_data,2019-10-19 104604.JPG,16,none,10_19_data\patch\2019-10-19 104604_p16_none.npy
10_19_data,2019-10-19 104604.JPG,17,none,10_19_data\patch\2019-10-19 104604_p17_none.npy
10_19_data,2019-10-19 104604.JPG,18,none,10_19_data\patch\2019-10-19 104604_p18_none.npy
10_19_data,2019-10-19 104604.JPG,19,none,10_19_data\patch\2019-10-19 104604_p19_none.npy
10_19_data,2019-10-19 104604.JPG,20,none,10_19_data\patch\2019-10-19 104604_p20_none.npy
10_19_data,2019-10-19 104604.JPG,21,none,10_19_data\patch\2019-10-19 104604_p21_none.npy
10_19_data,2019-10-19 104604.JPG,22,none,10_19_data\patch\2019-10-19 104604_p22_none.npy
10_19_data,2019-10-19 104604.JPG,23,none,10_19_data\patch\2019-10-19 104604_p23_none.npy
10_19_data,2019-10-19 104604.JPG,24,none,10_19_data\patch\2019-10-19 104604_p24_none.npy
10_19_data,2019-10-19 104604.JPG,25,none,10_19_data\patch\2019-10-19 104604_p25_none.npy
10_19_data,2019-10-19 104604.JPG,26,none,10_19_data\patch\2019-10-19 104604_p26_none.npy
10_19_data,2019-10-19 104604.JPG,27,none,10_19_data\patch\2019-10-19 104604_p27_none.npy
10_19_data,2019-10-19 104604.JPG,28,none,10_19_data\patch\2019-10-19 104604_p28_none.npy
10_19_data,2019-10-19 104604.JPG,29,none,10_19_data\patch\2019-10-19 104604_p29_none.npy
10_19_data,2019-10-19 104604.JPG,30,none,10_19_data\patch\2019-10-19 104604_p30_none.npy
10_19_data,2019-10-19 104604.JPG,31,none,10_19_data\patch\2019-10-19 104604_p31_none.npy
10_19_data,2019-10-19 104604.JPG,32,none,10_19_data\patch\2019-10-19 104604_p32_none.npy
10_19_data,2019-10-19 104604.JPG,33,none,10_19_data\patch\2019-10-19 104604_p33_none.npy
10_19_data,2019-10-19 104604.JPG,34,none,10_19_data\patch\2019-10-19 104604_p34_none.npy
10_19_data,2019-10-19 104604.JPG,35,none,10_19_data\patch\2019-10-19 104604_p35_none.npy
10_19_data,2019-10-19 104604.JPG,36,none,10_19_data\patch\2019-10-19 104604_p36_none.npy
10_19_data,2019-10-19 104604.JPG,37,none,10_19_data\patch\2019-10-19 104604_p37_none.npy
10_19_data,2019-10-19 104604.JPG,38,none,10_19_data\patch\2019-10-19 104604_p38_none.npy
10_19_data,2019-10-19 104604.JPG,39,none,10_19_data\patch\2019-10-19 104604_p39_none.npy
10_19_data,2019-10-19 104604.JPG,40,none,10_19_data\patch\2019-10-19 104604_p40_none.npy
10_19_data,2019-10-19 104604.JPG,41,none,10_19_data\patch\2019-10-19 104604_p41_none.npy
10_19_data,2019-10-19 104604.JPG,42,none,10_19_data\patch\2019-10-19 104604_p42_none.npy
10_19_data,2019-10-19 104604.JPG,43,none,10_19_data\patch\2019-10-19 104604_p43_none.npy
10_19_data,2019-10-19 104604.JPG,44,none,10_19_data\patch\2019-10-19 104604_p44_none.npy
10_19_data,2019-10-19 104604.JPG,45,none,10_19_data\patch\2019-10-19 104604_p45_none.npy
10_19_data,2019-10-19 104604.JPG,46,none,10_19_data\patch\2019-10-19 104604_p46_none.npy
10_19_data,2019-10-19 104604.JPG,47,none,10_19_data\patch\2019-10-19 104604_p47_none.npy
10_19_data,2019-10-19 104604.JPG,48,none,10_19_data\patch\2019-10-19 104604_p48_none.npy
10_19_data,2019-10-19 104604.JPG,49,none,10_19_data\patch\2019-10-19 104604_p49_none.npy
10_19_data,2019-10-19 111233.JPG,0,none,10_19_data\patch\2019-10-19 111233_p0_none.npy
10_19_data,2019-10-19 111233.JPG,1,none,10_19_data\patch\2019-10-19 111233_p1_none.npy
10_19_data,2019-10-19 111233.JPG,2,none,10_19_data\patch\2019-10-19 111233_p2_none.npy
10_19_data,2019-10-19 111233.JPG,3,none,10_19_data\patch\2019-10-19 111233_p3_none.npy
10_19_data,2019-10-19 111233.JPG,4,none,10_19_data\patch\2019-10-19 111233_p4_none.npy
10_19_data,2019-10-19 111233.JPG,5,none,10_19_data\patch\2019-10-19 111233_p5_none.npy
10_19_data,2019-10-19 111233.JPG,6,none,10_19_data\patch\2019-10-19 111233_p6_none.npy
10_19_data,2019-10-19 111233.JPG,7,none,10_19_data\patch\2019-10-19 111233_p7_none.npy
10_19_data,2019-10-19 111233.JPG,8,none,10_19_data\patch\2019-10-19 111233_p8_none.npy
10_19_data,2019-10-19 111233.JPG,9,none,10_19_data\patch\2019-10-19 111233_p9_none.npy
10_19_data,2019-10-19 111233.JPG,10,none,10_19_data\patch\2019-10-19 111233_p10_none.npy
10_19_data,2019-10-19 111233.JPG,11,none,10_19_data\patch\2019-10-19 111233_p11_none.npy
10_19_data,2019-10-19 111233.JPG,12,none,10_19_data\patch\2019-10-19 111233_p12_none.npy
10_19_data,2019-10-19 111233.JPG,13,none,10_19_data\patch\2019-10-19 111233_p13_none.npy
10_19_data,2019-10-19 111233.JPG,14,none,10_19_data\patch\2019-10-19 111233_p14_none.npy
10_19_data,2019-10-19 111233.JPG,15,none,10_19_data\patch\2019-10-19 111233_p15_none.npy
10_19_data,2019-10-19 111233.JPG,16,none,10_19_data\patch\2019-10-19 111233_p16_none.npy
10_19_data,2019-10-19 111233.JPG,17,none,10_19_data\patch\2019-10-19 111233_p17_none.npy
10_19_data,2019-10-19 111233.JPG,18,none,10_19_data\patch\2019-10-19 111233_p18_none.npy
10_19_data,2019-10-19 111233.JPG,19,none,10_19_data\patch\2019-10-19 111233_p19_none.npy
10_19_data,2019-10-19 111233.JPG,20,none,10_19_data\patch\2019-10-19 111233_p20_none.npy
10_19_data,2019-10-19 111233.JPG,21,none,10_19_data\patch\2019-10-19 111233_p21_none.npy
10_19_data,2019-10-19 111233.JPG,22,none,10_19_data\patch\2019-10-19 111233_p22_none.npy
10_19_data,2019-10-19 111233.JPG,23,none,10_19_data\patch\2019-10-19 111233_p23_none.npy
10_19_data,2019-10-19 111233.JPG,24,none,10_19_data\patch\2019-10-19 111233_p24_none.npy
10_19_data,2019-10-19 111233.JPG,25,none,10_19_data\patch\2019-10-19 111233_p25_none.npy
10_19_data,2019-10-19 111233.JPG,26,none,10_19_data\patch\2019-10-19 111233_p26_none.npy
10_19_data,2019-10-19 111233.JPG,27,none,10_19_data\patch\2019-10-19 111233_p27_none.npy
10_19_data,2019-10-19 111233.JPG,28,none,10_19_data\patch\2019-10-19 111233_p28_none.npy
10_19_data,2019-10-19 111233.JPG,29,none,10_19_data\patch\2019-10-19 111233_p29_none.npy
10_19_data,2019-10-19 111233.JPG,30,none,10_19_data\patch\2019-10-19 111233_p30_none.npy
10_19_data,2019-10-19 111233.JPG,31,none,10_19_data\patch\2019-10-19 111233_p31_none.npy
10_19_data,2019-10-19 111233.JPG,32,none,10_19_data\patch\2019-10-19 111233_p32_none.npy
10_19_data,2019-10-19 111233.JPG,33,none,10_19_data\patch\2019-10-19 111233_p33_none.npy
10_19_data,2019-10-19 111233.JPG,34,none,10_19_data\patch\2019-10-19 111233_p34_none.npy
10_19_data,2019-10-19 111233.JPG,35,none,10_19_data\patch\2019-10-19 111233_p35_none.npy
10_19_data,2019-10-19 111233.JPG,36,none,10_19_data\patch\2019-10-19 111233_p36_none.npy
10_19_data,2019-10-19 111233.JPG,37,none,10_19_data\patch\2019-10-19 111233_p37_none.npy
10_19_data,2019-10-19 111233.JPG,38,none,10_19_data\patch\2019-10-19 111233_p38_none.npy
10_19_data,2019-10-19 111233.JPG,39,none,10_19_data\patch\2019-10-19 111233_p39_none.npy
10_19_data,2019-10-19 111233.JPG,40,none,10_19_data\patch\2019-10-19 111233_p40_none.npy
10_19_data,2019-10-19 111233.JPG,41,none,10_19_data\patch\2019-10-19 111233_p41_none.npy
10_19_data,2019-10-19 111233.JPG,42,none,10_19_data\patch\2019-10-19 111233_p42_none.npy
10_19_data,2019-10-19 111233.JPG,43,none,10_19_data\patch\2019-10-19 111233_p43_none.npy
10_19_data,2019-10-19 111233.JPG,44,none,10_19_data\patch\2019-10-19 111233_p44_none.npy
10_19_data,2019-10-19 111233.JPG,45,none,10_19_data\patch\2019-10-19 111233_p45_none.npy
10_19_data,2019-10-19 111233.JPG,46,none,10_19_data\patch\2019-10-19 111233_p46_none.npy
10_19_data,2019-10-19 111233.JPG,47,none,10_19_data\patch\2019-10-19 111233_p47_none.npy
10_19_data,2019-10-19 111233.JPG,48,none,10_19_data\patch\2019-10-19 111233_p48_none.npy
10_19_data,2019-10-19 111233.JPG,49,none,10_19_data\patch\2019-10-19 111233_p49_none.npy
10_19_data,2019-10-19 111305.JPG,0,none,10_19_data\patch\2019-10-19 111305_p0_none.npy
10_19_data,2019-10-19 111305.JPG,1,none,10_19_data\patch\2019-10-19 111305_p1_none.npy
10_19_data,2019-10-19 111305.JPG,2,none,10_19_data\patch\2019-10-19 111305_p2_none.npy
10_19_data,2019-10-19 111305.JPG,3,none,10_19_data\patch\2019-10-19 111305_p3_none.npy
10_19_data,2019-10-19 111305.JPG,4,none,10_19_data\patch\2019-10-19 111305_p4_none.npy
10_19_data,2019-10-19 111305.JPG,5,none,10_19_data\patch\2019-10-19 111305_p5_none.npy
10_19_data,2019-10-19 111305.JPG,6,none,10_19_data\patch\2019-10-19 111305_p6_none.npy
10_19_data,2019-10-19 111305.JPG,7,none,10_19_data\patch\2019-10-19 111305_p7_none.npy
10_19_data,2019-10-19 111305.JPG,8,none,10_19_data\patch\2019-10-19 111305_p8_none.npy
10_19_data,2019-10-19 111305.JPG,9,none,10_19_data\patch\2019-10-19 111305_p9_none.npy
10_19_data,2019-10-19 111305.JPG,10,none,10_19_data\patch\2019-10-19 111305_p10_none.npy
10_19_data,2019-10-19 111305.JPG,11,none,10_19_data\patch\2019-10-19 111305_p11_none.npy
10_19_data,2019-10-19 111305.JPG,12,none,10_19_data\patch\2019-10-19 111305_p12_none.npy
10_19_data,2019-10-19 111305.JPG,13,none,10_19_data\patch\2019-10-19 111305_p13_none.npy
10_19_data,2019-10-19 111305.JPG,14,none,10_19_data\patch\2019-10-19 111305_p14_none.npy
10_19_data,2019-10-19 111305.JPG,15,none,10_19_data\patch\2019-10-19 111305_p15_none.npy
10_19_data,2019-10-19 111305.JPG,16,none,10_19_data\patch\2019-10-19 111305_p16_none.npy
10_19_data,2019-10-19 111305.JPG,17,none,10_19_data\patch\2019-10-19 111305_p17_none.npy
10_19_data,2019-10-19 111305.JPG,18,none,10_19_data\patch\2019-10-19 111305_p18_none.npy
10_19_data,2019-10-19 111305.JPG,19,none,10_19_data\patch\2019-10-19 111305_p19_none.npy
10_19_data,2019-10-19 111305.JPG,20,none,10_19_data\patch\2019-10-19 111305_p20_none.npy
10_19_data,2019-10-19 111305.JPG,21,none,10_19_data\patch\2019-10-19 111305_p21_none.npy
10_19_data,2019-10-19 111305.JPG,22,none,10_19_data\patch\2019-10-19 111305_p22_none.npy
10_19_data,2019-10-19 111305.JPG,23,none,10_19_data\patch\2019-10-19 111305_p23_none.npy
10_19_data,2019-10-19 111305.JPG,24,none,10_19_data\patch\2019-10-19 111305_p24_none.npy
10_19_data,2019-10-19 111305.JPG,25,none,10_19_data\patch\2019-10-19 111305_p25_none.npy
10_19_data,2019-10-19 111305.JPG,26,none,10_19_data\patch\2019-10-19 111305_p26_none.npy
10_19_data,2019-10-19 111305.JPG,27,none,10_19_data\patch\2019-10-19 111305_p27_none.npy
10_19_data,2019-10-19 111305.JPG,28,none,10_19_data\patch\2019-10-19 111305_p28_none.npy
10_19_data,2019-10-19 111305.JPG,29,none,10_19_data\patch\2019-10-19 111305_p29_none.npy
10_19_data,2019-10-19 111305.JPG,30,none,10_19_data\patch\2019-10-19 111305_p30_none.npy
10_19_data,2019-10-19 111305.JPG,31,none,10_19_data\patch\2019-10-19 111305_p31_none.npy
10_19_data,2019-10-19 111305.JPG,32,none,10_19_data\patch\2019-10-19 111305_p32_none.npy
10_19_data,2019-10-19 111305.JPG,33,none,10_19_data\patch\2019-10-19 111305_p33_none.npy
10_19_data,2019-10-19 111305.JPG,34,none,10_19_data\patch\2019-10-19 111305_p34_none.npy
10_19_data,2019-10-19 111305.JPG,35,none,10_19_data\patch\2019-10-19 111305_p35_none.npy
10_19_data,2019-10-19 111305.JPG,36,none,10_19_data\patch\2019-10-19 111305_p36_none.npy
10_19_data,2019-10-19 111305.JPG,37,none,10_19_data\patch\2019-10-19 111305_p37_none.npy
10_19_data,2019-10-19 111305.JPG,38,none,10_19_data\patch\2019-10-19 111305_p38_none.npy
10_19_data,2019-10-19 111305.JPG,39,none,10_19_data\patch\2019-10-19 111305_p39_none.npy
10_19_data,2019-10-19 111305.JPG,40,none,10_19_data\patch\2019-10-19 111305_p40_none.npy
10_19_data,2019-10-19 111305.JPG,41,none,10_19_data\patch\2019-10-19 111305_p41_none.npy
10_19_data,2019-10-19 111305.JPG,42,none,10_19_data\patch\2019-10-19 111305_p42_none.npy
10_19_data,2019-10-19 111305.JPG,43,none,10_19_data\patch\2019-10-19 111305_p43_none.npy
10_19_data,2019-10-19 111305.JPG,44,none,10_19_data\patch\2019-10-19 111305_p44_none.npy
10_19_data,2019-10-19 111305.JPG,45,none,10_19_data\patch\2019-10-19 111305_p45_none.npy
10_19_data,2019-10-19 111305.JPG,46,none,10_19_data\patch\2019-10-19 111305_p46_none.npy
10_19_data,2019-10-19 111305.JPG,47,none,10_19_data\patch\2019-10-19 111305_p47_none.npy
10_19_data,2019-10-19 111305.JPG,48,none,10_19_data\patch\2019-10-19 111305_p48_none.npy
10_19_data,2019-10-19 111305.JPG,49,none,10_19_data\patch\2019-10-19 111305_p49_none.npy
10_19_data,2019-10-19 111314.JPG,0,none,10_19_data\patch\2019-10-19 111314_p0_none.npy
10_19_data,2019-10-19 111314.JPG,1,none,10_19_data\patch\2019-10-19 111314_p1_none.npy
10_19_data,2019-10-19 111314.JPG,2,none,10_19_data\patch\2019-10-19 111314_p2_none.npy
10_19_data,2019-10-19 111314.JPG,3,none,10_19_data\patch\2019-10-19 111314_p3_none.npy
10_19_data,2019-10-19 111314.JPG,4,none,10_19_data\patch\2019-10-19 111314_p4_none.npy
10_19_data,2019-10-19 111314.JPG,5,none,10_19_data\patch\2019-10-19 111314_p5_none.npy
10_19_data,2019-10-19 111314.JPG,6,none,10_19_data\patch\2019-10-19 111314_p6_none.npy
10_19_data,2019-10-19 111314.JPG,7,none,10_19_data\patch\2019-10-19 111314_p7_none.npy
10_19_data,2019-10-19 111314.JPG,8,none,10_19_data\patch\2019-10-19 111314_p8_none.npy
10_19_data,2019-10-19 111314.JPG,9,none,10_19_data\patch\2019-10-19 111314_p9_none.npy
10_19_data,2019-10-19 111314.JPG,10,none,10_19_data\patch\2019-10-19 111314_p10_none.npy
10_19_data,2019-10-19 111314.JPG,11,none,10_19_data\patch\2019-10-19 111314_p11_none.npy
10_19_data,2019-10-19 111314.JPG,12,none,10_19_data\patch\2019-10-19 111314_p12_none.npy
10_19_data,2019-10-19 111314.JPG,13,none,10_19_data\patch\2019-10-19 111314_p13_none.npy
10_19_data,2019-10-19 111314.JPG,14,none,10_19_data\patch\2019-10-19 111314_p14_none.npy
10_19_data,2019-10-19 111314.JPG,15,none,10_19_data\patch\2019-10-19 111314_p15_none.npy
10_19_data,2019-10-19 111314.JPG,16,none,10_19_data\patch\2019-10-19 111314_p16_none.npy
10_19_data,2019-10-19 111314.JPG,17,none,10_19_data\patch\2019-10-19 111314_p17_none.npy
10_19_data,2019-10-19 111314.JPG,18,none,10_19_data\patch\2019-10-19 111314_p18_none.npy
10_19_data,2019-10-19 111314.JPG,19,none,10_19_data\patch\2019-10-19 111314_p19_none.npy
10_19_data,2019-10-19 111314.JPG,20,none,10_19_data\patch\2019-10-19 111314_p20_none.npy
10_19_data,2019-10-19 111314.JPG,21,none,10_19_data\patch\2019-10-19 111314_p21_none.npy
10_19_data,2019-10-19 111314.JPG,22,none,10_19_data\patch\2019-10-19 111314_p22_none.npy
10_19_data,2019-10-19 111314.JPG,23,none,10_19_data\patch\2019-10-19 111314_p23_none.npy
10_19_data,2019-10-19 111314.JPG,24,none,10_19_data\patch\2019-10-19 111314_p24_none.npy
10_19_data,2019-10-19 111314.JPG,25,none,10_19_data\patch\2019-10-19 111314_p25_none.npy
10_19_data,2019-10-19 111314.JPG,26,none,10_19_data\patch\2019-10-19 111314_p26_none.npy
10_19_data,2019-10-19 111314.JPG,27,none,10_19_data\patch\2019-10-19 111314_p27_none.npy
10_19_data,2019-10-19 111314.JPG,28,none,10_19_data\patch\2019-10-19 111314_p28_none.npy
10_19_data,2019-10-19 111314.JPG,29,none,10_19_data\patch\2019-10-19 111314_p29_none.npy
10_19_data,2019-10-19 111314.JPG,30,none,10_19_data\patch\2019-10-19 111314_p30_none.npy
10_19_data,2019-10-19 111314.JPG,31,none,10_19_data\patch\2019-10-19 111314_p31_none.npy
10_19_data,2019-10-19 111314.JPG,32,none,10_19_data\patch\2019-10-19 111314_p32_none.npy
10_19_data,2019-10-19 111314.JPG,33,none,10_19_data\patch\2019-10-19 111314_p33_none.npy
10_19_data,2019-10-19 111314.JPG,34,none,10_19_data\patch\2019-10-19 111314_p34_none.npy
10_19_data,2019-10-19 111314.JPG,35,none,10_19_data\patch\2019-10-19 111314_p35_none.npy
10_19_data,2019-10-19 111314.JPG,36,none,10_19_data\patch\2019-10-19 111314_p36_none.npy
10_19_data,2019-10-19 111314.JPG,37,none,10_19_data\patch\2019-10-19 111314_p37_none.npy
10_19_data,2019-10-19 111314.JPG,38,none,10_19_data\patch\2019-10-19 111314_p38_none.npy
10_19_data,2019-10-19 111314.JPG,39,none,10_19_data\patch\2019-10-19 111314_p39_none.npy
10_19_data,2019-10-19 111314.JPG,40,none,10_19_data\patch\2019-10-19 111314_p40_none.npy
10_19_data,2019-10-19 111314.JPG,41,none,10_19_data\patch\2019-10-19 111314_p41_none.npy
10_19_data,2019-10-19 111314.JPG,42,none,10_19_data\patch\2019-10-19 111314_p42_none.npy
10_19_data,2019-10-19 111314.JPG,43,none,10_19_data\patch\2019-10-19 111314_p43_none.npy
10_19_data,2019-10-19 111314.JPG,44,none,10_19_data\patch\2019-10-19 111314_p44_none.npy
10_19_data,2019-10-19 111314.JPG,45,none,10_19_data\patch\2019-10-19 111314_p45_none.npy
10_19_data,2019-10-19 111314.JPG,46,none,10_19_data\patch\2019-10-19 111314_p46_none.npy
10_19_data,2019-10-19 111314.JPG,47,none,10_19_data\patch\2019-10-19 111314_p47_none.npy
10_19_data,2019-10-19 111314.JPG,48,none,10_19_data\patch\2019-10-19 111314_p48_none.npy
10_19_data,2019-10-19 111314.JPG,49,none,10_19_data\patch\2019-10-19 111314_p49_none.npy
10_19_data,2019-10-19 111323.JPG,0,none,10_19_data\patch\2019-10-19 111323_p0_none.npy
10_19_data,2019-10-19 111323.JPG,1,none,10_19_data\patch\2019-10-19 111323_p1_none.npy
10_19_data,2019-10-19 111323.JPG,2,none,10_19_data\patch\2019-10-19 111323_p2_none.npy
10_19_data,2019-10-19 111323.JPG,3,none,10_19_data\patch\2019-10-19 111323_p3_none.npy
10_19_data,2019-10-19 111323.JPG,4,none,10_19_data\patch\2019-10-19 111323_p4_none.npy
10_19_data,2019-10-19 111323.JPG,5,none,10_19_data\patch\2019-10-19 111323_p5_none.npy
10_19_data,2019-10-19 111323.JPG,6,none,10_19_data\patch\2019-10-19 111323_p6_none.npy
10_19_data,2019-10-19 111323.JPG,7,none,10_19_data\patch\2019-10-19 111323_p7_none.npy
10_19_data,2019-10-19 111323.JPG,8,none,10_19_data\patch\2019-10-19 111323_p8_none.npy
10_19_data,2019-10-19 111323.JPG,9,none,10_19_data\patch\2019-10-19 111323_p9_none.npy
10_19_data,2019-10-19 111323.JPG,10,none,10_19_data\patch\2019-10-19 111323_p10_none.npy
10_19_data,2019-10-19 111323.JPG,11,none,10_19_data\patch\2019-10-19 111323_p11_none.npy
10_19_data,2019-10-19 111323.JPG,12,none,10_19_data\patch\2019-10-19 111323_p12_none.npy
10_19_data,2019-10-19 111323.JPG,13,none,10_19_data\patch\2019-10-19 111323_p13_none.npy
10_19_data,2019-10-19 111323.JPG,14,none,10_19_data\patch\2019-10-19 111323_p14_none.npy
10_19_data,2019-10-19 111323.JPG,15,none,10_19_data\patch\2019-10-19 111323_p15_none.npy
10_19_data,2019-10-19 111323.JPG,16,none,10_19_data\patch\2019-10-19 111323_p16_none.npy
10_19_data,2019-10-19 111323.JPG,17,none,10_19_data\patch\2019-10-19 111323_p17_none.npy
10_19_data,2019-10-19 111323.JPG,18,none,10_19_data\patch\2019-10-19 111323_p18_none.npy
10_19_data,2019-10-19 111323.JPG,19,none,10_19_data\patch\2019-10-19 111323_p19_none.npy
10_19_data,2019-10-19 111323.JPG,20,none,10_19_data\patch\2019-10-19 111323_p20_none.npy
10_19_data,2019-10-19 111323.JPG,21,none,10_19_data\patch\2019-10-19 111323_p21_none.npy
10_19_data,2019-10-19 111323.JPG,22,none,10_19_data\patch\2019-10-19 111323_p22_none.npy
10_19_data,2019-10-19 111323.JPG,23,none,10_19_data\patch\2019-10-19 111323_p23_none.npy
10_19_data,2019-10-19 111323.JPG,24,none,10_19_data\patch\2019-10-19 111323_p24_none.npy
10_19_data,2019-10-19 111323.JPG,25,none,10_19_data\patch\2019-10-19 111323_p25_none.npy
10_19_data,2019-10-19 111323.JPG,26,none,10_19_data\patch\2019-10-19 111323_p26_none.npy
10_19_data,2019-10-19 111323.JPG,27,none,10_19_data\patch\2019-10-19 111323_p27_none.npy
10_19_data,2019-10-19 111323.JPG,28,none,10_19_data\patch\2019-10-19 111323_p28_none.npy
10_19_data,2019-10-19 111323.JPG,29,none,10_19_data\patch\2019-10-19 111323_p29_none.npy
10_19_data,2019-10-19 111323.JPG,30,none,10_19_data\patch\2019-10-19 111323_p30_none.npy
10_19_data,2019-10-19 111323.JPG,31,none,10_19_data\patch\2019-10-19 111323_p31_none.npy
10_19_data,2019-10-19 111323.JPG,32,none,10_19_data\patch\2019-10-19 111323_p32_none.npy
10_19_data,2019-10-19 111323.JPG,33,none,10_19_data\patch\2019-10-19 111323_p33_none.npy
10_19_data,2019-10-19 111323.JPG,34,none,10_19_data\patch\2019-10-19 111323_p34_none.npy
10_19_data,2019-10-19 111323.JPG,35,none,10_19_data\patch\2019-10-19 111323_p35_none.npy
10_19_data,2019-10-19 111323.JPG,36,none,10_19_data\patch\2019-10-19 111323_p36_none.npy
10_19_data,2019-10-19 111323.JPG,37,none,10_19_data\patch\2019-10-19 111323_p37_none.npy
10_19_data,2019-10-19 111323.JPG,38,none,10_19_data\patch\2019-10-19 111323_p38_none.npy
10_19_data,2019-10-19 111323.JPG,39,none,10_19_data\patch\2019-10-19 111323_p39_none.npy
10_19_data,2019-10-19 111323.JPG,40,none,10_19_data\patch\2019-10-19 111323_p40_none.npy
10_19_data,2019-10-19 111323.JPG,41,none,10_19_data\patch\2019-10-19 111323_p41_none.npy
10_19_data,2019-10-19 111323.JPG,42,none,10_19_data\patch\2019-10-19 111323_p42_none.npy
10_19_data,2019-10-19 111323.JPG,43,none,10_19_data\patch\2019-10-19 111323_p43_none.npy
10_19_data,2019-10-19 111323.JPG,44,none,10_19_data\patch\2019-10-19 111323_p44_none.npy
10_19_data,2019-10-19 111323.JPG,45,none,10_19_data\patch\2019-10-19 111323_p45_none.npy
10_19_data,2019-10-19 111323.JPG,46,none,10_19_data\patch\2019-10-19 111323_p46_none.npy
10_19_data,2019-10-19 111323.JPG,47,none,10_19_data\patch\2019-10-19 111323_p47_none.npy
10_19_data,2019-10-19 111323.JPG,48,none,10_19_data\patch\2019-10-19 111323_p48_none.npy
10_19_data,2019-10-19 111323.JPG,49,none,10_19_data\patch\2019-10-19 111323_p49_none.npy
10_19_data,2019-10-19 111424.JPG,0,none,10_19_data\patch\2019-10-19 111424_p0_none.npy
10_19_data,2019-10-19 111424.JPG,1,none,10_19_data\patch\2019-10-19 111424_p1_none.npy
10_19_data,2019-10-19 111424.JPG,2,none,10_19_data\patch\2019-10-19 111424_p2_none.npy
10_19_data,2019-10-19 111424.JPG,3,none,10_19_data\patch\2019-10-19 111424_p3_none.npy
10_19_data,2019-10-19 111424.JPG,4,none,10_19_data\patch\2019-10-19 111424_p4_none.npy
10_19_data,2019-10-19 111424.JPG,5,none,10_19_data\patch\2019-10-19 111424_p5_none.npy
10_19_data,2019-10-19 111424.JPG,6,none,10_19_data\patch\2019-10-19 111424_p6_none.npy
10_19_data,2019-10-19 111424.JPG,7,none,10_19_data\patch\2019-10-19 111424_p7_none.npy
10_19_data,2019-10-19 111424.JPG,8,none,10_19_data\patch\2019-10-19 111424_p8_none.npy
10_19_data,2019-10-19 111424.JPG,9,none,10_19_data\patch\2019-10-19 111424_p9_none.npy
10_19_data,2019-10-19 111424.JPG,10,none,10_19_data\patch\2019-10-19 111424_p10_none.npy
10_19_data,2019-10-19 111424.JPG,11,none,10_19_data\patch\2019-10-19 111424_p11_none.npy
10_19_data,2019-10-19 111424.JPG,12,none,10_19_data\patch\2019-10-19 111424_p12_none.npy
10_19_data,2019-10-19 111424.JPG,13,none,10_19_data\patch\2019-10-19 111424_p13_none.npy
10_19_data,2019-10-19 111424.JPG,14,none,10_19_data\patch\2019-10-19 111424_p14_none.npy
10_19_data,2019-10-19 111424.JPG,15,none,10_19_data\patch\2019-10-19 111424_p15_none.npy
10_19_data,2019-10-19 111424.JPG,16,none,10_19_data\patch\2019-10-19 111424_p16_none.npy
10_19_data,2019-10-19 111424.JPG,17,none,10_19_data\patch\2019-10-19 111424_p17_none.npy
10_19_data,2019-10-19 111424.JPG,18,none,10_19_data\patch\2019-10-19 111424_p18_none.npy
10_19_data,2019-10-19 111424.JPG,19,none,10_19_data\patch\2019-10-19 111424_p19_none.npy
10_19_data,2019-10-19 111424.JPG,20,none,10_19_data\patch\2019-10-19 111424_p20_none.npy
10_19_data,2019-10-19 111424.JPG,21,none,10_19_data\patch\2019-10-19 111424_p21_none.npy
10_19_data,2019-10-19 111424.JPG,22,none,10_19_data\patch\2019-10-19 111424_p22_none.npy
10_19_data,2019-10-19 111424.JPG,23,none,10_19_data\patch\2019-10-19 111424_p23_none.npy
10_19_data,2019-10-19 111424.JPG,24,none,10_19_data\patch\2019-10-19 111424_p24_none.npy
10_19_data,2019-10-19 111424.JPG,25,none,10_19_data\patch\2019-10-19 111424_p25_none.npy
10_19_data,2019-10-19 111424.JPG,26,none,10_19_data\patch\2019-10-19 111424_p26_none.npy
10_19_data,2019-10-19 111424.JPG,27,none,10_19_data\patch\2019-10-19 111424_p27_none.npy
10_19_data,2019-10-19 111424.JPG,28,none,10_19_data\patch\2019-10-19 111424_p28_none.npy
10_19_data,2019-10-19 111424.JPG,29,none,10_19_data\patch\2019-10-19 111424_p29_none.npy
10_19_data,2019-10-19 111424.JPG,30,none,10_19_data\patch\2019-10-19 111424_p30_none.npy
10_19_data,2019-10-19 111424.JPG,31,none,10_19_data\patch\2019-10-19 111424_p31_none.npy
10_19_data,2019-10-19 111424.JPG,32,none,10_19_data\patch\2019-10-19 111424_p32_none.npy
10_19_data,2019-10-19 111424.JPG,33,none,10_19_data\patch\2019-10-19 111424_p33_none.npy
10_19_data,2019-10-19 111424.JPG,34,none,10_19_data\patch\2019-10-19 111424_p34_none.npy
10_19_data,2019-10-19 111424.JPG,35,none,10_19_data\patch\2019-10-19 111424_p35_none.npy
10_19_data,2019-10-19 111424.JPG,36,none,10_19_data\patch\2019-10-19 111424_p36_none.npy
10_19_data,2019-10-19 111424.JPG,37,none,10_19_data\patch\2019-10-19 111424_p37_none.npy
10_19_data,2019-10-19 111424.JPG,38,none,10_19_data\patch\2019-10-19 111424_p38_none.npy
10_19_data,2019-10-19 111424.JPG,39,none,10_19_data\patch\2019-10-19 111424_p39_none.npy
10_19_data,2019-10-19 111424.JPG,40,none,10_19_data\patch\2019-10-19 111424_p40_none.npy
10_19_data,2019-10-19 111424.JPG,41,none,10_19_data\patch\2019-10-19 111424_p41_none.npy
10_19_data,2019-10-19 111424.JPG,42,none,10_19_data\patch\2019-10-19 111424_p42_none.npy
10_19_data,2019-10-19 111424.JPG,43,none,10_19_data\patch\2019-10-19 111424_p43_none.npy
10_19_data,2019-10-19 111424.JPG,44,none,10_19_data\patch\2019-10-19 111424_p44_none.npy
10_19_data,2019-10-19 111424.JPG,45,none,10_19_data\patch\2019-10-19 111424_p45_none.npy
10_19_data,2019-10-19 111424.JPG,46,none,10_19_data\patch\2019-10-19 111424_p46_none.npy
10_19_data,2019-10-19 111424.JPG,47,none,10_19_data\patch\2019-10-19 111424_p47_none.npy
10_19_data,2019-10-19 111424.JPG,48,none,10_19_data\patch\2019-10-19 111424_p48_none.npy
10_19_data,2019-10-19 111424.JPG,49,none,10_19_data\patch\2019-10-19 111424_p49_none.npy
10_19_data,2019-10-19 111435.JPG,0,none,10_19_data\patch\2019-10-19 111435_p0_none.npy
10_19_data,2019-10-19 111435.JPG,1,none,10_19_data\patch\2019-10-19 111435_p1_none.npy
10_19_data,2019-10-19 111435.JPG,2,none,10_19_data\patch\2019-10-19 111435_p2_none.npy
10_19_data,2019-10-19 111435.JPG,3,none,10_19_data\patch\2019-10-19 111435_p3_none.npy
10_19_data,2019-10-19 111435.JPG,4,none,10_19_data\patch\2019-10-19 111435_p4_none.npy
10_19_data,2019-10-19 111435.JPG,5,none,10_19_data\patch\2019-10-19 111435_p5_none.npy
10_19_data,2019-10-19 111435.JPG,6,none,10_19_data\patch\2019-10-19 111435_p6_none.npy
10_19_data,2019-10-19 111435.JPG,7,none,10_19_data\patch\2019-10-19 111435_p7_none.npy
10_19_data,2019-10-19 111435.JPG,8,none,10_19_data\patch\2019-10-19 111435_p8_none.npy
10_19_data,2019-10-19 111435.JPG,9,none,10_19_data\patch\2019-10-19 111435_p9_none.npy
10_19_data,2019-10-19 111435.JPG,10,none,10_19_data\patch\2019-10-19 111435_p10_none.npy
10_19_data,2019-10-19 111435.JPG,11,none,10_19_data\patch\2019-10-19 111435_p11_none.npy
10_19_data,2019-10-19 111435.JPG,12,none,10_19_data\patch\2019-10-19 111435_p12_none.npy
10_19_data,2019-10-19 111435.JPG,13,none,10_19_data\patch\2019-10-19 111435_p13_none.npy
10_19_data,2019-10-19 111435.JPG,14,none,10_19_data\patch\2019-10-19 111435_p14_none.npy
10_19_data,2019-10-19 111435.JPG,15,none,10_19_data\patch\2019-10-19 111435_p15_none.npy
10_19_data,2019-10-19 111435.JPG,16,none,10_19_data\patch\2019-10-19 111435_p16_none.npy
10_19_data,2019-10-19 111435.JPG,17,none,10_19_data\patch\2019-10-19 111435_p17_none.npy
10_19_data,2019-10-19 111435.JPG,18,none,10_19_data\patch\2019-10-19 111435_p18_none.npy
10_19_data,2019-10-19 111435.JPG,19,none,10_19_data\patch\2019-10-19 111435_p19_none.npy
10_19_data,2019-10-19 111435.JPG,20,none,10_19_data\patch\2019-10-19 111435_p20_none.npy
10_19_data,2019-10-19 111435.JPG,21,none,10_19_data\patch\2019-10-19 111435_p21_none.npy
10_19_data,2019-10-19 111435.JPG,22,none,10_19_data\patch\2019-10-19 111435_p22_none.npy
10_19_data,2019-10-19 111435.JPG,23,none,10_19_data\patch\2019-10-19 111435_p23_none.npy
10_19_data,2019-10-19 111435.JPG,24,none,10_19_data\patch\2019-10-19 111435_p24_none.npy
10_19_data,2019-10-19 111435.JPG,25,none,10_19_data\patch\2019-10-19 111435_p25_none.npy
10_19_data,2019-10-19 111435.JPG,26,none,10_19_data\patch\2019-10-19 111435_p26_none.npy
10_19_data,2019-10-19 111435.JPG,27,none,10_19_data\patch\2019-10-19 111435_p27_none.npy
10_19_data,2019-10-19 111435.JPG,28,none,10_19_data\patch\2019-10-19 111435_p28_none.npy
10_19_data,2019-10-19 111435.JPG,29,none,10_19_data\patch\2019-10-19 111435_p29_none.npy
10_19_data,2019-10-19 111435.JPG,30,none,10_19_data\patch\2019-10-19 111435_p30_none.npy
10_19_data,2019-10-19 111435.JPG,31,none,10_19_data\patch\2019-10-19 111435_p31_none.npy
10_19_data,2019-10-19 111435.JPG,32,none,10_19_data\patch\2019-10-19 111435_p32_none.npy
10_19_data,2019-10-19 111435.JPG,33,none,10_19_data\patch\2019-10-19 111435_p33_none.npy
10_19_data,2019-10-19 111435.JPG,34,none,10_19_data\patch\2019-10-19 111435_p34_none.npy
10_19_data,2019-10-19 111435.JPG,35,none,10_19_data\patch\2019-10-19 111435_p35_none.npy
10_19_data,2019-10-19 111435.JPG,36,none,10_19_data\patch\2019-10-19 111435_p36_none.npy
10_19_data,2019-10-19 111435.JPG,37,none,10_19_data\patch\2019-10-19 111435_p37_none.npy
10_19_data,2019-10-19 111435.JPG,38,none,10_19_data\patch\2019-10-19 111435_p38_none.npy
10_19_data,2019-10-19 111435.JPG,39,none,10_19_data\patch\2019-10-19 111435_p39_none.npy
10_19_data,2019-10-19 111435.JPG,40,none,10_19_data\patch\2019-10-19 111435_p40_none.npy
10_19_data,2019-10-19 111435.JPG,41,none,10_19_data\patch\2019-10-19 111435_p41_none.npy
10_19_data,2019-10-19 111435.JPG,42,none,10_19_data\patch\2019-10-19 111435_p42_none.npy
10_19_data,2019-10-19 111435.JPG,43,none,10_19_data\patch\2019-10-19 111435_p43_none.npy
10_19_data,2019-10-19 111435.JPG,44,none,10_19_data\patch\2019-10-19 111435_p44_none.npy
10_19_data,2019-10-19 111435.JPG,45,none,10_19_data\patch\2019-10-19 111435_p45_none.npy
10_19_data,2019-10-19 111435.JPG,46,none,10_19_data\patch\2019-10-19 111435_p46_none.npy
10_19_data,2019-10-19 111435.JPG,47,none,10_19_data\patch\2019-10-19 111435_p47_none.npy
10_19_data,2019-10-19 111435.JPG,48,none,10_19_data\patch\2019-10-19 111435_p48_none.npy
10_19_data,2019-10-19 111435.JPG,49,none,10_19_data\patch\2019-10-19 111435_p49_none.npy
10_19_data,2019-10-19 115923.jpg,0,none,10_19_data\patch\2019-10-19 115923_p0_none.npy
10_19_data,2019-10-19 115923.jpg,1,none,10_19_data\patch\2019-10-19 115923_p1_none.npy
10_19_data,2019-10-19 115923.jpg,2,none,10_19_data\patch\2019-10-19 115923_p2_none.npy
10_19_data,2019-10-19 115923.jpg,3,none,10_19_data\patch\2019-10-19 115923_p3_none.npy
10_19_data,2019-10-19 115923.jpg,4,none,10_19_data\patch\2019-10-19 115923_p4_none.npy
10_19_data,2019-10-19 115923.jpg,5,none,10_19_data\patch\2019-10-19 115923_p5_none.npy
10_19_data,2019-10-19 115923.jpg,6,none,10_19_data\patch\2019-10-19 115923_p6_none.npy
10_19_data,2019-10-19 115923.jpg,7,none,10_19_data\patch\2019-10-19 115923_p7_none.npy
10_19_data,2019-10-19 115923.jpg,8,none,10_19_data\patch\2019-10-19 115923_p8_none.npy
10_19_data,2019-10-19 115923.jpg,9,none,10_19_data\patch\2019-10-19 115923_p9_none.npy
10_19_data,2019-10-19 115923.jpg,10,none,10_19_data\patch\2019-10-19 115923_p10_none.npy
10_19_data,2019-10-19 115923.jpg,11,none,10_19_data\patch\2019-10-19 115923_p11_none.npy
10_19_data,2019-10-19 115923.jpg,12,none,10_19_data\patch\2019-10-19 115923_p12_none.npy
10_19_data,2019-10-19 115923.jpg,13,none,10_19_data\patch\2019-10-19 115923_p13_none.npy
10_19_data,2019-10-19 115923.jpg,14,none,10_19_data\patch\2019-10-19 115923_p14_none.npy
10_19_data,2019-10-19 115923.jpg,15,none,10_19_data\patch\2019-10-19 115923_p15_none.npy
10_19_data,2019-10-19 115923.jpg,16,none,10_19_data\patch\2019-10-19 115923_p16_none.npy
10_19_data,2019-10-19 115923.jpg,17,none,10_19_data\patch\2019-10-19 115923_p17_none.npy
10_19_data,2019-10-19 115923.jpg,18,none,10_19_data\patch\2019-10-19 115923_p18_none.npy
10_19_data,2019-10-19 115923.jpg,19,none,10_19_data\patch\2019-10-19 115923_p19_none.npy
10_19_data,2019-10-19 115923.jpg,20,none,10_19_data\patch\2019-10-19 115923_p20_none.npy
10_19_data,2019-10-19 115923.jpg,21,none,10_19_data\patch\2019-10-19 115923_p21_none.npy
10_19_data,2019-10-19 115923.jpg,22,none,10_19_data\patch\2019-10-19 115923_p22_none.npy
10_19_data,2019-10-19 115923.jpg,23,none,10_19_data\patch\2019-10-19 115923_p23_none.npy
10_19_data,2019-10-19 115923.jpg,24,none,10_19_data\patch\2019-10-19 115923_p24_none.npy
10_19_data,2019-10-19 115923.jpg,25,none,10_19_data\patch\2019-10-19 115923_p25_none.npy
10_19_data,2019-10-19 115923.jpg,26,none,10_19_data\patch\2019-10-19 115923_p26_none.npy
10_19_data,2019-10-19 115923.jpg,27,none,10_19_data\patch\2019-10-19 115923_p27_none.npy
10_19_data,2019-10-19 115923.jpg,28,none,10_19_data\patch\2019-10-19 115923_p28_none.npy
10_19_data,2019-10-19 115923.jpg,29,none,10_19_data\patch\2019-10-19 115923_p29_none.npy
10_19_data,2019-10-19 115923.jpg,30,none,10_19_data\patch\2019-10-19 115923_p30_none.npy
10_19_data,2019-10-19 115923.jpg,31,none,10_19_data\patch\2019-10-19 115923_p31_none.npy
10_19_data,2019-10-19 115923.jpg,32,none,10_19_data\patch\2019-10-19 115923_p32_none.npy
10_19_data,2019-10-19 115923.jpg,33,none,10_19_data\patch\2019-10-19 115923_p33_none.npy
10_19_data,2019-10-19 115923.jpg,34,none,10_19_data\patch\2019-10-19 115923_p34_none.npy
10_19_data,2019-10-19 115923.jpg,35,none,10_19_data\patch\2019-10-19 115923_p35_none.npy
10_19_data,2019-10-19 115923.jpg,36,none,10_19_data\patch\2019-10-19 115923_p36_none.npy
10_19_data,2019-10-19 115923.jpg,37,none,10_19_data\patch\2019-10-19 115923_p37_none.npy
10_19_data,2019-10-19 115923.jpg,38,none,10_19_data\patch\2019-10-19 115923_p38_none.npy
10_19_data,2019-10-19 115923.jpg,39,none,10_19_data\patch\2019-10-19 115923_p39_none.npy
10_19_data,2019-10-19 115923.jpg,40,none,10_19_data\patch\2019-10-19 115923_p40_none.npy
10_19_data,2019-10-19 115923.jpg,41,none,10_19_data\patch\2019-10-19 115923_p41_none.npy
10_19_data,2019-10-19 115923.jpg,42,none,10_19_data\patch\2019-10-19 115923_p42_none.npy
10_19_data,2019-10-19 115923.jpg,43,none,10_19_data\patch\2019-10-19 115923_p43_none.npy
10_19_data,2019-10-19 115923.jpg,44,none,10_19_data\patch\2019-10-19 115923_p44_none.npy
10_19_data,2019-10-19 115923.jpg,45,none,10_19_data\patch\2019-10-19 115923_p45_none.npy
10_19_data,2019-10-19 115923.jpg,46,none,10_19_data\patch\2019-10-19 115923_p46_none.npy
10_19_data,2019-10-19 115923.jpg,47,none,10_19_data\patch\2019-10-19 115923_p47_none.npy
10_19_data,2019-10-19 115923.jpg,48,none,10_19_data\patch\2019-10-19 115923_p48_none.npy
10_19_data,2019-10-19 115923.jpg,49,none,10_19_data\patch\2019-10-19 115923_p49_none.npy
10_19_data,2019-10-19 115930.jpg,0,none,10_19_data\patch\2019-10-19 115930_p0_none.npy
10_19_data,2019-10-19 115930.jpg,1,none,10_19_data\patch\2019-10-19 115930_p1_none.npy
10_19_data,2019-10-19 115930.jpg,2,none,10_19_data\patch\2019-10-19 115930_p2_none.npy
10_19_data,2019-10-19 115930.jpg,3,none,10_19_data\patch\2019-10-19 115930_p3_none.npy
10_19_data,2019-10-19 115930.jpg,4,none,10_19_data\patch\2019-10-19 115930_p4_none.npy
10_19_data,2019-10-19 115930.jpg,5,none,10_19_data\patch\2019-10-19 115930_p5_none.npy
10_19_data,2019-10-19 115930.jpg,6,none,10_19_data\patch\2019-10-19 115930_p6_none.npy
10_19_data,2019-10-19 115930.jpg,7,none,10_19_data\patch\2019-10-19 115930_p7_none.npy
10_19_data,2019-10-19 115930.jpg,8,none,10_19_data\patch\2019-10-19 115930_p8_none.npy
10_19_data,2019-10-19 115930.jpg,9,none,10_19_data\patch\2019-10-19 115930_p9_none.npy
10_19_data,2019-10-19 115930.jpg,10,none,10_19_data\patch\2019-10-19 115930_p10_none.npy
10_19_data,2019-10-19 115930.jpg,11,none,10_19_data\patch\2019-10-19 115930_p11_none.npy
10_19_data,2019-10-19 115930.jpg,12,none,10_19_data\patch\2019-10-19 115930_p12_none.npy
10_19_data,2019-10-19 115930.jpg,13,none,10_19_data\patch\2019-10-19 115930_p13_none.npy
10_19_data,2019-10-19 115930.jpg,14,none,10_19_data\patch\2019-10-19 115930_p14_none.npy
10_19_data,2019-10-19 115930.jpg,15,none,10_19_data\patch\2019-10-19 115930_p15_none.npy
10_19_data,2019-10-19 115930.jpg,16,none,10_19_data\patch\2019-10-19 115930_p16_none.npy
10_19_data,2019-10-19 115930.jpg,17,none,10_19_data\patch\2019-10-19 115930_p17_none.npy
10_19_data,2019-10-19 115930.jpg,18,none,10_19_data\patch\2019-10-19 115930_p18_none.npy
10_19_data,2019-10-19 115930.jpg,19,none,10_19_data\patch\2019-10-19 115930_p19_none.npy
10_19_data,2019-10-19 115930.jpg,20,none,10_19_data\patch\2019-10-19 115930_p20_none.npy
10_19_data,2019-10-19 115930.jpg,21,none,10_19_data\patch\2019-10-19 115930_p21_none.npy
10_19_data,2019-10-19 115930.jpg,22,none,10_19_data\patch\2019-10-19 115930_p22_none.npy
10_19_data,2019-10-19 115930.jpg,23,none,10_19_data\patch\2019-10-19 115930_p23_none.npy
10_19_data,2019-10-19 115930.jpg,24,none,10_19_data\patch\2019-10-19 115930_p24_none.npy
10_19_data,2019-10-19 115930.jpg,25,none,10_19_data\patch\2019-10-19 115930_p25_none.npy
10_19_data,2019-10-19 115930.jpg,26,none,10_19_data\patch\2019-10-19 115930_p26_none.npy
10_19_data,2019-10-19 115930.jpg,27,none,10_19_data\patch\2019-10-19 115930_p27_none.npy
10_19_data,2019-10-19 115930.jpg,28,none,10_19_data\patch\2019-10-19 115930_p28_none.npy
10_19_data,2019-10-19 115930.jpg,29,none,10_19_data\patch\2019-10-19 115930_p29_none.npy
10_19_data,2019-10-19 115930.jpg,30,none,10_19_data\patch\2019-10-19 115930_p30_none.npy
10_19_data,2019-10-19 115930.jpg,31,none,10_19_data\patch\2019-10-19 115930_p31_none.npy
10_19_data,2019-10-19 115930.jpg,32,none,10_19_data\patch\2019-10-19 115930_p32_none.npy
10_19_data,2019-10-19 115930.jpg,33,none,10_19_data\patch\2019-10-19 115930_p33_none.npy
10_19_data,2019-10-19 115930.jpg,34,none,10_19_data\patch\2019-10-19 115930_p34_none.npy
10_19_data,2019-10-19 115930.jpg,35,none,10_19_data\patch\2019-10-19 115930_p35_none.npy
10_19_data,2019-10-19 115930.jpg,36,none,10_19_data\patch\2019-10-19 115930_p36_none.npy
10_19_data,2019-10-19 115930.jpg,37,none,10_19_data\patch\2019-10-19 115930_p37_none.npy
10_19_data,2019-10-19 115930.jpg,38,none,10_19_data\patch\2019-10-19 115930_p38_none.npy
10_19_data,2019-10-19 115930.jpg,39,none,10_19_data\patch\2019-10-19 115930_p39_none.npy
10_19_data,2019-10-19 115930.jpg,40,none,10_19_data\patch\2019-10-19 115930_p40_none.npy
10_19_data,2019-10-19 115930.jpg,41,none,10_19_data\patch\2019-10-19 115930_p41_none.npy
10_19_data,2019-10-19 115930.jpg,42,none,10_19_data\patch\2019-10-19 115930_p42_none.npy
10_19_data,2019-10-19 115930.jpg,43,none,10_19_data\patch\2019-10-19 115930_p43_none.npy
10_19_data,2019-10-19 115930.jpg,44,none,10_19_data\patch\2019-10-19 115930_p44_none.npy
10_19_data,2019-10-19 115930.jpg,45,none,10_19_data\patch\2019-10-19 115930_p45_none.npy
10_19_data,2019-10-19 115930.jpg,46,none,10_19_data\patch\2019-10-19 115930_p46_none.npy
10_19_data,2019-10-19 115930.jpg,47,none,10_19_data\patch\2019-10-19 115930_p47_none.npy
10_19_data,2019-10-19 115930.jpg,48,none,10_19_data\patch\2019-10-19 115930_p48_none.npy
10_19_data,2019-10-19 115930.jpg,49,none,10_19_data\patch\2019-10-19 115930_p49_none.npy
10_19_data,2019-10-19 115933.jpg,0,none,10_19_data\patch\2019-10-19 115933_p0_none.npy
10_19_data,2019-10-19 115933.jpg,1,none,10_19_data\patch\2019-10-19 115933_p1_none.npy
10_19_data,2019-10-19 115933.jpg,2,none,10_19_data\patch\2019-10-19 115933_p2_none.npy
10_19_data,2019-10-19 115933.jpg,3,none,10_19_data\patch\2019-10-19 115933_p3_none.npy
10_19_data,2019-10-19 115933.jpg,4,none,10_19_data\patch\2019-10-19 115933_p4_none.npy
10_19_data,2019-10-19 115933.jpg,5,none,10_19_data\patch\2019-10-19 115933_p5_none.npy
10_19_data,2019-10-19 115933.jpg,6,none,10_19_data\patch\2019-10-19 115933_p6_none.npy
10_19_data,2019-10-19 115933.jpg,7,none,10_19_data\patch\2019-10-19 115933_p7_none.npy
10_19_data,2019-10-19 115933.jpg,8,none,10_19_data\patch\2019-10-19 115933_p8_none.npy
10_19_data,2019-10-19 115933.jpg,9,none,10_19_data\patch\2019-10-19 115933_p9_none.npy
10_19_data,2019-10-19 115933.jpg,10,none,10_19_data\patch\2019-10-19 115933_p10_none.npy
10_19_data,2019-10-19 115933.jpg,11,none,10_19_data\patch\2019-10-19 115933_p11_none.npy
10_19_data,2019-10-19 115933.jpg,12,none,10_19_data\patch\2019-10-19 115933_p12_none.npy
10_19_data,2019-10-19 115933.jpg,13,none,10_19_data\patch\2019-10-19 115933_p13_none.npy
10_19_data,2019-10-19 115933.jpg,14,none,10_19_data\patch\2019-10-19 115933_p14_none.npy
10_19_data,2019-10-19 115933.jpg,15,none,10_19_data\patch\2019-10-19 115933_p15_none.npy
10_19_data,2019-10-19 115933.jpg,16,none,10_19_data\patch\2019-10-19 115933_p16_none.npy
10_19_data,2019-10-19 115933.jpg,17,none,10_19_data\patch\2019-10-19 115933_p17_none.npy
10_19_data,2019-10-19 115933.jpg,18,none,10_19_data\patch\2019-10-19 115933_p18_none.npy
10_19_data,2019-10-19 115933.jpg,19,none,10_19_data\patch\2019-10-19 115933_p19_none.npy
10_19_data,2019-10-19 115933.jpg,20,none,10_19_data\patch\2019-10-19 115933_p20_none.npy
10_19_data,2019-10-19 115933.jpg,21,none,10_19_data\patch\2019-10-19 115933_p21_none.npy
10_19_data,2019-10-19 115933.jpg,22,none,10_19_data\patch\2019-10-19 115933_p22_none.npy
10_19_data,2019-10-19 115933.jpg,23,none,10_19_data\patch\2019-10-19 115933_p23_none.npy
10_19_data,2019-10-19 115933.jpg,24,none,10_19_data\patch\2019-10-19 115933_p24_none.npy
10_19_data,2019-10-19 115933.jpg,25,none,10_19_data\patch\2019-10-19 115933_p25_none.npy
10_19_data,2019-10-19 115933.jpg,26,none,10_19_data\patch\2019-10-19 115933_p26_none.npy
10_19_data,2019-10-19 115933.jpg,27,none,10_19_data\patch\2019-10-19 115933_p27_none.npy
10_19_data,2019-10-19 115933.jpg,28,none,10_19_data\patch\2019-10-19 115933_p28_none.npy
10_19_data,2019-10-19 115933.jpg,29,none,10_19_data\patch\2019-10-19 115933_p29_none.npy
10_19_data,2019-10-19 115933.jpg,30,none,10_19_data\patch\2019-10-19 115933_p30_none.npy
10_19_data,2019-10-19 115933.jpg,31,none,10_19_data\patch\2019-10-19 115933_p31_none.npy
10_19_data,2019-10-19 115933.jpg,32,none,10_19_data\patch\2019-10-19 115933_p32_none.npy
10_19_data,2019-10-19 115933.jpg,33,none,10_19_data\patch\2019-10-19 115933_p33_none.npy
10_19_data,2019-10-19 115933.jpg,34,none,10_19_data\patch\2019-10-19 115933_p34_none.npy
10_19_data,2019-10-19 115933.jpg,35,none,10_19_data\patch\2019-10-19 115933_p35_none.npy
10_19_data,2019-10-19 115933.jpg,36,none,10_19_data\patch\2019-10-19 115933_p36_none.npy
10_19_data,2019-10-19 115933.jpg,37,none,10_19_data\patch\2019-10-19 115933_p37_none.npy
10_19_data,2019-10-19 115933.jpg,38,none,10_19_data\patch\2019-10-19 115933_p38_none.npy
10_19_data,2019-10-19 115933.jpg,39,none,10_19_data\patch\2019-10-19 115933_p39_none.npy
10_19_data,2019-10-19 115933.jpg,40,none,10_19_data\patch\2019-10-19 115933_p40_none.npy
10_19_data,2019-10-19 115933.jpg,41,none,10_19_data\patch\2019-10-19 115933_p41_none.npy
10_19_data,2019-10-19 115933.jpg,42,none,10_19_data\patch\2019-10-19 115933_p42_none.npy
10_19_data,2019-10-19 115933.jpg,43,none,10_19_data\patch\2019-10-19 115933_p43_none.npy
10_19_data,2019-10-19 115933.jpg,44,none,10_19_data\patch\2019-10-19 115933_p44_none.npy
10_19_data,2019-10-19 115933.jpg,45,none,10_19_data\patch\2019-10-19 115933_p45_none.npy
10_19_data,2019-10-19 115933.jpg,46,none,10_19_data\patch\2019-10-19 115933_p46_none.npy
10_19_data,2019-10-19 115933.jpg,47,none,10_19_data\patch\2019-10-19 115933_p47_none.npy
10_19_data,2019-10-19 115933.jpg,48,none,10_19_data\patch\2019-10-19 115933_p48_none.npy
10_19_data,2019-10-19 115933.jpg,49,none,10_19_data\patch\2019-10-19 115933_p49_none.npy
10_19_data,2019-10-19 115942.JPG,0,none,10_19_data\patch\2019-10-19 115942_p0_none.npy
10_19_data,2019-10-19 115942.JPG,1,none,10_19_data\patch\2019-10-19 115942_p1_none.npy
10_19_data,2019-10-19 115942.JPG,2,none,10_19_data\patch\2019-10-19 115942_p2_none.npy
10_19_data,2019-10-19 115942.JPG,3,none,10_19_data\patch\2019-10-19 115942_p3_none.npy
10_19_data,2019-10-19 115942.JPG,4,none,10_19_data\patch\2019-10-19 115942_p4_none.npy
10_19_data,2019-10-19 115942.JPG,5,none,10_19_data\patch\2019-10-19 115942_p5_none.npy
10_19_data,2019-10-19 115942.JPG,6,none,10_19_data\patch\2019-10-19 115942_p6_none.npy
10_19_data,2019-10-19 115942.JPG,7,none,10_19_data\patch\2019-10-19 115942_p7_none.npy
10_19_data,2019-10-19 115942.JPG,8,none,10_19_data\patch\2019-10-19 115942_p8_none.npy
10_19_data,2019-10-19 115942.JPG,9,none,10_19_data\patch\2019-10-19 115942_p9_none.npy
10_19_data,2019-10-19 115942.JPG,10,none,10_19_data\patch\2019-10-19 115942_p10_none.npy
10_19_data,2019-10-19 115942.JPG,11,none,10_19_data\patch\2019-10-19 115942_p11_none.npy
10_19_data,2019-10-19 115942.JPG,12,none,10_19_data\patch\2019-10-19 115942_p12_none.npy
10_19_data,2019-10-19 115942.JPG,13,none,10_19_data\patch\2019-10-19 115942_p13_none.npy
10_19_data,2019-10-19 115942.JPG,14,none,10_19_data\patch\2019-10-19 115942_p14_none.npy
10_19_data,2019-10-19 115942.JPG,15,none,10_19_data\patch\2019-10-19 115942_p15_none.npy
10_19_data,2019-10-19 115942.JPG,16,none,10_19_data\patch\2019-10-19 115942_p16_none.npy
10_19_data,2019-10-19 115942.JPG,17,none,10_19_data\patch\2019-10-19 115942_p17_none.npy
10_19_data,2019-10-19 115942.JPG,18,none,10_19_data\patch\2019-10-19 115942_p18_none.npy
10_19_data,2019-10-19 115942.JPG,19,none,10_19_data\patch\2019-10-19 115942_p19_none.npy
10_19_data,2019-10-19 115942.JPG,20,none,10_19_data\patch\2019-10-19 115942_p20_none.npy
10_19_data,2019-10-19 115942.JPG,21,none,10_19_data\patch\2019-10-19 115942_p21_none.npy
10_19_data,2019-10-19 115942.JPG,22,none,10_19_data\patch\2019-10-19 115942_p22_none.npy
10_19_data,2019-10-19 115942.JPG,23,none,10_19_data\patch\2019-10-19 115942_p23_none.npy
10_19_data,2019-10-19 115942.JPG,24,none,10_19_data\patch\2019-10-19 115942_p24_none.npy
10_19_data,2019-10-19 115942.JPG,25,none,10_19_data\patch\2019-10-19 115942_p25_none.npy
10_19_data,2019-10-19 115942.JPG,26,none,10_19_data\patch\2019-10-19 115942_p26_none.npy
10_19_data,2019-10-19 115942.JPG,27,none,10_19_data\patch\2019-10-19 115942_p27_none.npy
10_19_data,2019-10-19 115942.JPG,28,none,10_19_data\patch\2019-10-19 115942_p28_none.npy
10_19_data,2019-10-19 115942.JPG,29,none,10_19_data\patch\2019-10-19 115942_p29_none.npy
10_19_data,2019-10-19 115942.JPG,30,none,10_19_data\patch\2019-10-19 115942_p30_none.npy
10_19_data,2019-10-19 115942.JPG,31,none,10_19_data\patch\2019-10-19 115942_p31_none.npy
10_19_data,2019-10-19 115942.JPG,32,none,10_19_data\patch\2019-10-19 115942_p32_none.npy
10_19_data,2019-10-19 115942.JPG,33,none,10_19_data\patch\2019-10-19 115942_p33_none.npy
10_19_data,2019-10-19 115942.JPG,34,none,10_19_data\patch\2019-10-19 115942_p34_none.npy
10_19_data,2019-10-19 115942.JPG,35,none,10_19_data\patch\2019-10-19 115942_p35_none.npy
10_19_data,2019-10-19 115942.JPG,36,none,10_19_data\patch\2019-10-19 115942_p36_none.npy
10_19_data,2019-10-19 115942.JPG,37,none,10_19_data\patch\2019-10-19 115942_p37_none.npy
10_19_data,2019-10-19 115942.JPG,38,none,10_19_data\patch\2019-10-19 115942_p38_none.npy
10_19_data,2019-10-19 115942.JPG,39,none,10_19_data\patch\2019-10-19 115942_p39_none.npy
10_19_data,2019-10-19 115942.JPG,40,none,10_19_data\patch\2019-10-19 115942_p40_none.npy
10_19_data,2019-10-19 115942.JPG,41,none,10_19_data\patch\2019-10-19 115942_p41_none.npy
10_19_data,2019-10-19 115942.JPG,42,none,10_19_data\patch\2019-10-19 115942_p42_none.npy
10_19_data,2019-10-19 115942.JPG,43,none,10_19_data\patch\2019-10-19 115942_p43_none.npy
10_19_data,2019-10-19 115942.JPG,44,none,10_19_data\patch\2019-10-19 115942_p44_none.npy
10_19_data,2019-10-19 115942.JPG,45,none,10_19_data\patch\2019-10-19 115942_p45_none.npy
10_19_data,2019-10-19 115942.JPG,46,none,10_19_data\patch\2019-10-19 115942_p46_none.npy
10_19_data,2019-10-19 115942.JPG,47,none,10_19_data\patch\2019-10-19 115942_p47_none.npy
10_19_data,2019-10-19 115942.JPG,48,none,10_19_data\patch\2019-10-19 115942_p48_none.npy
10_19_data,2019-10-19 115942.JPG,49,none,10_19_data\patch\2019-10-19 115942_p49_none.npy
10_19_data,2019-10-19 122026.jpg,0,none,10_19_data\patch\2019-10-19 122026_p0_none.npy
10_19_data,2019-10-19 122026.jpg,1,none,10_19_data\patch\2019-10-19 122026_p1_none.npy
10_19_data,2019-10-19 122026.jpg,2,none,10_19_data\patch\2019-10-19 122026_p2_none.npy
10_19_data,2019-10-19 122026.jpg,3,none,10_19_data\patch\2019-10-19 122026_p3_none.npy
10_19_data,2019-10-19 122026.jpg,4,none,10_19_data\patch\2019-10-19 122026_p4_none.npy
10_19_data,2019-10-19 122026.jpg,5,none,10_19_data\patch\2019-10-19 122026_p5_none.npy
10_19_data,2019-10-19 122026.jpg,6,none,10_19_data\patch\2019-10-19 122026_p6_none.npy
10_19_data,2019-10-19 122026.jpg,7,none,10_19_data\patch\2019-10-19 122026_p7_none.npy
10_19_data,2019-10-19 122026.jpg,8,none,10_19_data\patch\2019-10-19 122026_p8_none.npy
10_19_data,2019-10-19 122026.jpg,9,none,10_19_data\patch\2019-10-19 122026_p9_none.npy
10_19_data,2019-10-19 122026.jpg,10,none,10_19_data\patch\2019-10-19 122026_p10_none.npy
10_19_data,2019-10-19 122026.jpg,11,none,10_19_data\patch\2019-10-19 122026_p11_none.npy
10_19_data,2019-10-19 122026.jpg,12,none,10_19_data\patch\2019-10-19 122026_p12_none.npy
10_19_data,2019-10-19 122026.jpg,13,none,10_19_data\patch\2019-10-19 122026_p13_none.npy
10_19_data,2019-10-19 122026.jpg,14,none,10_19_data\patch\2019-10-19 122026_p14_none.npy
10_19_data,2019-10-19 122026.jpg,15,none,10_19_data\patch\2019-10-19 122026_p15_none.npy
10_19_data,2019-10-19 122026.jpg,16,none,10_19_data\patch\2019-10-19 122026_p16_none.npy
10_19_data,2019-10-19 122026.jpg,17,none,10_19_data\patch\2019-10-19 122026_p17_none.npy
10_19_data,2019-10-19 122026.jpg,18,none,10_19_data\patch\2019-10-19 122026_p18_none.npy
10_19_data,2019-10-19 122026.jpg,19,none,10_19_data\patch\2019-10-19 122026_p19_none.npy
10_19_data,2019-10-19 122026.jpg,20,none,10_19_data\patch\2019-10-19 122026_p20_none.npy
10_19_data,2019-10-19 122026.jpg,21,none,10_19_data\patch\2019-10-19 122026_p21_none.npy
10_19_data,2019-10-19 122026.jpg,22,none,10_19_data\patch\2019-10-19 122026_p22_none.npy
10_19_data,2019-10-19 122026.jpg,23,none,10_19_data\patch\2019-10-19 122026_p23_none.npy
10_19_data,2019-10-19 122026.jpg,24,none,10_19_data\patch\2019-10-19 122026_p24_none.npy
10_19_data,2019-10-19 122026.jpg,25,none,10_19_data\patch\2019-10-19 122026_p25_none.npy
10_19_data,2019-10-19 122026.jpg,26,none,10_19_data\patch\2019-10-19 122026_p26_none.npy
10_19_data,2019-10-19 122026.jpg,27,none,10_19_data\patch\2019-10-19 122026_p27_none.npy
10_19_data,2019-10-19 122026.jpg,28,none,10_19_data\patch\2019-10-19 122026_p28_none.npy
10_19_data,2019-10-19 122026.jpg,29,none,10_19_data\patch\2019-10-19 122026_p29_none.npy
10_19_data,2019-10-19 122026.jpg,30,none,10_19_data\patch\2019-10-19 122026_p30_none.npy
10_19_data,2019-10-19 122026.jpg,31,none,10_19_data\patch\2019-10-19 122026_p31_none.npy
10_19_data,2019-10-19 122026.jpg,32,none,10_19_data\patch\2019-10-19 122026_p32_none.npy
10_19_data,2019-10-19 122026.jpg,33,none,10_19_data\patch\2019-10-19 122026_p33_none.npy
10_19_data,2019-10-19 122026.jpg,34,none,10_19_data\patch\2019-10-19 122026_p34_none.npy
10_19_data,2019-10-19 122026.jpg,35,none,10_19_data\patch\2019-10-19 122026_p35_none.npy
10_19_data,2019-10-19 122026.jpg,36,none,10_19_data\patch\2019-10-19 122026_p36_none.npy
10_19_data,2019-10-19 122026.jpg,37,none,10_19_data\patch\2019-10-19 122026_p37_none.npy
10_19_data,2019-10-19 122026.jpg,38,none,10_19_data\patch\2019-10-19 122026_p38_none.npy
10_19_data,2019-10-19 122026.jpg,39,none,10_19_data\patch\2019-10-19 122026_p39_none.npy
10_19_data,2019-10-19 122026.jpg,40,none,10_19_data\patch\2019-10-19 122026_p40_none.npy
10_19_data,2019-10-19 122026.jpg,41,none,10_19_data\patch\2019-10-19 122026_p41_none.npy
10_19_data,2019-10-19 122026.jpg,42,none,10_19_data\patch\2019-10-19 122026_p42_none.npy
10_19_data,2019-10-19 122026.jpg,43,none,10_19_data\patch\2019-10-19 122026_p43_none.npy
10_19_data,2019-10-19 122026.jpg,44,none,10_19_data\patch\2019-10-19 122026_p44_none.npy
10_19_data,2019-10-19 122026.jpg,45,none,10_19_data\patch\2019-10-19 122026_p45_none.npy
10_19_data,2019-10-19 122026.jpg,46,none,10_19_data\patch\2019-10-19 122026_p46_none.npy
10_19_data,2019-10-19 122026.jpg,47,none,10_19_data\patch\2019-10-19 122026_p47_none.npy
10_19_data,2019-10-19 122026.jpg,48,none,10_19_data\patch\2019-10-19 122026_p48_none.npy
10_19_data,2019-10-19 122026.jpg,49,none,10_19_data\patch\2019-10-19 122026_p49_none.npy
10_19_data,2019-10-19 122029.jpg,0,none,10_19_data\patch\2019-10-19 122029_p0_none.npy
10_19_data,2019-10-19 122029.jpg,1,none,10_19_data\patch\2019-10-19 122029_p1_none.npy
10_19_data,2019-10-19 122029.jpg,2,none,10_19_data\patch\2019-10-19 122029_p2_none.npy
10_19_data,2019-10-19 122029.jpg,3,none,10_19_data\patch\2019-10-19 122029_p3_none.npy
10_19_data,2019-10-19 122029.jpg,4,none,10_19_data\patch\2019-10-19 122029_p4_none.npy
10_19_data,2019-10-19 122029.jpg,5,none,10_19_data\patch\2019-10-19 122029_p5_none.npy
10_19_data,2019-10-19 122029.jpg,6,none,10_19_data\patch\2019-10-19 122029_p6_none.npy
10_19_data,2019-10-19 122029.jpg,7,none,10_19_data\patch\2019-10-19 122029_p7_none.npy
10_19_data,2019-10-19 122029.jpg,8,none,10_19_data\patch\2019-10-19 122029_p8_none.npy
10_19_data,2019-10-19 122029.jpg,9,none,10_19_data\patch\2019-10-19 122029_p9_none.npy
10_19_data,2019-10-19 122029.jpg,10,none,10_19_data\patch\2019-10-19 122029_p10_none.npy
10_19_data,2019-10-19 122029.jpg,11,none,10_19_data\patch\2019-10-19 122029_p11_none.npy
10_19_data,2019-10-19 122029.jpg,12,none,10_19_data\patch\2019-10-19 122029_p12_none.npy
10_19_data,2019-10-19 122029.jpg,13,none,10_19_data\patch\2019-10-19 122029_p13_none.npy
10_19_data,2019-10-19 122029.jpg,14,none,10_19_data\patch\2019-10-19 122029_p14_none.npy
10_19_data,2019-10-19 122029.jpg,15,none,10_19_data\patch\2019-10-19 122029_p15_none.npy
10_19_data,2019-10-19 122029.jpg,16,none,10_19_data\patch\2019-10-19 122029_p16_none.npy
10_19_data,2019-10-19 122029.jpg,17,none,10_19_data\patch\2019-10-19 122029_p17_none.npy
10_19_data,2019-10-19 122029.jpg,18,none,10_19_data\patch\2019-10-19 122029_p18_none.npy
10_19_data,2019-10-19 122029.jpg,19,none,10_19_data\patch\2019-10-19 122029_p19_none.npy
10_19_data,2019-10-19 122029.jpg,20,none,10_19_data\patch\2019-10-19 122029_p20_none.npy
10_19_data,2019-10-19 122029.jpg,21,none,10_19_data\patch\2019-10-19 122029_p21_none.npy
10_19_data,2019-10-19 122029.jpg,22,none,10_19_data\patch\2019-10-19 122029_p22_none.npy
10_19_data,2019-10-19 122029.jpg,23,none,10_19_data\patch\2019-10-19 122029_p23_none.npy
10_19_data,2019-10-19 122029.jpg,24,none,10_19_data\patch\2019-10-19 122029_p24_none.npy
10_19_data,2019-10-19 122029.jpg,25,none,10_19_data\patch\2019-10-19 122029_p25_none.npy
10_19_data,2019-10-19 122029.jpg,26,none,10_19_data\patch\2019-10-19 122029_p26_none.npy
10_19_data,2019-10-19 122029.jpg,27,none,10_19_data\patch\2019-10-19 122029_p27_none.npy
10_19_data,2019-10-19 122029.jpg,28,none,10_19_data\patch\2019-10-19 122029_p28_none.npy
10_19_data,2019-10-19 122029.jpg,29,none,10_19_data\patch\2019-10-19 122029_p29_none.npy
10_19_data,2019-10-19 122029.jpg,30,none,10_19_data\patch\2019-10-19 122029_p30_none.npy
10_19_data,2019-10-19 122029.jpg,31,none,10_19_data\patch\2019-10-19 122029_p31_none.npy
10_19_data,2019-10-19 122029.jpg,32,none,10_19_data\patch\2019-10-19 122029_p32_none.npy
10_19_data,2019-10-19 122029.jpg,33,none,10_19_data\patch\2019-10-19 122029_p33_none.npy
10_19_data,2019-10-19 122029.jpg,34,none,10_19_data\patch\2019-10-19 122029_p34_none.npy
10_19_data,2019-10-19 122029.jpg,35,none,10_19_data\patch\2019-10-19 122029_p35_none.npy
10_19_data,2019-10-19 122029.jpg,36,none,10_19_data\patch\2019-10-19 122029_p36_none.npy
10_19_data,2019-10-19 122029.jpg,37,none,10_19_data\patch\2019-10-19 122029_p37_none.npy
10_19_data,2019-10-19 122029.jpg,38,none,10_19_data\patch\2019-10-19 122029_p38_none.npy
10_19_data,2019-10-19 122029.jpg,39,none,10_19_data\patch\2019-10-19 122029_p39_none.npy
10_19_data,2019-10-19 122029.jpg,40,none,10_19_data\patch\2019-10-19 122029_p40_none.npy
10_19_data,2019-10-19 122029.jpg,41,none,10_19_data\patch\2019-10-19 122029_p41_none.npy
10_19_data,2019-10-19 122029.jpg,42,none,10_19_data\patch\2019-10-19 122029_p42_none.npy
10_19_data,2019-10-19 122029.jpg,43,none,10_19_data\patch\2019-10-19 122029_p43_none.npy
10_19_data,2019-10-19 122029.jpg,44,none,10_19_data\patch\2019-10-19 122029_p44_none.npy
10_19_data,2019-10-19 122029.jpg,45,none,10_19_data\patch\2019-10-19 122029_p45_none.npy
10_19_data,2019-10-19 122029.jpg,46,none,10_19_data\patch\2019-10-19 122029_p46_none.npy
10_19_data,2019-10-19 122029.jpg,47,none,10_19_data\patch\2019-10-19 122029_p47_none.npy
10_19_data,2019-10-19 122029.jpg,48,none,10_19_data\patch\2019-10-19 122029_p48_none.npy
10_19_data,2019-10-19 122029.jpg,49,none,10_19_data\patch\2019-10-19 122029_p49_none.npy
10_19_data,2019-10-19 122032.jpg,0,none,10_19_data\patch\2019-10-19 122032_p0_none.npy
10_19_data,2019-10-19 122032.jpg,1,none,10_19_data\patch\2019-10-19 122032_p1_none.npy
10_19_data,2019-10-19 122032.jpg,2,none,10_19_data\patch\2019-10-19 122032_p2_none.npy
10_19_data,2019-10-19 122032.jpg,3,none,10_19_data\patch\2019-10-19 122032_p3_none.npy
10_19_data,2019-10-19 122032.jpg,4,none,10_19_data\patch\2019-10-19 122032_p4_none.npy
10_19_data,2019-10-19 122032.jpg,5,none,10_19_data\patch\2019-10-19 122032_p5_none.npy
10_19_data,2019-10-19 122032.jpg,6,none,10_19_data\patch\2019-10-19 122032_p6_none.npy
10_19_data,2019-10-19 122032.jpg,7,none,10_19_data\patch\2019-10-19 122032_p7_none.npy
10_19_data,2019-10-19 122032.jpg,8,none,10_19_data\patch\2019-10-19 122032_p8_none.npy
10_19_data,2019-10-19 122032.jpg,9,none,10_19_data\patch\2019-10-19 122032_p9_none.npy
10_19_data,2019-10-19 122032.jpg,10,none,10_19_data\patch\2019-10-19 122032_p10_none.npy
10_19_data,2019-10-19 122032.jpg,11,none,10_19_data\patch\2019-10-19 122032_p11_none.npy
10_19_data,2019-10-19 122032.jpg,12,none,10_19_data\patch\2019-10-19 122032_p12_none.npy
10_19_data,2019-10-19 122032.jpg,13,none,10_19_data\patch\2019-10-19 122032_p13_none.npy
10_19_data,2019-10-19 122032.jpg,14,none,10_19_data\patch\2019-10-19 122032_p14_none.npy
10_19_data,2019-10-19 122032.jpg,15,none,10_19_data\patch\2019-10-19 122032_p15_none.npy
10_19_data,2019-10-19 122032.jpg,16,none,10_19_data\patch\2019-10-19 122032_p16_none.npy
10_19_data,2019-10-19 122032.jpg,17,none,10_19_data\patch\2019-10-19 122032_p17_none.npy
10_19_data,2019-10-19 122032.jpg,18,none,10_19_data\patch\2019-10-19 122032_p18_none.npy
10_19_data,2019-10-19 122032.jpg,19,none,10_19_data\patch\2019-10-19 122032_p19_none.npy
10_19_data,2019-10-19 122032.jpg,20,none,10_19_data\patch\2019-10-19 122032_p20_none.npy
10_19_data,2019-10-19 122032.jpg,21,none,10_19_data\patch\2019-10-19 122032_p21_none.npy
10_19_data,2019-10-19 122032.jpg,22,none,10_19_data\patch\2019-10-19 122032_p22_none.npy
10_19_data,2019-10-19 122032.jpg,23,none,10_19_data\patch\2019-10-19 122032_p23_none.npy
10_19_data,2019-10-19 122032.jpg,24,none,10_19_data\patch\2019-10-19 122032_p24_none.npy
10_19_data,2019-10-19 122032.jpg,25,none,10_19_data\patch\2019-10-19 122032_p25_none.npy
10_19_data,2019-10-19 122032.jpg,26,none,10_19_data\patch\2019-10-19 122032_p26_none.npy
10_19_data,2019-10-19 122032.jpg,27,none,10_19_data\patch\2019-10-19 122032_p27_none.npy
10_19_data,2019-10-19 122032.jpg,28,none,10_19_data\patch\2019-10-19 122032_p28_none.npy
10_19_data,2019-10-19 122032.jpg,29,none,10_19_data\patch\2019-10-19 122032_p29_none.npy
10_19_data,2019-10-19 122032.jpg,30,none,10_19_data\patch\2019-10-19 122032_p30_none.npy
10_19_data,2019-10-19 122032.jpg,31,none,10_19_data\patch\2019-10-19 122032_p31_none.npy
10_19_data,2019-10-19 122032.jpg,32,none,10_19_data\patch\2019-10-19 122032_p32_none.npy
10_19_data,2019-10-19 122032.jpg,33,none,10_19_data\patch\2019-10-19 122032_p33_none.npy
10_19_data,2019-10-19 122032.jpg,34,none,10_19_data\patch\2019-10-19 122032_p34_none.npy
10_19_data,2019-10-19 122032.jpg,35,none,10_19_data\patch\2019-10-19 122032_p35_none.npy
10_19_data,2019-10-19 122032.jpg,36,none,10_19_data\patch\2019-10-19 122032_p36_none.npy
10_19_data,2019-10-19 122032.jpg,37,none,10_19_data\patch\2019-10-19 122032_p37_none.npy
10_19_data,2019-10-19 122032.jpg,38,none,10_19_data\patch\2019-10-19 122032_p38_none.npy
10_19_data,2019-10-19 122032.jpg,39,none,10_19_data\patch\2019-10-19 122032_p39_none.npy
10_19_data,2019-10-19 122032.jpg,40,none,10_19_data\patch\2019-10-19 122032_p40_none.npy
10_19_data,2019-10-19 122032.jpg,41,none,10_19_data\patch\2019-10-19 122032_p41_none.npy
10_19_data,2019-10-19 122032.jpg,42,none,10_19_data\patch\2019-10-19 122032_p42_none.npy
10_19_data,2019-10-19 122032.jpg,43,none,10_19_data\patch\2019-10-19 122032_p43_none.npy
10_19_data,2019-10-19 122032.jpg,44,none,10_19_data\patch\2019-10-19 122032_p44_none.npy
10_19_data,2019-10-19 122032.jpg,45,none,10_19_data\patch\2019-10-19 122032_p45_none.npy
10_19_data,2019-10-19 122032.jpg,46,none,10_19_data\patch\2019-10-19 122032_p46_none.npy
10_19_data,2019-10-19 122032.jpg,47,none,10_19_data\patch\2019-10-19 122032_p47_none.npy
10_19_data,2019-10-19 122032.jpg,48,none,10_19_data\patch\2019-10-19 122032_p48_none.npy
10_19_data,2019-10-19 122032.jpg,49,none,10_19_data\patch\2019-10-19 122032_p49_none.npy
10_19_data,2019-10-19 124443.jpg,0,none,10_19_data\patch\2019-10-19 124443_p0_none.npy
10_19_data,2019-10-19 124443.jpg,1,none,10_19_data\patch\2019-10-19 124443_p1_none.npy
10_19_data,2019-10-19 124443.jpg,2,none,10_19_data\patch\2019-10-19 124443_p2_none.npy
10_19_data,2019-10-19 124443.jpg,3,none,10_19_data\patch\2019-10-19 124443_p3_none.npy
10_19_data,2019-10-19 124443.jpg,4,none,10_19_data\patch\2019-10-19 124443_p4_none.npy
10_19_data,2019-10-19 124443.jpg,5,none,10_19_data\patch\2019-10-19 124443_p5_none.npy
10_19_data,2019-10-19 124443.jpg,6,none,10_19_data\patch\2019-10-19 124443_p6_none.npy
10_19_data,2019-10-19 124443.jpg,7,none,10_19_data\patch\2019-10-19 124443_p7_none.npy
10_19_data,2019-10-19 124443.jpg,8,none,10_19_data\patch\2019-10-19 124443_p8_none.npy
10_19_data,2019-10-19 124443.jpg,9,none,10_19_data\patch\2019-10-19 124443_p9_none.npy
10_19_data,2019-10-19 124443.jpg,10,none,10_19_data\patch\2019-10-19 124443_p10_none.npy
10_19_data,2019-10-19 124443.jpg,11,none,10_19_data\patch\2019-10-19 124443_p11_none.npy
10_19_data,2019-10-19 124443.jpg,12,none,10_19_data\patch\2019-10-19 124443_p12_none.npy
10_19_data,2019-10-19 124443.jpg,13,none,10_19_data\patch\2019-10-19 124443_p13_none.npy
10_19_data,2019-10-19 124443.jpg,14,none,10_19_data\patch\2019-10-19 124443_p14_none.npy
10_19_data,2019-10-19 124443.jpg,15,none,10_19_data\patch\2019-10-19 124443_p15_none.npy
10_19_data,2019-10-19 124443.jpg,16,none,10_19_data\patch\2019-10-19 124443_p16_none.npy
10_19_data,2019-10-19 124443.jpg,17,none,10_19_data\patch\2019-10-19 124443_p17_none.npy
10_19_data,2019-10-19 124443.jpg,18,none,10_19_data\patch\2019-10-19 124443_p18_none.npy
10_19_data,2019-10-19 124443.jpg,19,none,10_19_data\patch\2019-10-19 124443_p19_none.npy
10_19_data,2019-10-19 124443.jpg,20,none,10_19_data\patch\2019-10-19 124443_p20_none.npy
10_19_data,2019-10-19 124443.jpg,21,none,10_19_data\patch\2019-10-19 124443_p21_none.npy
10_19_data,2019-10-19 124443.jpg,22,none,10_19_data\patch\2019-10-19 124443_p22_none.npy
10_19_data,2019-10-19 124443.jpg,23,none,10_19_data\patch\2019-10-19 124443_p23_none.npy
10_19_data,2019-10-19 124443.jpg,24,none,10_19_data\patch\2019-10-19 124443_p24_none.npy
10_19_data,2019-10-19 124443.jpg,25,none,10_19_data\patch\2019-10-19 124443_p25_none.npy
10_19_data,2019-10-19 124443.jpg,26,none,10_19_data\patch\2019-10-19 124443_p26_none.npy
10_19_data,2019-10-19 124443.jpg,27,none,10_19_data\patch\2019-10-19 124443_p27_none.npy
10_19_data,2019-10-19 124443.jpg,28,none,10_19_data\patch\2019-10-19 124443_p28_none.npy
10_19_data,2019-10-19 124443.jpg,29,none,10_19_data\patch\2019-10-19 124443_p29_none.npy
10_19_data,2019-10-19 124443.jpg,30,none,10_19_data\patch\2019-10-19 124443_p30_none.npy
10_19_data,2019-10-19 124443.jpg,31,none,10_19_data\patch\2019-10-19 124443_p31_none.npy
10_19_data,2019-10-19 124443.jpg,32,none,10_19_data\patch\2019-10-19 124443_p32_none.npy
10_19_data,2019-10-19 124443.jpg,33,none,10_19_data\patch\2019-10-19 124443_p33_none.npy
10_19_data,2019-10-19 124443.jpg,34,none,10_19_data\patch\2019-10-19 124443_p34_none.npy
10_19_data,2019-10-19 124443.jpg,35,none,10_19_data\patch\2019-10-19 124443_p35_none.npy
10_19_data,2019-10-19 124443.jpg,36,none,10_19_data\patch\2019-10-19 124443_p36_none.npy
10_19_data,2019-10-19 124443.jpg,37,none,10_19_data\patch\2019-10-19 124443_p37_none.npy
10_19_data,2019-10-19 124443.jpg,38,none,10_19_data\patch\2019-10-19 124443_p38_none.npy
10_19_data,2019-10-19 124443.jpg,39,none,10_19_data\patch\2019-10-19 124443_p39_none.npy
10_19_data,2019-10-19 124443.jpg,40,none,10_19_data\patch\2019-10-19 124443_p40_none.npy
10_19_data,2019-10-19 124443.jpg,41,none,10_19_data\patch\2019-10-19 124443_p41_none.npy
10_19_data,2019-10-19 124443.jpg,42,none,10_19_data\patch\2019-10-19 124443_p42_none.npy
10_19_data,2019-10-19 124443.jpg,43,none,10_19_data\patch\2019-10-19 124443_p43_none.npy
10_19_data,2019-10-19 124443.jpg,44,none,10_19_data\patch\2019-10-19 124443_p44_none.npy
10_19_data,2019-10-19 124443.jpg,45,none,10_19_data\patch\2019-10-19 124443_p45_none.npy
10_19_data,2019-10-19 124443.jpg,46,none,10_19_data\patch\2019-10-19 124443_p46_none.npy
10_19_data,2019-10-19 124443.jpg,47,none,10_19_data\patch\2019-10-19 124443_p47_none.npy
10_19_data,2019-10-19 124443.jpg,48,none,10_19_data\patch\2019-10-19 124443_p48_none.npy
10_19_data,2019-10-19 124443.jpg,49,none,10_19_data\patch\2019-10-19 124443_p49_none.npy
10_19_data,2019-10-19 124446.jpg,0,none,10_19_data\patch\2019-10-19 124446_p0_none.npy
10_19_data,2019-10-19 124446.jpg,1,none,10_19_data\patch\2019-10-19 124446_p1_none.npy
10_19_data,2019-10-19 124446.jpg,2,none,10_19_data\patch\2019-10-19 124446_p2_none.npy
10_19_data,2019-10-19 124446.jpg,3,none,10_19_data\patch\2019-10-19 124446_p3_none.npy
10_19_data,2019-10-19 124446.jpg,4,none,10_19_data\patch\2019-10-19 124446_p4_none.npy
10_19_data,2019-10-19 124446.jpg,5,none,10_19_data\patch\2019-10-19 124446_p5_none.npy
10_19_data,2019-10-19 124446.jpg,6,none,10_19_data\patch\2019-10-19 124446_p6_none.npy
10_19_data,2019-10-19 124446.jpg,7,none,10_19_data\patch\2019-10-19 124446_p7_none.npy
10_19_data,2019-10-19 124446.jpg,8,none,10_19_data\patch\2019-10-19 124446_p8_none.npy
10_19_data,2019-10-19 124446.jpg,9,none,10_19_data\patch\2019-10-19 124446_p9_none.npy
10_19_data,2019-10-19 124446.jpg,10,none,10_19_data\patch\2019-10-19 124446_p10_none.npy
10_19_data,2019-10-19 124446.jpg,11,none,10_19_data\patch\2019-10-19 124446_p11_none.npy
10_19_data,2019-10-19 124446.jpg,12,none,10_19_data\patch\2019-10-19 124446_p12_none.npy
10_19_data,2019-10-19 124446.jpg,13,none,10_19_data\patch\2019-10-19 124446_p13_none.npy
10_19_data,2019-10-19 124446.jpg,14,none,10_19_data\patch\2019-10-19 124446_p14_none.npy
10_19_data,2019-10-19 124446.jpg,15,none,10_19_data\patch\2019-10-19 124446_p15_none.npy
10_19_data,2019-10-19 124446.jpg,16,none,10_19_data\patch\2019-10-19 124446_p16_none.npy
10_19_data,2019-10-19 124446.jpg,17,none,10_19_data\patch\2019-10-19 124446_p17_none.npy
10_19_data,2019-10-19 124446.jpg,18,none,10_19_data\patch\2019-10-19 124446_p18_none.npy
10_19_data,2019-10-19 124446.jpg,19,none,10_19_data\patch\2019-10-19 124446_p19_none.npy
10_19_data,2019-10-19 124446.jpg,20,none,10_19_data\patch\2019-10-19 124446_p20_none.npy
10_19_data,2019-10-19 124446.jpg,21,none,10_19_data\patch\2019-10-19 124446_p21_none.npy
10_19_data,2019-10-19 124446.jpg,22,none,10_19_data\patch\2019-10-19 124446_p22_none.npy
10_19_data,2019-10-19 124446.jpg,23,none,10_19_data\patch\2019-10-19 124446_p23_none.npy
10_19_data,2019-10-19 124446.jpg,24,none,10_19_data\patch\2019-10-19 124446_p24_none.npy
10_19_data,2019-10-19 124446.jpg,25,none,10_19_data\patch\2019-10-19 124446_p25_none.npy
10_19_data,2019-10-19 124446.jpg,26,none,10_19_data\patch\2019-10-19 124446_p26_none.npy
10_19_data,2019-10-19 124446.jpg,27,none,10_19_data\patch\2019-10-19 124446_p27_none.npy
10_19_data,2019-10-19 124446.jpg,28,none,10_19_data\patch\2019-10-19 124446_p28_none.npy
10_19_data,2019-10-19 124446.jpg,29,none,10_19_data\patch\2019-10-19 124446_p29_none.npy
10_19_data,2019-10-19 124446.jpg,30,none,10_19_data\patch\2019-10-19 124446_p30_none.npy
10_19_data,2019-10-19 124446.jpg,31,none,10_19_data\patch\2019-10-19 124446_p31_none.npy
10_19_data,2019-10-19 124446.jpg,32,none,10_19_data\patch\2019-10-19 124446_p32_none.npy
10_19_data,2019-10-19 124446.jpg,33,none,10_19_data\patch\2019-10-19 124446_p33_none.npy
10_19_data,2019-10-19 124446.jpg,34,none,10_19_data\patch\2019-10-19 124446_p34_none.npy
10_19_data,2019-10-19 124446.jpg,35,none,10_19_data\patch\2019-10-19 124446_p35_none.npy
10_19_data,2019-10-19 124446.jpg,36,none,10_19_data\patch\2019-10-19 124446_p36_none.npy
10_19_data,2019-10-19 124446.jpg,37,none,10_19_data\patch\2019-10-19 124446_p37_none.npy
10_19_data,2019-10-19 124446.jpg,38,none,10_19_data\patch\2019-10-19 124446_p38_none.npy
10_19_data,2019-10-19 124446.jpg,39,none,10_19_data\patch\2019-10-19 124446_p39_none.npy
10_19_data,2019-10-19 124446.jpg,40,none,10_19_data\patch\2019-10-19 124446_p40_none.npy
10_19_data,2019-10-19 124446.jpg,41,none,10_19_data\patch\2019-10-19 124446_p41_none.npy
10_19_data,2019-10-19 124446.jpg,42,none,10_19_data\patch\2019-10-19 124446_p42_none.npy
10_19_data,2019-10-19 124446.jpg,43,none,10_19_data\patch\2019-10-19 124446_p43_none.npy
10_19_data,2019-10-19 124446.jpg,44,none,10_19_data\patch\2019-10-19 124446_p44_none.npy
10_19_data,2019-10-19 124446.jpg,45,none,10_19_data\patch\2019-10-19 124446_p45_none.npy
10_19_data,2019-10-19 124446.jpg,46,none,10_19_data\patch\2019-10-19 124446_p46_none.npy
10_19_data,2019-10-19 124446.jpg,47,none,10_19_data\patch\2019-10-19 124446_p47_none.npy
10_19_data,2019-10-19 124446.jpg,48,none,10_19_data\patch\2019-10-19 124446_p48_none.npy
10_19_data,2019-10-19 124446.jpg,49,none,10_19_data\patch\2019-10-19 124446_p49_none.npy
10_19_data,2019-10-19 124448.jpg,0,none,10_19_data\patch\2019-10-19 124448_p0_none.npy
10_19_data,2019-10-19 124448.jpg,1,none,10_19_data\patch\2019-10-19 124448_p1_none.npy
10_19_data,2019-10-19 124448.jpg,2,none,10_19_data\patch\2019-10-19 124448_p2_none.npy
10_19_data,2019-10-19 124448.jpg,3,none,10_19_data\patch\2019-10-19 124448_p3_none.npy
10_19_data,2019-10-19 124448.jpg,4,none,10_19_data\patch\2019-10-19 124448_p4_none.npy
10_19_data,2019-10-19 124448.jpg,5,none,10_19_data\patch\2019-10-19 124448_p5_none.npy
10_19_data,2019-10-19 124448.jpg,6,none,10_19_data\patch\2019-10-19 124448_p6_none.npy
10_19_data,2019-10-19 124448.jpg,7,none,10_19_data\patch\2019-10-19 124448_p7_none.npy
10_19_data,2019-10-19 124448.jpg,8,none,10_19_data\patch\2019-10-19 124448_p8_none.npy
10_19_data,2019-10-19 124448.jpg,9,none,10_19_data\patch\2019-10-19 124448_p9_none.npy
10_19_data,2019-10-19 124448.jpg,10,none,10_19_data\patch\2019-10-19 124448_p10_none.npy
10_19_data,2019-10-19 124448.jpg,11,none,10_19_data\patch\2019-10-19 124448_p11_none.npy
10_19_data,2019-10-19 124448.jpg,12,none,10_19_data\patch\2019-10-19 124448_p12_none.npy
10_19_data,2019-10-19 124448.jpg,13,none,10_19_data\patch\2019-10-19 124448_p13_none.npy
10_19_data,2019-10-19 124448.jpg,14,none,10_19_data\patch\2019-10-19 124448_p14_none.npy
10_19_data,2019-10-19 124448.jpg,15,none,10_19_data\patch\2019-10-19 124448_p15_none.npy
10_19_data,2019-10-19 124448.jpg,16,none,10_19_data\patch\2019-10-19 124448_p16_none.npy
10_19_data,2019-10-19 124448.jpg,17,none,10_19_data\patch\2019-10-19 124448_p17_none.npy
10_19_data,2019-10-19 124448.jpg,18,none,10_19_data\patch\2019-10-19 124448_p18_none.npy
10_19_data,2019-10-19 124448.jpg,19,none,10_19_data\patch\2019-10-19 124448_p19_none.npy
10_19_data,2019-10-19 124448.jpg,20,none,10_19_data\patch\2019-10-19 124448_p20_none.npy
10_19_data,2019-10-19 124448.jpg,21,none,10_19_data\patch\2019-10-19 124448_p21_none.npy
10_19_data,2019-10-19 124448.jpg,22,none,10_19_data\patch\2019-10-19 124448_p22_none.npy
10_19_data,2019-10-19 124448.jpg,23,none,10_19_data\patch\2019-10-19 124448_p23_none.npy
10_19_data,2019-10-19 124448.jpg,24,none,10_19_data\patch\2019-10-19 124448_p24_none.npy
10_19_data,2019-10-19 124448.jpg,25,none,10_19_data\patch\2019-10-19 124448_p25_none.npy
10_19_data,2019-10-19 124448.jpg,26,none,10_19_data\patch\2019-10-19 124448_p26_none.npy
10_19_data,2019-10-19 124448.jpg,27,none,10_19_data\patch\2019-10-19 124448_p27_none.npy
10_19_data,2019-10-19 124448.jpg,28,none,10_19_data\patch\2019-10-19 124448_p28_none.npy
10_19_data,2019-10-19 124448.jpg,29,none,10_19_data\patch\2019-10-19 124448_p29_none.npy
10_19_data,2019-10-19 124448.jpg,30,none,10_19_data\patch\2019-10-19 124448_p30_none.npy
10_19_data,2019-10-19 124448.jpg,31,none,10_19_data\patch\2019-10-19 124448_p31_none.npy
10_19_data,2019-10-19 124448.jpg,32,none,10_19_data\patch\2019-10-19 124448_p32_none.npy
10_19_data,2019-10-19 124448.jpg,33,none,10_19_data\patch\2019-10-19 124448_p33_none.npy
10_19_data,2019-10-19 124448.jpg,34,none,10_19_data\patch\2019-10-19 124448_p34_none.npy
10_19_data,2019-10-19 124448.jpg,35,none,10_19_data\patch\2019-10-19 124448_p35_none.npy
10_19_data,2019-10-19 124448.jpg,36,none,10_19_data\patch\2019-10-19 124448_p36_none.npy
10_19_data,2019-10-19 124448.jpg,37,none,10_19_data\patch\2019-10-19 124448_p37_none.npy
10_19_data,2019-10-19 124448.jpg,38,none,10_19_data\patch\2019-10-19 124448_p38_none.npy
10_19_data,2019-10-19 124448.jpg,39,none,10_19_data\patch\2019-10-19 124448_p39_none.npy
10_19_data,2019-10-19 124448.jpg,40,none,10_19_data\patch\2019-10-19 124448_p40_none.npy
10_19_data,2019-10-19 124448.jpg,41,none,10_19_data\patch\2019-10-19 124448_p41_none.npy
10_19_data,2019-10-19 124448.jpg,42,none,10_19_data\patch\2019-10-19 124448_p42_none.npy
10_19_data,2019-10-19 124448.jpg,43,none,10_19_data\patch\2019-10-19 124448_p43_none.npy
10_19_data,2019-10-19 124448.jpg,44,none,10_19_data\patch\2019-10-19 124448_p44_none.npy
10_19_data,2019-10-19 124448.jpg,45,none,10_19_data\patch\2019-10-19 124448_p45_none.npy
10_19_data,2019-10-19 124448.jpg,46,none,10_19_data\patch\2019-10-19 124448_p46_none.npy
10_19_data,2019-10-19 124448.jpg,47,none,10_19_data\patch\2019-10-19 124448_p47_none.npy
10_19_data,2019-10-19 124448.jpg,48,none,10_19_data\patch\2019-10-19 124448_p48_none.npy
10_19_data,2019-10-19 124448.jpg,49,none,10_19_data\patch\2019-10-19 124448_p49_none.npy
10_19_data,2019-10-19 124454.jpg,0,none,10_19_data\patch\2019-10-19 124454_p0_none.npy
10_19_data,2019-10-19 124454.jpg,1,none,10_19_data\patch\2019-10-19 124454_p1_none.npy
10_19_data,2019-10-19 124454.jpg,2,none,10_19_data\patch\2019-10-19 124454_p2_none.npy
10_19_data,2019-10-19 124454.jpg,3,none,10_19_data\patch\2019-10-19 124454_p3_none.npy
10_19_data,2019-10-19 124454.jpg,4,none,10_19_data\patch\2019-10-19 124454_p4_none.npy
10_19_data,2019-10-19 124454.jpg,5,none,10_19_data\patch\2019-10-19 124454_p5_none.npy
10_19_data,2019-10-19 124454.jpg,6,none,10_19_data\patch\2019-10-19 124454_p6_none.npy
10_19_data,2019-10-19 124454.jpg,7,none,10_19_data\patch\2019-10-19 124454_p7_none.npy
10_19_data,2019-10-19 124454.jpg,8,none,10_19_data\patch\2019-10-19 124454_p8_none.npy
10_19_data,2019-10-19 124454.jpg,9,none,10_19_data\patch\2019-10-19 124454_p9_none.npy
10_19_data,2019-10-19 124454.jpg,10,none,10_19_data\patch\2019-10-19 124454_p10_none.npy
10_19_data,2019-10-19 124454.jpg,11,none,10_19_data\patch\2019-10-19 124454_p11_none.npy
10_19_data,2019-10-19 124454.jpg,12,none,10_19_data\patch\2019-10-19 124454_p12_none.npy
10_19_data,2019-10-19 124454.jpg,13,none,10_19_data\patch\2019-10-19 124454_p13_none.npy
10_19_data,2019-10-19 124454.jpg,14,none,10_19_data\patch\2019-10-19 124454_p14_none.npy
10_19_data,2019-10-19 124454.jpg,15,none,10_19_data\patch\2019-10-19 124454_p15_none.npy
10_19_data,2019-10-19 124454.jpg,16,none,10_19_data\patch\2019-10-19 124454_p16_none.npy
10_19_data,2019-10-19 124454.jpg,17,none,10_19_data\patch\2019-10-19 124454_p17_none.npy
10_19_data,2019-10-19 124454.jpg,18,none,10_19_data\patch\2019-10-19 124454_p18_none.npy
10_19_data,2019-10-19 124454.jpg,19,none,10_19_data\patch\2019-10-19 124454_p19_none.npy
10_19_data,2019-10-19 124454.jpg,20,none,10_19_data\patch\2019-10-19 124454_p20_none.npy
10_19_data,2019-10-19 124454.jpg,21,none,10_19_data\patch\2019-10-19 124454_p21_none.npy
10_19_data,2019-10-19 124454.jpg,22,none,10_19_data\patch\2019-10-19 124454_p22_none.npy
10_19_data,2019-10-19 124454.jpg,23,none,10_19_data\patch\2019-10-19 124454_p23_none.npy
10_19_data,2019-10-19 124454.jpg,24,none,10_19_data\patch\2019-10-19 124454_p24_none.npy
10_19_data,2019-10-19 124454.jpg,25,none,10_19_data\patch\2019-10-19 124454_p25_none.npy
10_19_data,2019-10-19 124454.jpg,26,none,10_19_data\patch\2019-10-19 124454_p26_none.npy
10_19_data,2019-10-19 124454.jpg,27,none,10_19_data\patch\2019-10-19 124454_p27_none.npy
10_19_data,2019-10-19 124454.jpg,28,none,10_19_data\patch\2019-10-19 124454_p28_none.npy
10_19_data,2019-10-19 124454.jpg,29,none,10_19_data\patch\2019-10-19 124454_p29_none.npy
10_19_data,2019-10-19 124454.jpg,30,none,10_19_data\patch\2019-10-19 124454_p30_none.npy
10_19_data,2019-10-19 124454.jpg,31,none,10_19_data\patch\2019-10-19 124454_p31_none.npy
10_19_data,2019-10-19 124454.jpg,32,none,10_19_data\patch\2019-10-19 124454_p32_none.npy
10_19_data,2019-10-19 124454.jpg,33,none,10_19_data\patch\2019-10-19 124454_p33_none.npy
10_19_data,2019-10-19 124454.jpg,34,none,10_19_data\patch\2019-10-19 124454_p34_none.npy
10_19_data,2019-10-19 124454.jpg,35,none,10_19_data\patch\2019-10-19 124454_p35_none.npy
10_19_data,2019-10-19 124454.jpg,36,none,10_19_data\patch\2019-10-19 124454_p36_none.npy
10_19_data,2019-10-19 124454.jpg,37,none,10_19_data\patch\2019-10-19 124454_p37_none.npy
10_19_data,2019-10-19 124454.jpg,38,none,10_19_data\patch\2019-10-19 124454_p38_none.npy
10_19_data,2019-10-19 124454.jpg,39,none,10_19_data\patch\2019-10-19 124454_p39_none.npy
10_19_data,2019-10-19 124454.jpg,40,none,10_19_data\patch\2019-10-19 124454_p40_none.npy
10_19_data,2019-10-19 124454.jpg,41,none,10_19_data\patch\2019-10-19 124454_p41_none.npy
10_19_data,2019-10-19 124454.jpg,42,none,10_19_data\patch\2019-10-19 124454_p42_none.npy
10_19_data,2019-10-19 124454.jpg,43,none,10_19_data\patch\2019-10-19 124454_p43_none.npy
10_19_data,2019-10-19 124454.jpg,44,none,10_19_data\patch\2019-10-19 124454_p44_none.npy
10_19_data,2019-10-19 124454.jpg,45,none,10_19_data\patch\2019-10-19 124454_p45_none.npy
10_19_data,2019-10-19 124454.jpg,46,none,10_19_data\patch\2019-10-19 124454_p46_none.npy
10_19_data,2019-10-19 124454.jpg,47,none,10_19_data\patch\2019-10-19 124454_p47_none.npy
10_19_data,2019-10-19 124454.jpg,48,none,10_19_data\patch\2019-10-19 124454_p48_none.npy
10_19_data,2019-10-19 124454.jpg,49,none,10_19_data\patch\2019-10-19 124454_p49_none.npy
10_19_data,2019-10-19 130723.jpg,0,none,10_19_data\patch\2019-10-19 130723_p0_none.npy
10_19_data,2019-10-19 130723.jpg,1,none,10_19_data\patch\2019-10-19 130723_p1_none.npy
10_19_data,2019-10-19 130723.jpg,2,none,10_19_data\patch\2019-10-19 130723_p2_none.npy
10_19_data,2019-10-19 130723.jpg,3,none,10_19_data\patch\2019-10-19 130723_p3_none.npy
10_19_data,2019-10-19 130723.jpg,4,none,10_19_data\patch\2019-10-19 130723_p4_none.npy
10_19_data,2019-10-19 130723.jpg,5,none,10_19_data\patch\2019-10-19 130723_p5_none.npy
10_19_data,2019-10-19 130723.jpg,6,none,10_19_data\patch\2019-10-19 130723_p6_none.npy
10_19_data,2019-10-19 130723.jpg,7,none,10_19_data\patch\2019-10-19 130723_p7_none.npy
10_19_data,2019-10-19 130723.jpg,8,none,10_19_data\patch\2019-10-19 130723_p8_none.npy
10_19_data,2019-10-19 130723.jpg,9,none,10_19_data\patch\2019-10-19 130723_p9_none.npy
10_19_data,2019-10-19 130723.jpg,10,none,10_19_data\patch\2019-10-19 130723_p10_none.npy
10_19_data,2019-10-19 130723.jpg,11,none,10_19_data\patch\2019-10-19 130723_p11_none.npy
10_19_data,2019-10-19 130723.jpg,12,none,10_19_data\patch\2019-10-19 130723_p12_none.npy
10_19_data,2019-10-19 130723.jpg,13,none,10_19_data\patch\2019-10-19 130723_p13_none.npy
10_19_data,2019-10-19 130723.jpg,14,none,10_19_data\patch\2019-10-19 130723_p14_none.npy
10_19_data,2019-10-19 130723.jpg,15,none,10_19_data\patch\2019-10-19 130723_p15_none.npy
10_19_data,2019-10-19 130723.jpg,16,none,10_19_data\patch\2019-10-19 130723_p16_none.npy
10_19_data,2019-10-19 130723.jpg,17,none,10_19_data\patch\2019-10-19 130723_p17_none.npy
10_19_data,2019-10-19 130723.jpg,18,none,10_19_data\patch\2019-10-19 130723_p18_none.npy
10_19_data,2019-10-19 130723.jpg,19,none,10_19_data\patch\2019-10-19 130723_p19_none.npy
10_19_data,2019-10-19 130723.jpg,20,none,10_19_data\patch\2019-10-19 130723_p20_none.npy
10_19_data,2019-10-19 130723.jpg,21,none,10_19_data\patch\2019-10-19 130723_p21_none.npy
10_19_data,2019-10-19 130723.jpg,22,none,10_19_data\patch\2019-10-19 130723_p22_none.npy
10_19_data,2019-10-19 130723.jpg,23,none,10_19_data\patch\2019-10-19 130723_p23_none.npy
10_19_data,2019-10-19 130723.jpg,24,none,10_19_data\patch\2019-10-19 130723_p24_none.npy
10_19_data,2019-10-19 130723.jpg,25,none,10_19_data\patch\2019-10-19 130723_p25_none.npy
10_19_data,2019-10-19 130723.jpg,26,none,10_19_data\patch\2019-10-19 130723_p26_none.npy
10_19_data,2019-10-19 130723.jpg,27,none,10_19_data\patch\2019-10-19 130723_p27_none.npy
10_19_data,2019-10-19 130723.jpg,28,none,10_19_data\patch\2019-10-19 130723_p28_none.npy
10_19_data,2019-10-19 130723.jpg,29,none,10_19_data\patch\2019-10-19 130723_p29_none.npy
10_19_data,2019-10-19 130723.jpg,30,none,10_19_data\patch\2019-10-19 130723_p30_none.npy
10_19_data,2019-10-19 130723.jpg,31,none,10_19_data\patch\2019-10-19 130723_p31_none.npy
10_19_data,2019-10-19 130723.jpg,32,none,10_19_data\patch\2019-10-19 130723_p32_none.npy
10_19_data,2019-10-19 130723.jpg,33,none,10_19_data\patch\2019-10-19 130723_p33_none.npy
10_19_data,2019-10-19 130723.jpg,34,none,10_19_data\patch\2019-10-19 130723_p34_none.npy
10_19_data,2019-10-19 130723.jpg,35,none,10_19_data\patch\2019-10-19 130723_p35_none.npy
10_19_data,2019-10-19 130723.jpg,36,none,10_19_data\patch\2019-10-19 130723_p36_none.npy
10_19_data,2019-10-19 130723.jpg,37,none,10_19_data\patch\2019-10-19 130723_p37_none.npy
10_19_data,2019-10-19 130723.jpg,38,none,10_19_data\patch\2019-10-19 130723_p38_none.npy
10_19_data,2019-10-19 130723.jpg,39,none,10_19_data\patch\2019-10-19 130723_p39_none.npy
10_19_data,2019-10-19 130723.jpg,40,none,10_19_data\patch\2019-10-19 130723_p40_none.npy
10_19_data,2019-10-19 130723.jpg,41,none,10_19_data\patch\2019-10-19 130723_p41_none.npy
10_19_data,2019-10-19 130723.jpg,42,none,10_19_data\patch\2019-10-19 130723_p42_none.npy
10_19_data,2019-10-19 130723.jpg,43,none,10_19_data\patch\2019-10-19 130723_p43_none.npy
10_19_data,2019-10-19 130723.jpg,44,none,10_19_data\patch\2019-10-19 130723_p44_none.npy
10_19_data,2019-10-19 130723.jpg,45,none,10_19_data\patch\2019-10-19 130723_p45_none.npy
10_19_data,2019-10-19 130723.jpg,46,none,10_19_data\patch\2019-10-19 130723_p46_none.npy
10_19_data,2019-10-19 130723.jpg,47,none,10_19_data\patch\2019-10-19 130723_p47_none.npy
10_19_data,2019-10-19 130723.jpg,48,none,10_19_data\patch\2019-10-19 130723_p48_none.npy
10_19_data,2019-10-19 130723.jpg,49,none,10_19_data\patch\2019-10-19 130723_p49_none.npy
10_19_data,2019-10-19 130726.jpg,0,none,10_19_data\patch\2019-10-19 130726_p0_none.npy
10_19_data,2019-10-19 130726.jpg,1,none,10_19_data\patch\2019-10-19 130726_p1_none.npy
10_19_data,2019-10-19 130726.jpg,2,none,10_19_data\patch\2019-10-19 130726_p2_none.npy
10_19_data,2019-10-19 130726.jpg,3,none,10_19_data\patch\2019-10-19 130726_p3_none.npy
10_19_data,2019-10-19 130726.jpg,4,none,10_19_data\patch\2019-10-19 130726_p4_none.npy
10_19_data,2019-10-19 130726.jpg,5,none,10_19_data\patch\2019-10-19 130726_p5_none.npy
10_19_data,2019-10-19 130726.jpg,6,none,10_19_data\patch\2019-10-19 130726_p6_none.npy
10_19_data,2019-10-19 130726.jpg,7,none,10_19_data\patch\2019-10-19 130726_p7_none.npy
10_19_data,2019-10-19 130726.jpg,8,none,10_19_data\patch\2019-10-19 130726_p8_none.npy
10_19_data,2019-10-19 130726.jpg,9,none,10_19_data\patch\2019-10-19 130726_p9_none.npy
10_19_data,2019-10-19 130726.jpg,10,none,10_19_data\patch\2019-10-19 130726_p10_none.npy
10_19_data,2019-10-19 130726.jpg,11,none,10_19_data\patch\2019-10-19 130726_p11_none.npy
10_19_data,2019-10-19 130726.jpg,12,none,10_19_data\patch\2019-10-19 130726_p12_none.npy
10_19_data,2019-10-19 130726.jpg,13,none,10_19_data\patch\2019-10-19 130726_p13_none.npy
10_19_data,2019-10-19 130726.jpg,14,none,10_19_data\patch\2019-10-19 130726_p14_none.npy
10_19_data,2019-10-19 130726.jpg,15,none,10_19_data\patch\2019-10-19 130726_p15_none.npy
10_19_data,2019-10-19 130726.jpg,16,none,10_19_data\patch\2019-10-19 130726_p16_none.npy
10_19_data,2019-10-19 130726.jpg,17,none,10_19_data\patch\2019-10-19 130726_p17_none.npy
10_19_data,2019-10-19 130726.jpg,18,none,10_19_data\patch\2019-10-19 130726_p18_none.npy
10_19_data,2019-10-19 130726.jpg,19,none,10_19_data\patch\2019-10-19 130726_p19_none.npy
10_19_data,2019-10-19 130726.jpg,20,none,10_19_data\patch\2019-10-19 130726_p20_none.npy
10_19_data,2019-10-19 130726.jpg,21,none,10_19_data\patch\2019-10-19 130726_p21_none.npy
10_19_data,2019-10-19 130726.jpg,22,none,10_19_data\patch\2019-10-19 130726_p22_none.npy
10_19_data,2019-10-19 130726.jpg,23,none,10_19_data\patch\2019-10-19 130726_p23_none.npy
10_19_data,2019-10-19 130726.jpg,24,none,10_19_data\patch\2019-10-19 130726_p24_none.npy
10_19_data,2019-10-19 130726.jpg,25,none,10_19_data\patch\2019-10-19 130726_p25_none.npy
10_19_data,2019-10-19 130726.jpg,26,none,10_19_data\patch\2019-10-19 130726_p26_none.npy
10_19_data,2019-10-19 130726.jpg,27,none,10_19_data\patch\2019-10-19 130726_p27_none.npy
10_19_data,2019-10-19 130726.jpg,28,none,10_19_data\patch\2019-10-19 130726_p28_none.npy
10_19_data,2019-10-19 130726.jpg,29,none,10_19_data\patch\2019-10-19 130726_p29_none.npy
10_19_data,2019-10-19 130726.jpg,30,none,10_19_data\patch\2019-10-19 130726_p30_none.npy
10_19_data,2019-10-19 130726.jpg,31,none,10_19_data\patch\2019-10-19 130726_p31_none.npy
10_19_data,2019-10-19 130726.jpg,32,none,10_19_data\patch\2019-10-19 130726_p32_none.npy
10_19_data,2019-10-19 130726.jpg,33,none,10_19_data\patch\2019-10-19 130726_p33_none.npy
10_19_data,2019-10-19 130726.jpg,34,none,10_19_data\patch\2019-10-19 130726_p34_none.npy
10_19_data,2019-10-19 130726.jpg,35,none,10_19_data\patch\2019-10-19 130726_p35_none.npy
10_19_data,2019-10-19 130726.jpg,36,none,10_19_data\patch\2019-10-19 130726_p36_none.npy
10_19_data,2019-10-19 130726.jpg,37,none,10_19_data\patch\2019-10-19 130726_p37_none.npy
10_19_data,2019-10-19 130726.jpg,38,none,10_19_data\patch\2019-10-19 130726_p38_none.npy
10_19_data,2019-10-19 130726.jpg,39,none,10_19_data\patch\2019-10-19 130726_p39_none.npy
10_19_data,2019-10-19 130726.jpg,40,none,10_19_data\patch\2019-10-19 130726_p40_none.npy
10_19_data,2019-10-19 130726.jpg,41,none,10_19_data\patch\2019-10-19 130726_p41_none.npy
10_19_data,2019-10-19 130726.jpg,42,none,10_19_data\patch\2019-10-19 130726_p42_none.npy
10_19_data,2019-10-19 130726.jpg,43,none,10_19_data\patch\2019-10-19 130726_p43_none.npy
10_19_data,2019-10-19 130726.jpg,44,none,10_19_data\patch\2019-10-19 130726_p44_none.npy
10_19_data,2019-10-19 130726.jpg,45,none,10_19_data\patch\2019-10-19 130726_p45_none.npy
10_19_data,2019-10-19 130726.jpg,46,none,10_19_data\patch\2019-10-19 130726_p46_none.npy
10_19_data,2019-10-19 130726.jpg,47,none,10_19_data\patch\2019-10-19 130726_p47_none.npy
10_19_data,2019-10-19 130726.jpg,48,none,10_19_data\patch\2019-10-19 130726_p48_none.npy
10_19_data,2019-10-19 130726.jpg,49,none,10_19_data\patch\2019-10-19 130726_p49_none.npy
10_19_data,2019-10-19 130729.jpg,0,none,10_19_data\patch\2019-10-19 130729_p0_none.npy
10_19_data,2019-10-19 130729.jpg,1,none,10_19_data\patch\2019-10-19 130729_p1_none.npy
10_19_data,2019-10-19 130729.jpg,2,none,10_19_data\patch\2019-10-19 130729_p2_none.npy
10_19_data,2019-10-19 130729.jpg,3,none,10_19_data\patch\2019-10-19 130729_p3_none.npy
10_19_data,2019-10-19 130729.jpg,4,none,10_19_data\patch\2019-10-19 130729_p4_none.npy
10_19_data,2019-10-19 130729.jpg,5,none,10_19_data\patch\2019-10-19 130729_p5_none.npy
10_19_data,2019-10-19 130729.jpg,6,none,10_19_data\patch\2019-10-19 130729_p6_none.npy
10_19_data,2019-10-19 130729.jpg,7,none,10_19_data\patch\2019-10-19 130729_p7_none.npy
10_19_data,2019-10-19 130729.jpg,8,none,10_19_data\patch\2019-10-19 130729_p8_none.npy
10_19_data,2019-10-19 130729.jpg,9,none,10_19_data\patch\2019-10-19 130729_p9_none.npy
10_19_data,2019-10-19 130729.jpg,10,none,10_19_data\patch\2019-10-19 130729_p10_none.npy
10_19_data,2019-10-19 130729.jpg,11,none,10_19_data\patch\2019-10-19 130729_p11_none.npy
10_19_data,2019-10-19 130729.jpg,12,none,10_19_data\patch\2019-10-19 130729_p12_none.npy
10_19_data,2019-10-19 130729.jpg,13,none,10_19_data\patch\2019-10-19 130729_p13_none.npy
10_19_data,2019-10-19 130729.jpg,14,none,10_19_data\patch\2019-10-19 130729_p14_none.npy
10_19_data,2019-10-19 130729.jpg,15,none,10_19_data\patch\2019-10-19 130729_p15_none.npy
10_19_data,2019-10-19 130729.jpg,16,none,10_19_data\patch\2019-10-19 130729_p16_none.npy
10_19_data,2019-10-19 130729.jpg,17,none,10_19_data\patch\2019-10-19 130729_p17_none.npy
10_19_data,2019-10-19 130729.jpg,18,none,10_19_data\patch\2019-10-19 130729_p18_none.npy
10_19_data,2019-10-19 130729.jpg,19,none,10_19_data\patch\2019-10-19 130729_p19_none.npy
10_19_data,2019-10-19 130729.jpg,20,none,10_19_data\patch\2019-10-19 130729_p20_none.npy
10_19_data,2019-10-19 130729.jpg,21,none,10_19_data\patch\2019-10-19 130729_p21_none.npy
10_19_data,2019-10-19 130729.jpg,22,none,10_19_data\patch\2019-10-19 130729_p22_none.npy
10_19_data,2019-10-19 130729.jpg,23,none,10_19_data\patch\2019-10-19 130729_p23_none.npy
10_19_data,2019-10-19 130729.jpg,24,none,10_19_data\patch\2019-10-19 130729_p24_none.npy
10_19_data,2019-10-19 130729.jpg,25,none,10_19_data\patch\2019-10-19 130729_p25_none.npy
10_19_data,2019-10-19 130729.jpg,26,none,10_19_data\patch\2019-10-19 130729_p26_none.npy
10_19_data,2019-10-19 130729.jpg,27,none,10_19_data\patch\2019-10-19 130729_p27_none.npy
10_19_data,2019-10-19 130729.jpg,28,none,10_19_data\patch\2019-10-19 130729_p28_none.npy
10_19_data,2019-10-19 130729.jpg,29,none,10_19_data\patch\2019-10-19 130729_p29_none.npy
10_19_data,2019-10-19 130729.jpg,30,none,10_19_data\patch\2019-10-19 130729_p30_none.npy
10_19_data,2019-10-19 130729.jpg,31,none,10_19_data\patch\2019-10-19 130729_p31_none.npy
10_19_data,2019-10-19 130729.jpg,32,none,10_19_data\patch\2019-10-19 130729_p32_none.npy
10_19_data,2019-10-19 130729.jpg,33,none,10_19_data\patch\2019-10-19 130729_p33_none.npy
10_19_data,2019-10-19 130729.jpg,34,none,10_19_data\patch\2019-10-19 130729_p34_none.npy
10_19_data,2019-10-19 130729.jpg,35,none,10_19_data\patch\2019-10-19 130729_p35_none.npy
10_19_data,2019-10-19 130729.jpg,36,none,10_19_data\patch\2019-10-19 130729_p36_none.npy
10_19_data,2019-10-19 130729.jpg,37,none,10_19_data\patch\2019-10-19 130729_p37_none.npy
10_19_data,2019-10-19 130729.jpg,38,none,10_19_data\patch\2019-10-19 130729_p38_none.npy
10_19_data,2019-10-19 130729.jpg,39,none,10_19_data\patch\2019-10-19 130729_p39_none.npy
10_19_data,2019-10-19 130729.jpg,40,none,10_19_data\patch\2019-10-19 130729_p40_none.npy
10_19_data,2019-10-19 130729.jpg,41,none,10_19_data\patch\2019-10-19 130729_p41_none.npy
10_19_data,2019-10-19 130729.jpg,42,none,10_19_data\patch\2019-10-19 130729_p42_none.npy
10_19_data,2019-10-19 130729.jpg,43,none,10_19_data\patch\2019-10-19 130729_p43_none.npy
10_19_data,2019-10-19 130729.jpg,44,none,10_19_data\patch\2019-10-19 130729_p44_none.npy
10_19_data,2019-10-19 130729.jpg,45,none,10_19_data\patch\2019-10-19 130729_p45_none.npy
10_19_data,2019-10-19 130729.jpg,46,none,10_19_data\patch\2019-10-19 130729_p46_none.npy
10_19_data,2019-10-19 130729.jpg,47,none,10_19_data\patch\2019-10-19 130729_p47_none.npy
10_19_data,2019-10-19 130729.jpg,48,none,10_19_data\patch\2019-10-19 130729_p48_none.npy
10_19_data,2019-10-19 130729.jpg,49,none,10_19_data\patch\2019-10-19 130729_p49_none.npy
10_19_data,2019-10-19 130733.jpg,0,none,10_19_data\patch\2019-10-19 130733_p0_none.npy
10_19_data,2019-10-19 130733.jpg,1,none,10_19_data\patch\2019-10-19 130733_p1_none.npy
10_19_data,2019-10-19 130733.jpg,2,none,10_19_data\patch\2019-10-19 130733_p2_none.npy
10_19_data,2019-10-19 130733.jpg,3,none,10_19_data\patch\2019-10-19 130733_p3_none.npy
10_19_data,2019-10-19 130733.jpg,4,none,10_19_data\patch\2019-10-19 130733_p4_none.npy
10_19_data,2019-10-19 130733.jpg,5,none,10_19_data\patch\2019-10-19 130733_p5_none.npy
10_19_data,2019-10-19 130733.jpg,6,none,10_19_data\patch\2019-10-19 130733_p6_none.npy
10_19_data,2019-10-19 130733.jpg,7,none,10_19_data\patch\2019-10-19 130733_p7_none.npy
10_19_data,2019-10-19 130733.jpg,8,none,10_19_data\patch\2019-10-19 130733_p8_none.npy
10_19_data,2019-10-19 130733.jpg,9,none,10_19_data\patch\2019-10-19 130733_p9_none.npy
10_19_data,2019-10-19 130733.jpg,10,none,10_19_data\patch\2019-10-19 130733_p10_none.npy
10_19_data,2019-10-19 130733.jpg,11,none,10_19_data\patch\2019-10-19 130733_p11_none.npy
10_19_data,2019-10-19 130733.jpg,12,none,10_19_data\patch\2019-10-19 130733_p12_none.npy
10_19_data,2019-10-19 130733.jpg,13,none,10_19_data\patch\2019-10-19 130733_p13_none.npy
10_19_data,2019-10-19 130733.jpg,14,none,10_19_data\patch\2019-10-19 130733_p14_none.npy
10_19_data,2019-10-19 130733.jpg,15,none,10_19_data\patch\2019-10-19 130733_p15_none.npy
10_19_data,2019-10-19 130733.jpg,16,none,10_19_data\patch\2019-10-19 130733_p16_none.npy
10_19_data,2019-10-19 130733.jpg,17,none,10_19_data\patch\2019-10-19 130733_p17_none.npy
10_19_data,2019-10-19 130733.jpg,18,none,10_19_data\patch\2019-10-19 130733_p18_none.npy
10_19_data,2019-10-19 130733.jpg,19,none,10_19_data\patch\2019-10-19 130733_p19_none.npy
10_19_data,2019-10-19 130733.jpg,20,none,10_19_data\patch\2019-10-19 130733_p20_none.npy
10_19_data,2019-10-19 130733.jpg,21,none,10_19_data\patch\2019-10-19 130733_p21_none.npy
10_19_data,2019-10-19 130733.jpg,22,none,10_19_data\patch\2019-10-19 130733_p22_none.npy
10_19_data,2019-10-19 130733.jpg,23,none,10_19_data\patch\2019-10-19 130733_p23_none.npy
10_19_data,2019-10-19 130733.jpg,24,none,10_19_data\patch\2019-10-19 130733_p24_none.npy
10_19_data,2019-10-19 130733.jpg,25,none,10_19_data\patch\2019-10-19 130733_p25_none.npy
10_19_data,2019-10-19 130733.jpg,26,none,10_19_data\patch\2019-10-19 130733_p26_none.npy
10_19_data,2019-10-19 130733.jpg,27,none,10_19_data\patch\2019-10-19 130733_p27_none.npy
10_19_data,2019-10-19 130733.jpg,28,none,10_19_data\patch\2019-10-19 130733_p28_none.npy
10_19_data,2019-10-19 130733.jpg,29,none,10_19_data\patch\2019-10-19 130733_p29_none.npy
10_19_data,2019-10-19 130733.jpg,30,none,10_19_data\patch\2019-10-19 130733_p30_none.npy
10_19_data,2019-10-19 130733.jpg,31,none,10_19_data\patch\2019-10-19 130733_p31_none.npy
10_19_data,2019-10-19 130733.jpg,32,none,10_19_data\patch\2019-10-19 130733_p32_none.npy
10_19_data,2019-10-19 130733.jpg,33,none,10_19_data\patch\2019-10-19 130733_p33_none.npy
10_19_data,2019-10-19 130733.jpg,34,none,10_19_data\patch\2019-10-19 130733_p34_none.npy
10_19_data,2019-10-19 130733.jpg,35,none,10_19_data\patch\2019-10-19 130733_p35_none.npy
10_19_data,2019-10-19 130733.jpg,36,none,10_19_data\patch\2019-10-19 130733_p36_none.npy
10_19_data,2019-10-19 130733.jpg,37,none,10_19_data\patch\2019-10-19 130733_p37_none.npy
10_19_data,2019-10-19 130733.jpg,38,none,10_19_data\patch\2019-10-19 130733_p38_none.npy
10_19_data,2019-10-19 130733.jpg,39,none,10_19_data\patch\2019-10-19 130733_p39_none.npy
10_19_data,2019-10-19 130733.jpg,40,none,10_19_data\patch\2019-10-19 130733_p40_none.npy
10_19_data,2019-10-19 130733.jpg,41,none,10_19_data\patch\2019-10-19 130733_p41_none.npy
10_19_data,2019-10-19 130733.jpg,42,none,10_19_data\patch\2019-10-19 130733_p42_none.npy
10_19_data,2019-10-19 130733.jpg,43,none,10_19_data\patch\2019-10-19 130733_p43_none.npy
10_19_data,2019-10-19 130733.jpg,44,none,10_19_data\patch\2019-10-19 130733_p44_none.npy
10_19_data,2019-10-19 130733.jpg,45,none,10_19_data\patch\2019-10-19 130733_p45_none.npy
10_19_data,2019-10-19 130733.jpg,46,none,10_19_data\patch\2019-10-19 130733_p46_none.npy
10_19_data,2019-10-19 130733.jpg,47,none,10_19_data\patch\2019-10-19 130733_p47_none.npy
10_19_data,2019-10-19 130733.jpg,48,none,10_19_data\patch\2019-10-19 130733_p48_none.npy
10_19_data,2019-10-19 130733.jpg,49,none,10_19_data\patch\2019-10-19 130733_p49_none.npy
10_19_data,2019-10-19 132410.jpg,0,none,10_19_data\patch\2019-10-19 132410_p0_none.npy
10_19_data,2019-10-19 132410.jpg,1,none,10_19_data\patch\2019-10-19 132410_p1_none.npy
10_19_data,2019-10-19 132410.jpg,2,none,10_19_data\patch\2019-10-19 132410_p2_none.npy
10_19_data,2019-10-19 132410.jpg,3,none,10_19_data\patch\2019-10-19 132410_p3_none.npy
10_19_data,2019-10-19 132410.jpg,4,none,10_19_data\patch\2019-10-19 132410_p4_none.npy
10_19_data,2019-10-19 132410.jpg,5,none,10_19_data\patch\2019-10-19 132410_p5_none.npy
10_19_data,2019-10-19 132410.jpg,6,none,10_19_data\patch\2019-10-19 132410_p6_none.npy
10_19_data,2019-10-19 132410.jpg,7,none,10_19_data\patch\2019-10-19 132410_p7_none.npy
10_19_data,2019-10-19 132410.jpg,8,none,10_19_data\patch\2019-10-19 132410_p8_none.npy
10_19_data,2019-10-19 132410.jpg,9,none,10_19_data\patch\2019-10-19 132410_p9_none.npy
10_19_data,2019-10-19 132410.jpg,10,none,10_19_data\patch\2019-10-19 132410_p10_none.npy
10_19_data,2019-10-19 132410.jpg,11,none,10_19_data\patch\2019-10-19 132410_p11_none.npy
10_19_data,2019-10-19 132410.jpg,12,none,10_19_data\patch\2019-10-19 132410_p12_none.npy
10_19_data,2019-10-19 132410.jpg,13,none,10_19_data\patch\2019-10-19 132410_p13_none.npy
10_19_data,2019-10-19 132410.jpg,14,none,10_19_data\patch\2019-10-19 132410_p14_none.npy
10_19_data,2019-10-19 132410.jpg,15,none,10_19_data\patch\2019-10-19 132410_p15_none.npy
10_19_data,2019-10-19 132410.jpg,16,none,10_19_data\patch\2019-10-19 132410_p16_none.npy
10_19_data,2019-10-19 132410.jpg,17,none,10_19_data\patch\2019-10-19 132410_p17_none.npy
10_19_data,2019-10-19 132410.jpg,18,none,10_19_data\patch\2019-10-19 132410_p18_none.npy
10_19_data,2019-10-19 132410.jpg,19,none,10_19_data\patch\2019-10-19 132410_p19_none.npy
10_19_data,2019-10-19 132410.jpg,20,none,10_19_data\patch\2019-10-19 132410_p20_none.npy
10_19_data,2019-10-19 132410.jpg,21,none,10_19_data\patch\2019-10-19 132410_p21_none.npy
10_19_data,2019-10-19 132410.jpg,22,none,10_19_data\patch\2019-10-19 132410_p22_none.npy
10_19_data,2019-10-19 132410.jpg,23,none,10_19_data\patch\2019-10-19 132410_p23_none.npy
10_19_data,2019-10-19 132410.jpg,24,none,10_19_data\patch\2019-10-19 132410_p24_none.npy
10_19_data,2019-10-19 132410.jpg,25,none,10_19_data\patch\2019-10-19 132410_p25_none.npy
10_19_data,2019-10-19 132410.jpg,26,none,10_19_data\patch\2019-10-19 132410_p26_none.npy
10_19_data,2019-10-19 132410.jpg,27,none,10_19_data\patch\2019-10-19 132410_p27_none.npy
10_19_data,2019-10-19 132410.jpg,28,none,10_19_data\patch\2019-10-19 132410_p28_none.npy
10_19_data,2019-10-19 132410.jpg,29,none,10_19_data\patch\2019-10-19 132410_p29_none.npy
10_19_data,2019-10-19 132410.jpg,30,none,10_19_data\patch\2019-10-19 132410_p30_none.npy
10_19_data,2019-10-19 132410.jpg,31,none,10_19_data\patch\2019-10-19 132410_p31_none.npy
10_19_data,2019-10-19 132410.jpg,32,none,10_19_data\patch\2019-10-19 132410_p32_none.npy
10_19_data,2019-10-19 132410.jpg,33,none,10_19_data\patch\2019-10-19 132410_p33_none.npy
10_19_data,2019-10-19 132410.jpg,34,none,10_19_data\patch\2019-10-19 132410_p34_none.npy
10_19_data,2019-10-19 132410.jpg,35,none,10_19_data\patch\2019-10-19 132410_p35_none.npy
10_19_data,2019-10-19 132410.jpg,36,none,10_19_data\patch\2019-10-19 132410_p36_none.npy
10_19_data,2019-10-19 132410.jpg,37,none,10_19_data\patch\2019-10-19 132410_p37_none.npy
10_19_data,2019-10-19 132410.jpg,38,none,10_19_data\patch\2019-10-19 132410_p38_none.npy
10_19_data,2019-10-19 132410.jpg,39,none,10_19_data\patch\2019-10-19 132410_p39_none.npy
10_19_data,2019-10-19 132410.jpg,40,none,10_19_data\patch\2019-10-19 132410_p40_none.npy
10_19_data,2019-10-19 132410.jpg,41,none,10_19_data\patch\2019-10-19 132410_p41_none.npy
10_19_data,2019-10-19 132410.jpg,42,none,10_19_data\patch\2019-10-19 132410_p42_none.npy
10_19_data,2019-10-19 132410.jpg,43,none,10_19_data\patch\2019-10-19 132410_p43_none.npy
10_19_data,2019-10-19 132410.jpg,44,none,10_19_data\patch\2019-10-19 132410_p44_none.npy
10_19_data,2019-10-19 132410.jpg,45,none,10_19_data\patch\2019-10-19 132410_p45_none.npy
10_19_data,2019-10-19 132410.jpg,46,none,10_19_data\patch\2019-10-19 132410_p46_none.npy
10_19_data,2019-10-19 132410.jpg,47,none,10_19_data\patch\2019-10-19 132410_p47_none.npy
10_19_data,2019-10-19 132410.jpg,48,none,10_19_data\patch\2019-10-19 132410_p48_none.npy
10_19_data,2019-10-19 132410.jpg,49,none,10_19_data\patch\2019-10-19 132410_p49_none.npy
10_19_data,2019-10-19 132413.jpg,0,none,10_19_data\patch\2019-10-19 132413_p0_none.npy
10_19_data,2019-10-19 132413.jpg,1,none,10_19_data\patch\2019-10-19 132413_p1_none.npy
10_19_data,2019-10-19 132413.jpg,2,none,10_19_data\patch\2019-10-19 132413_p2_none.npy
10_19_data,2019-10-19 132413.jpg,3,none,10_19_data\patch\2019-10-19 132413_p3_none.npy
10_19_data,2019-10-19 132413.jpg,4,none,10_19_data\patch\2019-10-19 132413_p4_none.npy
10_19_data,2019-10-19 132413.jpg,5,none,10_19_data\patch\2019-10-19 132413_p5_none.npy
10_19_data,2019-10-19 132413.jpg,6,none,10_19_data\patch\2019-10-19 132413_p6_none.npy
10_19_data,2019-10-19 132413.jpg,7,none,10_19_data\patch\2019-10-19 132413_p7_none.npy
10_19_data,2019-10-19 132413.jpg,8,none,10_19_data\patch\2019-10-19 132413_p8_none.npy
10_19_data,2019-10-19 132413.jpg,9,none,10_19_data\patch\2019-10-19 132413_p9_none.npy
10_19_data,2019-10-19 132413.jpg,10,none,10_19_data\patch\2019-10-19 132413_p10_none.npy
10_19_data,2019-10-19 132413.jpg,11,none,10_19_data\patch\2019-10-19 132413_p11_none.npy
10_19_data,2019-10-19 132413.jpg,12,none,10_19_data\patch\2019-10-19 132413_p12_none.npy
10_19_data,2019-10-19 132413.jpg,13,none,10_19_data\patch\2019-10-19 132413_p13_none.npy
10_19_data,2019-10-19 132413.jpg,14,none,10_19_data\patch\2019-10-19 132413_p14_none.npy
10_19_data,2019-10-19 132413.jpg,15,none,10_19_data\patch\2019-10-19 132413_p15_none.npy
10_19_data,2019-10-19 132413.jpg,16,none,10_19_data\patch\2019-10-19 132413_p16_none.npy
10_19_data,2019-10-19 132413.jpg,17,none,10_19_data\patch\2019-10-19 132413_p17_none.npy
10_19_data,2019-10-19 132413.jpg,18,none,10_19_data\patch\2019-10-19 132413_p18_none.npy
10_19_data,2019-10-19 132413.jpg,19,none,10_19_data\patch\2019-10-19 132413_p19_none.npy
10_19_data,2019-10-19 132413.jpg,20,none,10_19_data\patch\2019-10-19 132413_p20_none.npy
10_19_data,2019-10-19 132413.jpg,21,none,10_19_data\patch\2019-10-19 132413_p21_none.npy
10_19_data,2019-10-19 132413.jpg,22,none,10_19_data\patch\2019-10-19 132413_p22_none.npy
10_19_data,2019-10-19 132413.jpg,23,none,10_19_data\patch\2019-10-19 132413_p23_none.npy
10_19_data,2019-10-19 132413.jpg,24,none,10_19_data\patch\2019-10-19 132413_p24_none.npy
10_19_data,2019-10-19 132413.jpg,25,none,10_19_data\patch\2019-10-19 132413_p25_none.npy
10_19_data,2019-10-19 132413.jpg,26,none,10_19_data\patch\2019-10-19 132413_p26_none.npy
10_19_data,2019-10-19 132413.jpg,27,none,10_19_data\patch\2019-10-19 132413_p27_none.npy
10_19_data,2019-10-19 132413.jpg,28,none,10_19_data\patch\2019-10-19 132413_p28_none.npy
10_19_data,2019-10-19 132413.jpg,29,none,10_19_data\patch\2019-10-19 132413_p29_none.npy
10_19_data,2019-10-19 132413.jpg,30,none,10_19_data\patch\2019-10-19 132413_p30_none.npy
10_19_data,2019-10-19 132413.jpg,31,none,10_19_data\patch\2019-10-19 132413_p31_none.npy
10_19_data,2019-10-19 132413.jpg,32,none,10_19_data\patch\2019-10-19 132413_p32_none.npy
10_19_data,2019-10-19 132413.jpg,33,none,10_19_data\patch\2019-10-19 132413_p33_none.npy
10_19_data,2019-10-19 132413.jpg,34,none,10_19_data\patch\2019-10-19 132413_p34_none.npy
10_19_data,2019-10-19 132413.jpg,35,none,10_19_data\patch\2019-10-19 132413_p35_none.npy
10_19_data,2019-10-19 132413.jpg,36,none,10_19_data\patch\2019-10-19 132413_p36_none.npy
10_19_data,2019-10-19 132413.jpg,37,none,10_19_data\patch\2019-10-19 132413_p37_none.npy
10_19_data,2019-10-19 132413.jpg,38,none,10_19_data\patch\2019-10-19 132413_p38_none.npy
10_19_data,2019-10-19 132413.jpg,39,none,10_19_data\patch\2019-10-19 132413_p39_none.npy
10_19_data,2019-10-19 132413.jpg,40,none,10_19_data\patch\2019-10-19 132413_p40_none.npy
10_19_data,2019-10-19 132413.jpg,41,none,10_19_data\patch\2019-10-19 132413_p41_none.npy
10_19_data,2019-10-19 132413.jpg,42,none,10_19_data\patch\2019-10-19 132413_p42_none.npy
10_19_data,2019-10-19 132413.jpg,43,none,10_19_data\patch\2019-10-19 132413_p43_none.npy
10_19_data,2019-10-19 132413.jpg,44,none,10_19_data\patch\2019-10-19 132413_p44_none.npy
10_19_data,2019-10-19 132413.jpg,45,none,10_19_data\patch\2019-10-19 132413_p45_none.npy
10_19_data,2019-10-19 132413.jpg,46,none,10_19_data\patch\2019-10-19 132413_p46_none.npy
10_19_data,2019-10-19 132413.jpg,47,none,10_19_data\patch\2019-10-19 132413_p47_none.npy
10_19_data,2019-10-19 132413.jpg,48,none,10_19_data\patch\2019-10-19 132413_p48_none.npy
10_19_data,2019-10-19 132413.jpg,49,none,10_19_data\patch\2019-10-19 132413_p49_none.npy
10_19_data,2019-10-19 132416.jpg,0,none,10_19_data\patch\2019-10-19 132416_p0_none.npy
10_19_data,2019-10-19 132416.jpg,1,none,10_19_data\patch\2019-10-19 132416_p1_none.npy
10_19_data,2019-10-19 132416.jpg,2,none,10_19_data\patch\2019-10-19 132416_p2_none.npy
10_19_data,2019-10-19 132416.jpg,3,none,10_19_data\patch\2019-10-19 132416_p3_none.npy
10_19_data,2019-10-19 132416.jpg,4,none,10_19_data\patch\2019-10-19 132416_p4_none.npy
10_19_data,2019-10-19 132416.jpg,5,none,10_19_data\patch\2019-10-19 132416_p5_none.npy
10_19_data,2019-10-19 132416.jpg,6,none,10_19_data\patch\2019-10-19 132416_p6_none.npy
10_19_data,2019-10-19 132416.jpg,7,none,10_19_data\patch\2019-10-19 132416_p7_none.npy
10_19_data,2019-10-19 132416.jpg,8,none,10_19_data\patch\2019-10-19 132416_p8_none.npy
10_19_data,2019-10-19 132416.jpg,9,none,10_19_data\patch\2019-10-19 132416_p9_none.npy
10_19_data,2019-10-19 132416.jpg,10,none,10_19_data\patch\2019-10-19 132416_p10_none.npy
10_19_data,2019-10-19 132416.jpg,11,none,10_19_data\patch\2019-10-19 132416_p11_none.npy
10_19_data,2019-10-19 132416.jpg,12,none,10_19_data\patch\2019-10-19 132416_p12_none.npy
10_19_data,2019-10-19 132416.jpg,13,none,10_19_data\patch\2019-10-19 132416_p13_none.npy
10_19_data,2019-10-19 132416.jpg,14,none,10_19_data\patch\2019-10-19 132416_p14_none.npy
10_19_data,2019-10-19 132416.jpg,15,none,10_19_data\patch\2019-10-19 132416_p15_none.npy
10_19_data,2019-10-19 132416.jpg,16,none,10_19_data\patch\2019-10-19 132416_p16_none.npy
10_19_data,2019-10-19 132416.jpg,17,none,10_19_data\patch\2019-10-19 132416_p17_none.npy
10_19_data,2019-10-19 132416.jpg,18,none,10_19_data\patch\2019-10-19 132416_p18_none.npy
10_19_data,2019-10-19 132416.jpg,19,none,10_19_data\patch\2019-10-19 132416_p19_none.npy
10_19_data,2019-10-19 132416.jpg,20,none,10_19_data\patch\2019-10-19 132416_p20_none.npy
10_19_data,2019-10-19 132416.jpg,21,none,10_19_data\patch\2019-10-19 132416_p21_none.npy
10_19_data,2019-10-19 132416.jpg,22,none,10_19_data\patch\2019-10-19 132416_p22_none.npy
10_19_data,2019-10-19 132416.jpg,23,none,10_19_data\patch\2019-10-19 132416_p23_none.npy
10_19_data,2019-10-19 132416.jpg,24,none,10_19_data\patch\2019-10-19 132416_p24_none.npy
10_19_data,2019-10-19 132416.jpg,25,none,10_19_data\patch\2019-10-19 132416_p25_none.npy
10_19_data,2019-10-19 132416.jpg,26,none,10_19_data\patch\2019-10-19 132416_p26_none.npy
10_19_data,2019-10-19 132416.jpg,27,none,10_19_data\patch\2019-10-19 132416_p27_none.npy
10_19_data,2019-10-19 132416.jpg,28,none,10_19_data\patch\2019-10-19 132416_p28_none.npy
10_19_data,2019-10-19 132416.jpg,29,none,10_19_data\patch\2019-10-19 132416_p29_none.npy
10_19_data,2019-10-19 132416.jpg,30,none,10_19_data\patch\2019-10-19 132416_p30_none.npy
10_19_data,2019-10-19 132416.jpg,31,none,10_19_data\patch\2019-10-19 132416_p31_none.npy
10_19_data,2019-10-19 132416.jpg,32,none,10_19_data\patch\2019-10-19 132416_p32_none.npy
10_19_data,2019-10-19 132416.jpg,33,none,10_19_data\patch\2019-10-19 132416_p33_none.npy
10_19_data,2019-10-19 132416.jpg,34,none,10_19_data\patch\2019-10-19 132416_p34_none.npy
10_19_data,2019-10-19 132416.jpg,35,none,10_19_data\patch\2019-10-19 132416_p35_none.npy
10_19_data,2019-10-19 132416.jpg,36,none,10_19_data\patch\2019-10-19 132416_p36_none.npy
10_19_data,2019-10-19 132416.jpg,37,none,10_19_data\patch\2019-10-19 132416_p37_none.npy
10_19_data,2019-10-19 132416.jpg,38,none,10_19_data\patch\2019-10-19 132416_p38_none.npy
10_19_data,2019-10-19 132416.jpg,39,none,10_19_data\patch\2019-10-19 132416_p39_none.npy
10_19_data,2019-10-19 132416.jpg,40,none,10_19_data\patch\2019-10-19 132416_p40_none.npy
10_19_data,2019-10-19 132416.jpg,41,none,10_19_data\patch\2019-10-19 132416_p41_none.npy
10_19_data,2019-10-19 132416.jpg,42,none,10_19_data\patch\2019-10-19 132416_p42_none.npy
10_19_data,2019-10-19 132416.jpg,43,none,10_19_data\patch\2019-10-19 132416_p43_none.npy
10_19_data,2019-10-19 132416.jpg,44,none,10_19_data\patch\2019-10-19 132416_p44_none.npy
10_19_data,2019-10-19 132416.jpg,45,none,10_19_data\patch\2019-10-19 132416_p45_none.npy
10_19_data,2019-10-19 132416.jpg,46,none,10_19_data\patch\2019-10-19 132416_p46_none.npy
10_19_data,2019-10-19 132416.jpg,47,none,10_19_data\patch\2019-10-19 132416_p47_none.npy
10_19_data,2019-10-19 132416.jpg,48,none,10_19_data\patch\2019-10-19 132416_p48_none.npy
10_19_data,2019-10-19 132416.jpg,49,none,10_19_data\patch\2019-10-19 132416_p49_none.npy
10_19_data,2019-10-19 134314.jpg,0,none,10_19_data\patch\2019-10-19 134314_p0_none.npy
10_19_data,2019-10-19 134314.jpg,1,none,10_19_data\patch\2019-10-19 134314_p1_none.npy
10_19_data,2019-10-19 134314.jpg,2,none,10_19_data\patch\2019-10-19 134314_p2_none.npy
10_19_data,2019-10-19 134314.jpg,3,none,10_19_data\patch\2019-10-19 134314_p3_none.npy
10_19_data,2019-10-19 134314.jpg,4,none,10_19_data\patch\2019-10-19 134314_p4_none.npy
10_19_data,2019-10-19 134314.jpg,5,none,10_19_data\patch\2019-10-19 134314_p5_none.npy
10_19_data,2019-10-19 134314.jpg,6,none,10_19_data\patch\2019-10-19 134314_p6_none.npy
10_19_data,2019-10-19 134314.jpg,7,none,10_19_data\patch\2019-10-19 134314_p7_none.npy
10_19_data,2019-10-19 134314.jpg,8,none,10_19_data\patch\2019-10-19 134314_p8_none.npy
10_19_data,2019-10-19 134314.jpg,9,none,10_19_data\patch\2019-10-19 134314_p9_none.npy
10_19_data,2019-10-19 134314.jpg,10,none,10_19_data\patch\2019-10-19 134314_p10_none.npy
10_19_data,2019-10-19 134314.jpg,11,none,10_19_data\patch\2019-10-19 134314_p11_none.npy
10_19_data,2019-10-19 134314.jpg,12,none,10_19_data\patch\2019-10-19 134314_p12_none.npy
10_19_data,2019-10-19 134314.jpg,13,none,10_19_data\patch\2019-10-19 134314_p13_none.npy
10_19_data,2019-10-19 134314.jpg,14,none,10_19_data\patch\2019-10-19 134314_p14_none.npy
10_19_data,2019-10-19 134314.jpg,15,none,10_19_data\patch\2019-10-19 134314_p15_none.npy
10_19_data,2019-10-19 134314.jpg,16,none,10_19_data\patch\2019-10-19 134314_p16_none.npy
10_19_data,2019-10-19 134314.jpg,17,none,10_19_data\patch\2019-10-19 134314_p17_none.npy
10_19_data,2019-10-19 134314.jpg,18,none,10_19_data\patch\2019-10-19 134314_p18_none.npy
10_19_data,2019-10-19 134314.jpg,19,none,10_19_data\patch\2019-10-19 134314_p19_none.npy
10_19_data,2019-10-19 134314.jpg,20,none,10_19_data\patch\2019-10-19 134314_p20_none.npy
10_19_data,2019-10-19 134314.jpg,21,none,10_19_data\patch\2019-10-19 134314_p21_none.npy
10_19_data,2019-10-19 134314.jpg,22,none,10_19_data\patch\2019-10-19 134314_p22_none.npy
10_19_data,2019-10-19 134314.jpg,23,none,10_19_data\patch\2019-10-19 134314_p23_none.npy
10_19_data,2019-10-19 134314.jpg,24,none,10_19_data\patch\2019-10-19 134314_p24_none.npy
10_19_data,2019-10-19 134314.jpg,25,none,10_19_data\patch\2019-10-19 134314_p25_none.npy
10_19_data,2019-10-19 134314.jpg,26,none,10_19_data\patch\2019-10-19 134314_p26_none.npy
10_19_data,2019-10-19 134314.jpg,27,none,10_19_data\patch\2019-10-19 134314_p27_none.npy
10_19_data,2019-10-19 134314.jpg,28,none,10_19_data\patch\2019-10-19 134314_p28_none.npy
10_19_data,2019-10-19 134314.jpg,29,none,10_19_data\patch\2019-10-19 134314_p29_none.npy
10_19_data,2019-10-19 134314.jpg,30,none,10_19_data\patch\2019-10-19 134314_p30_none.npy
10_19_data,2019-10-19 134314.jpg,31,none,10_19_data\patch\2019-10-19 134314_p31_none.npy
10_19_data,2019-10-19 134314.jpg,32,none,10_19_data\patch\2019-10-19 134314_p32_none.npy
10_19_data,2019-10-19 134314.jpg,33,none,10_19_data\patch\2019-10-19 134314_p33_none.npy
10_19_data,2019-10-19 134314.jpg,34,none,10_19_data\patch\2019-10-19 134314_p34_none.npy
10_19_data,2019-10-19 134314.jpg,35,none,10_19_data\patch\2019-10-19 134314_p35_none.npy
10_19_data,2019-10-19 134314.jpg,36,none,10_19_data\patch\2019-10-19 134314_p36_none.npy
10_19_data,2019-10-19 134314.jpg,37,none,10_19_data\patch\2019-10-19 134314_p37_none.npy
10_19_data,2019-10-19 134314.jpg,38,none,10_19_data\patch\2019-10-19 134314_p38_none.npy
10_19_data,2019-10-19 134314.jpg,39,none,10_19_data\patch\2019-10-19 134314_p39_none.npy
10_19_data,2019-10-19 134314.jpg,40,none,10_19_data\patch\2019-10-19 134314_p40_none.npy
10_19_data,2019-10-19 134314.jpg,41,none,10_19_data\patch\2019-10-19 134314_p41_none.npy
10_19_data,2019-10-19 134314.jpg,42,none,10_19_data\patch\2019-10-19 134314_p42_none.npy
10_19_data,2019-10-19 134314.jpg,43,none,10_19_data\patch\2019-10-19 134314_p43_none.npy
10_19_data,2019-10-19 134314.jpg,44,none,10_19_data\patch\2019-10-19 134314_p44_none.npy
10_19_data,2019-10-19 134314.jpg,45,none,10_19_data\patch\2019-10-19 134314_p45_none.npy
10_19_data,2019-10-19 134314.jpg,46,none,10_19_data\patch\2019-10-19 134314_p46_none.npy
10_19_data,2019-10-19 134314.jpg,47,none,10_19_data\patch\2019-10-19 134314_p47_none.npy
10_19_data,2019-10-19 134314.jpg,48,none,10_19_data\patch\2019-10-19 134314_p48_none.npy
10_19_data,2019-10-19 134314.jpg,49,none,10_19_data\patch\2019-10-19 134314_p49_none.npy
10_19_data,2019-10-19 134317.jpg,0,none,10_19_data\patch\2019-10-19 134317_p0_none.npy
10_19_data,2019-10-19 134317.jpg,1,none,10_19_data\patch\2019-10-19 134317_p1_none.npy
10_19_data,2019-10-19 134317.jpg,2,none,10_19_data\patch\2019-10-19 134317_p2_none.npy
10_19_data,2019-10-19 134317.jpg,3,none,10_19_data\patch\2019-10-19 134317_p3_none.npy
10_19_data,2019-10-19 134317.jpg,4,none,10_19_data\patch\2019-10-19 134317_p4_none.npy
10_19_data,2019-10-19 134317.jpg,5,none,10_19_data\patch\2019-10-19 134317_p5_none.npy
10_19_data,2019-10-19 134317.jpg,6,none,10_19_data\patch\2019-10-19 134317_p6_none.npy
10_19_data,2019-10-19 134317.jpg,7,none,10_19_data\patch\2019-10-19 134317_p7_none.npy
10_19_data,2019-10-19 134317.jpg,8,none,10_19_data\patch\2019-10-19 134317_p8_none.npy
10_19_data,2019-10-19 134317.jpg,9,none,10_19_data\patch\2019-10-19 134317_p9_none.npy
10_19_data,2019-10-19 134317.jpg,10,none,10_19_data\patch\2019-10-19 134317_p10_none.npy
10_19_data,2019-10-19 134317.jpg,11,none,10_19_data\patch\2019-10-19 134317_p11_none.npy
10_19_data,2019-10-19 134317.jpg,12,none,10_19_data\patch\2019-10-19 134317_p12_none.npy
10_19_data,2019-10-19 134317.jpg,13,none,10_19_data\patch\2019-10-19 134317_p13_none.npy
10_19_data,2019-10-19 134317.jpg,14,none,10_19_data\patch\2019-10-19 134317_p14_none.npy
10_19_data,2019-10-19 134317.jpg,15,none,10_19_data\patch\2019-10-19 134317_p15_none.npy
10_19_data,2019-10-19 134317.jpg,16,none,10_19_data\patch\2019-10-19 134317_p16_none.npy
10_19_data,2019-10-19 134317.jpg,17,none,10_19_data\patch\2019-10-19 134317_p17_none.npy
10_19_data,2019-10-19 134317.jpg,18,none,10_19_data\patch\2019-10-19 134317_p18_none.npy
10_19_data,2019-10-19 134317.jpg,19,none,10_19_data\patch\2019-10-19 134317_p19_none.npy
10_19_data,2019-10-19 134317.jpg,20,none,10_19_data\patch\2019-10-19 134317_p20_none.npy
10_19_data,2019-10-19 134317.jpg,21,none,10_19_data\patch\2019-10-19 134317_p21_none.npy
10_19_data,2019-10-19 134317.jpg,22,none,10_19_data\patch\2019-10-19 134317_p22_none.npy
10_19_data,2019-10-19 134317.jpg,23,none,10_19_data\patch\2019-10-19 134317_p23_none.npy
10_19_data,2019-10-19 134317.jpg,24,none,10_19_data\patch\2019-10-19 134317_p24_none.npy
10_19_data,2019-10-19 134317.jpg,25,none,10_19_data\patch\2019-10-19 134317_p25_none.npy
10_19_data,2019-10-19 134317.jpg,26,none,10_19_data\patch\2019-10-19 134317_p26_none.npy
10_19_data,2019-10-19 134317.jpg,27,none,10_19_data\patch\2019-10-19 134317_p27_none.npy
10_19_data,2019-10-19 134317.jpg,28,none,10_19_data\patch\2019-10-19 134317_p28_none.npy
10_19_data,2019-10-19 134317.jpg,29,none,10_19_data\patch\2019-10-19 134317_p29_none.npy
10_19_data,2019-10-19 134317.jpg,30,none,10_19_data\patch\2019-10-19 134317_p30_none.npy
10_19_data,2019-10-19 134317.jpg,31,none,10_19_data\patch\2019-10-19 134317_p31_none.npy
10_19_data,2019-10-19 134317.jpg,32,none,10_19_data\patch\2019-10-19 134317_p32_none.npy
10_19_data,2019-10-19 134317.jpg,33,none,10_19_data\patch\2019-10-19 134317_p33_none.npy
10_19_data,2019-10-19 134317.jpg,34,none,10_19_data\patch\2019-10-19 134317_p34_none.npy
10_19_data,2019-10-19 134317.jpg,35,none,10_19_data\patch\2019-10-19 134317_p35_none.npy
10_19_data,2019-10-19 134317.jpg,36,none,10_19_data\patch\2019-10-19 134317_p36_none.npy
10_19_data,2019-10-19 134317.jpg,37,none,10_19_data\patch\2019-10-19 134317_p37_none.npy
10_19_data,2019-10-19 134317.jpg,38,none,10_19_data\patch\2019-10-19 134317_p38_none.npy
10_19_data,2019-10-19 134317.jpg,39,none,10_19_data\patch\2019-10-19 134317_p39_none.npy
10_19_data,2019-10-19 134317.jpg,40,none,10_19_data\patch\2019-10-19 134317_p40_none.npy
10_19_data,2019-10-19 134317.jpg,41,none,10_19_data\patch\2019-10-19 134317_p41_none.npy
10_19_data,2019-10-19 134317.jpg,42,none,10_19_data\patch\2019-10-19 134317_p42_none.npy
10_19_data,2019-10-19 134317.jpg,43,none,10_19_data\patch\2019-10-19 134317_p43_none.npy
10_19_data,2019-10-19 134317.jpg,44,none,10_19_data\patch\2019-10-19 134317_p44_none.npy
10_19_data,2019-10-19 134317.jpg,45,none,10_19_data\patch\2019-10-19 134317_p45_none.npy
10_19_data,2019-10-19 134317.jpg,46,none,10_19_data\patch\2019-10-19 134317_p46_none.npy
10_19_data,2019-10-19 134317.jpg,47,none,10_19_data\patch\2019-10-19 134317_p47_none.npy
10_19_data,2019-10-19 134317.jpg,48,none,10_19_data\patch\2019-10-19 134317_p48_none.npy
10_19_data,2019-10-19 134317.jpg,49,none,10_19_data\patch\2019-10-19 134317_p49_none.npy
10_19_data,2019-10-19 134320.jpg,0,none,10_19_data\patch\2019-10-19 134320_p0_none.npy
10_19_data,2019-10-19 134320.jpg,1,none,10_19_data\patch\2019-10-19 134320_p1_none.npy
10_19_data,2019-10-19 134320.jpg,2,none,10_19_data\patch\2019-10-19 134320_p2_none.npy
10_19_data,2019-10-19 134320.jpg,3,none,10_19_data\patch\2019-10-19 134320_p3_none.npy
10_19_data,2019-10-19 134320.jpg,4,none,10_19_data\patch\2019-10-19 134320_p4_none.npy
10_19_data,2019-10-19 134320.jpg,5,none,10_19_data\patch\2019-10-19 134320_p5_none.npy
10_19_data,2019-10-19 134320.jpg,6,none,10_19_data\patch\2019-10-19 134320_p6_none.npy
10_19_data,2019-10-19 134320.jpg,7,none,10_19_data\patch\2019-10-19 134320_p7_none.npy
10_19_data,2019-10-19 134320.jpg,8,none,10_19_data\patch\2019-10-19 134320_p8_none.npy
10_19_data,2019-10-19 134320.jpg,9,none,10_19_data\patch\2019-10-19 134320_p9_none.npy
10_19_data,2019-10-19 134320.jpg,10,none,10_19_data\patch\2019-10-19 134320_p10_none.npy
10_19_data,2019-10-19 134320.jpg,11,none,10_19_data\patch\2019-10-19 134320_p11_none.npy
10_19_data,2019-10-19 134320.jpg,12,none,10_19_data\patch\2019-10-19 134320_p12_none.npy
10_19_data,2019-10-19 134320.jpg,13,none,10_19_data\patch\2019-10-19 134320_p13_none.npy
10_19_data,2019-10-19 134320.jpg,14,none,10_19_data\patch\2019-10-19 134320_p14_none.npy
10_19_data,2019-10-19 134320.jpg,15,none,10_19_data\patch\2019-10-19 134320_p15_none.npy
10_19_data,2019-10-19 134320.jpg,16,none,10_19_data\patch\2019-10-19 134320_p16_none.npy
10_19_data,2019-10-19 134320.jpg,17,none,10_19_data\patch\2019-10-19 134320_p17_none.npy
10_19_data,2019-10-19 134320.jpg,18,none,10_19_data\patch\2019-10-19 134320_p18_none.npy
10_19_data,2019-10-19 134320.jpg,19,none,10_19_data\patch\2019-10-19 134320_p19_none.npy
10_19_data,2019-10-19 134320.jpg,20,none,10_19_data\patch\2019-10-19 134320_p20_none.npy
10_19_data,2019-10-19 134320.jpg,21,none,10_19_data\patch\2019-10-19 134320_p21_none.npy
10_19_data,2019-10-19 134320.jpg,22,none,10_19_data\patch\2019-10-19 134320_p22_none.npy
10_19_data,2019-10-19 134320.jpg,23,none,10_19_data\patch\2019-10-19 134320_p23_none.npy
10_19_data,2019-10-19 134320.jpg,24,none,10_19_data\patch\2019-10-19 134320_p24_none.npy
10_19_data,2019-10-19 134320.jpg,25,none,10_19_data\patch\2019-10-19 134320_p25_none.npy
10_19_data,2019-10-19 134320.jpg,26,none,10_19_data\patch\2019-10-19 134320_p26_none.npy
10_19_data,2019-10-19 134320.jpg,27,none,10_19_data\patch\2019-10-19 134320_p27_none.npy
10_19_data,2019-10-19 134320.jpg,28,none,10_19_data\patch\2019-10-19 134320_p28_none.npy
10_19_data,2019-10-19 134320.jpg,29,none,10_19_data\patch\2019-10-19 134320_p29_none.npy
10_19_data,2019-10-19 134320.jpg,30,none,10_19_data\patch\2019-10-19 134320_p30_none.npy
10_19_data,2019-10-19 134320.jpg,31,none,10_19_data\patch\2019-10-19 134320_p31_none.npy
10_19_data,2019-10-19 134320.jpg,32,none,10_19_data\patch\2019-10-19 134320_p32_none.npy
10_19_data,2019-10-19 134320.jpg,33,none,10_19_data\patch\2019-10-19 134320_p33_none.npy
10_19_data,2019-10-19 134320.jpg,34,none,10_19_data\patch\2019-10-19 134320_p34_none.npy
10_19_data,2019-10-19 134320.jpg,35,none,10_19_data\patch\2019-10-19 134320_p35_none.npy
10_19_data,2019-10-19 134320.jpg,36,none,10_19_data\patch\2019-10-19 134320_p36_none.npy
10_19_data,2019-10-19 134320.jpg,37,none,10_19_data\patch\2019-10-19 134320_p37_none.npy
10_19_data,2019-10-19 134320.jpg,38,none,10_19_data\patch\2019-10-19 134320_p38_none.npy
10_19_data,2019-10-19 134320.jpg,39,none,10_19_data\patch\2019-10-19 134320_p39_none.npy
10_19_data,2019-10-19 134320.jpg,40,none,10_19_data\patch\2019-10-19 134320_p40_none.npy
10_19_data,2019-10-19 134320.jpg,41,none,10_19_data\patch\2019-10-19 134320_p41_none.npy
10_19_data,2019-10-19 134320.jpg,42,none,10_19_data\patch\2019-10-19 134320_p42_none.npy
10_19_data,2019-10-19 134320.jpg,43,none,10_19_data\patch\2019-10-19 134320_p43_none.npy
10_19_data,2019-10-19 134320.jpg,44,none,10_19_data\patch\2019-10-19 134320_p44_none.npy
10_19_data,2019-10-19 134320.jpg,45,none,10_19_data\patch\2019-10-19 134320_p45_none.npy
10_19_data,2019-10-19 134320.jpg,46,none,10_19_data\patch\2019-10-19 134320_p46_none.npy
10_19_data,2019-10-19 134320.jpg,47,none,10_19_data\patch\2019-10-19 134320_p47_none.npy
10_19_data,2019-10-19 134320.jpg,48,none,10_19_data\patch\2019-10-19 134320_p48_none.npy
10_19_data,2019-10-19 134320.jpg,49,none,10_19_data\patch\2019-10-19 134320_p49_none.npy
10_19_data,2019-10-19 134327.jpg,0,none,10_19_data\patch\2019-10-19 134327_p0_none.npy
10_19_data,2019-10-19 134327.jpg,1,none,10_19_data\patch\2019-10-19 134327_p1_none.npy
10_19_data,2019-10-19 134327.jpg,2,none,10_19_data\patch\2019-10-19 134327_p2_none.npy
10_19_data,2019-10-19 134327.jpg,3,none,10_19_data\patch\2019-10-19 134327_p3_none.npy
10_19_data,2019-10-19 134327.jpg,4,none,10_19_data\patch\2019-10-19 134327_p4_none.npy
10_19_data,2019-10-19 134327.jpg,5,none,10_19_data\patch\2019-10-19 134327_p5_none.npy
10_19_data,2019-10-19 134327.jpg,6,none,10_19_data\patch\2019-10-19 134327_p6_none.npy
10_19_data,2019-10-19 134327.jpg,7,none,10_19_data\patch\2019-10-19 134327_p7_none.npy
10_19_data,2019-10-19 134327.jpg,8,none,10_19_data\patch\2019-10-19 134327_p8_none.npy
10_19_data,2019-10-19 134327.jpg,9,none,10_19_data\patch\2019-10-19 134327_p9_none.npy
10_19_data,2019-10-19 134327.jpg,10,none,10_19_data\patch\2019-10-19 134327_p10_none.npy
10_19_data,2019-10-19 134327.jpg,11,none,10_19_data\patch\2019-10-19 134327_p11_none.npy
10_19_data,2019-10-19 134327.jpg,12,none,10_19_data\patch\2019-10-19 134327_p12_none.npy
10_19_data,2019-10-19 134327.jpg,13,none,10_19_data\patch\2019-10-19 134327_p13_none.npy
10_19_data,2019-10-19 134327.jpg,14,none,10_19_data\patch\2019-10-19 134327_p14_none.npy
10_19_data,2019-10-19 134327.jpg,15,none,10_19_data\patch\2019-10-19 134327_p15_none.npy
10_19_data,2019-10-19 134327.jpg,16,none,10_19_data\patch\2019-10-19 134327_p16_none.npy
10_19_data,2019-10-19 134327.jpg,17,none,10_19_data\patch\2019-10-19 134327_p17_none.npy
10_19_data,2019-10-19 134327.jpg,18,none,10_19_data\patch\2019-10-19 134327_p18_none.npy
10_19_data,2019-10-19 134327.jpg,19,none,10_19_data\patch\2019-10-19 134327_p19_none.npy
10_19_data,2019-10-19 134327.jpg,20,none,10_19_data\patch\2019-10-19 134327_p20_none.npy
10_19_data,2019-10-19 134327.jpg,21,none,10_19_data\patch\2019-10-19 134327_p21_none.npy
10_19_data,2019-10-19 134327.jpg,22,none,10_19_data\patch\2019-10-19 134327_p22_none.npy
10_19_data,2019-10-19 134327.jpg,23,none,10_19_data\patch\2019-10-19 134327_p23_none.npy
10_19_data,2019-10-19 134327.jpg,24,none,10_19_data\patch\2019-10-19 134327_p24_none.npy
10_19_data,2019-10-19 134327.jpg,25,none,10_19_data\patch\2019-10-19 134327_p25_none.npy
10_19_data,2019-10-19 134327.jpg,26,none,10_19_data\patch\2019-10-19 134327_p26_none.npy
10_19_data,2019-10-19 134327.jpg,27,none,10_19_data\patch\2019-10-19 134327_p27_none.npy
10_19_data,2019-10-19 134327.jpg,28,none,10_19_data\patch\2019-10-19 134327_p28_none.npy
10_19_data,2019-10-19 134327.jpg,29,none,10_19_data\patch\2019-10-19 134327_p29_none.npy
10_19_data,2019-10-19 134327.jpg,30,none,10_19_data\patch\2019-10-19 134327_p30_none.npy
10_19_data,2019-10-19 134327.jpg,31,none,10_19_data\patch\2019-10-19 134327_p31_none.npy
10_19_data,2019-10-19 134327.jpg,32,none,10_19_data\patch\2019-10-19 134327_p32_none.npy
10_19_data,2019-10-19 134327.jpg,33,none,10_19_data\patch\2019-10-19 134327_p33_none.npy
10_19_data,2019-10-19 134327.jpg,34,none,10_19_data\patch\2019-10-19 134327_p34_none.npy
10_19_data,2019-10-19 134327.jpg,35,none,10_19_data\patch\2019-10-19 134327_p35_none.npy
10_19_data,2019-10-19 134327.jpg,36,none,10_19_data\patch\2019-10-19 134327_p36_none.npy
10_19_data,2019-10-19 134327.jpg,37,none,10_19_data\patch\2019-10-19 134327_p37_none.npy
10_19_data,2019-10-19 134327.jpg,38,none,10_19_data\patch\2019-10-19 134327_p38_none.npy
10_19_data,2019-10-19 134327.jpg,39,none,10_19_data\patch\2019-10-19 134327_p39_none.npy
10_19_data,2019-10-19 134327.jpg,40,none,10_19_data\patch\2019-10-19 134327_p40_none.npy
10_19_data,2019-10-19 134327.jpg,41,none,10_19_data\patch\2019-10-19 134327_p41_none.npy
10_19_data,2019-10-19 134327.jpg,42,none,10_19_data\patch\2019-10-19 134327_p42_none.npy
10_19_data,2019-10-19 134327.jpg,43,none,10_19_data\patch\2019-10-19 134327_p43_none.npy
10_19_data,2019-10-19 134327.jpg,44,none,10_19_data\patch\2019-10-19 134327_p44_none.npy
10_19_data,2019-10-19 134327.jpg,45,none,10_19_data\patch\2019-10-19 134327_p45_none.npy
10_19_data,2019-10-19 134327.jpg,46,none,10_19_data\patch\2019-10-19 134327_p46_none.npy
10_19_data,2019-10-19 134327.jpg,47,none,10_19_data\patch\2019-10-19 134327_p47_none.npy
10_19_data,2019-10-19 134327.jpg,48,none,10_19_data\patch\2019-10-19 134327_p48_none.npy
10_19_data,2019-10-19 134327.jpg,49,none,10_19_data\patch\2019-10-19 134327_p49_none.npy
10_19_data,2019-10-19 140050.jpg,0,none,10_19_data\patch\2019-10-19 140050_p0_none.npy
10_19_data,2019-10-19 140050.jpg,1,none,10_19_data\patch\2019-10-19 140050_p1_none.npy
10_19_data,2019-10-19 140050.jpg,2,none,10_19_data\patch\2019-10-19 140050_p2_none.npy
10_19_data,2019-10-19 140050.jpg,3,none,10_19_data\patch\2019-10-19 140050_p3_none.npy
10_19_data,2019-10-19 140050.jpg,4,none,10_19_data\patch\2019-10-19 140050_p4_none.npy
10_19_data,2019-10-19 140050.jpg,5,none,10_19_data\patch\2019-10-19 140050_p5_none.npy
10_19_data,2019-10-19 140050.jpg,6,none,10_19_data\patch\2019-10-19 140050_p6_none.npy
10_19_data,2019-10-19 140050.jpg,7,none,10_19_data\patch\2019-10-19 140050_p7_none.npy
10_19_data,2019-10-19 140050.jpg,8,none,10_19_data\patch\2019-10-19 140050_p8_none.npy
10_19_data,2019-10-19 140050.jpg,9,none,10_19_data\patch\2019-10-19 140050_p9_none.npy
10_19_data,2019-10-19 140050.jpg,10,none,10_19_data\patch\2019-10-19 140050_p10_none.npy
10_19_data,2019-10-19 140050.jpg,11,none,10_19_data\patch\2019-10-19 140050_p11_none.npy
10_19_data,2019-10-19 140050.jpg,12,none,10_19_data\patch\2019-10-19 140050_p12_none.npy
10_19_data,2019-10-19 140050.jpg,13,none,10_19_data\patch\2019-10-19 140050_p13_none.npy
10_19_data,2019-10-19 140050.jpg,14,none,10_19_data\patch\2019-10-19 140050_p14_none.npy
10_19_data,2019-10-19 140050.jpg,15,none,10_19_data\patch\2019-10-19 140050_p15_none.npy
10_19_data,2019-10-19 140050.jpg,16,none,10_19_data\patch\2019-10-19 140050_p16_none.npy
10_19_data,2019-10-19 140050.jpg,17,none,10_19_data\patch\2019-10-19 140050_p17_none.npy
10_19_data,2019-10-19 140050.jpg,18,none,10_19_data\patch\2019-10-19 140050_p18_none.npy
10_19_data,2019-10-19 140050.jpg,19,none,10_19_data\patch\2019-10-19 140050_p19_none.npy
10_19_data,2019-10-19 140050.jpg,20,none,10_19_data\patch\2019-10-19 140050_p20_none.npy
10_19_data,2019-10-19 140050.jpg,21,none,10_19_data\patch\2019-10-19 140050_p21_none.npy
10_19_data,2019-10-19 140050.jpg,22,none,10_19_data\patch\2019-10-19 140050_p22_none.npy
10_19_data,2019-10-19 140050.jpg,23,none,10_19_data\patch\2019-10-19 140050_p23_none.npy
10_19_data,2019-10-19 140050.jpg,24,none,10_19_data\patch\2019-10-19 140050_p24_none.npy
10_19_data,2019-10-19 140050.jpg,25,none,10_19_data\patch\2019-10-19 140050_p25_none.npy
10_19_data,2019-10-19 140050.jpg,26,none,10_19_data\patch\2019-10-19 140050_p26_none.npy
10_19_data,2019-10-19 140050.jpg,27,none,10_19_data\patch\2019-10-19 140050_p27_none.npy
10_19_data,2019-10-19 140050.jpg,28,none,10_19_data\patch\2019-10-19 140050_p28_none.npy
10_19_data,2019-10-19 140050.jpg,29,none,10_19_data\patch\2019-10-19 140050_p29_none.npy
10_19_data,2019-10-19 140050.jpg,30,none,10_19_data\patch\2019-10-19 140050_p30_none.npy
10_19_data,2019-10-19 140050.jpg,31,none,10_19_data\patch\2019-10-19 140050_p31_none.npy
10_19_data,2019-10-19 140050.jpg,32,none,10_19_data\patch\2019-10-19 140050_p32_none.npy
10_19_data,2019-10-19 140050.jpg,33,none,10_19_data\patch\2019-10-19 140050_p33_none.npy
10_19_data,2019-10-19 140050.jpg,34,none,10_19_data\patch\2019-10-19 140050_p34_none.npy
10_19_data,2019-10-19 140050.jpg,35,none,10_19_data\patch\2019-10-19 140050_p35_none.npy
10_19_data,2019-10-19 140050.jpg,36,none,10_19_data\patch\2019-10-19 140050_p36_none.npy
10_19_data,2019-10-19 140050.jpg,37,none,10_19_data\patch\2019-10-19 140050_p37_none.npy
10_19_data,2019-10-19 140050.jpg,38,none,10_19_data\patch\2019-10-19 140050_p38_none.npy
10_19_data,2019-10-19 140050.jpg,39,none,10_19_data\patch\2019-10-19 140050_p39_none.npy
10_19_data,2019-10-19 140050.jpg,40,none,10_19_data\patch\2019-10-19 140050_p40_none.npy
10_19_data,2019-10-19 140050.jpg,41,none,10_19_data\patch\2019-10-19 140050_p41_none.npy
10_19_data,2019-10-19 140050.jpg,42,none,10_19_data\patch\2019-10-19 140050_p42_none.npy
10_19_data,2019-10-19 140050.jpg,43,none,10_19_data\patch\2019-10-19 140050_p43_none.npy
10_19_data,2019-10-19 140050.jpg,44,none,10_19_data\patch\2019-10-19 140050_p44_none.npy
10_19_data,2019-10-19 140050.jpg,45,none,10_19_data\patch\2019-10-19 140050_p45_none.npy
10_19_data,2019-10-19 140050.jpg,46,none,10_19_data\patch\2019-10-19 140050_p46_none.npy
10_19_data,2019-10-19 140050.jpg,47,none,10_19_data\patch\2019-10-19 140050_p47_none.npy
10_19_data,2019-10-19 140050.jpg,48,none,10_19_data\patch\2019-10-19 140050_p48_none.npy
10_19_data,2019-10-19 140050.jpg,49,none,10_19_data\patch\2019-10-19 140050_p49_none.npy
10_19_data,2019-10-19 140054.jpg,0,none,10_19_data\patch\2019-10-19 140054_p0_none.npy
10_19_data,2019-10-19 140054.jpg,1,none,10_19_data\patch\2019-10-19 140054_p1_none.npy
10_19_data,2019-10-19 140054.jpg,2,none,10_19_data\patch\2019-10-19 140054_p2_none.npy
10_19_data,2019-10-19 140054.jpg,3,none,10_19_data\patch\2019-10-19 140054_p3_none.npy
10_19_data,2019-10-19 140054.jpg,4,none,10_19_data\patch\2019-10-19 140054_p4_none.npy
10_19_data,2019-10-19 140054.jpg,5,none,10_19_data\patch\2019-10-19 140054_p5_none.npy
10_19_data,2019-10-19 140054.jpg,6,none,10_19_data\patch\2019-10-19 140054_p6_none.npy
10_19_data,2019-10-19 140054.jpg,7,none,10_19_data\patch\2019-10-19 140054_p7_none.npy
10_19_data,2019-10-19 140054.jpg,8,none,10_19_data\patch\2019-10-19 140054_p8_none.npy
10_19_data,2019-10-19 140054.jpg,9,none,10_19_data\patch\2019-10-19 140054_p9_none.npy
10_19_data,2019-10-19 140054.jpg,10,none,10_19_data\patch\2019-10-19 140054_p10_none.npy
10_19_data,2019-10-19 140054.jpg,11,none,10_19_data\patch\2019-10-19 140054_p11_none.npy
10_19_data,2019-10-19 140054.jpg,12,none,10_19_data\patch\2019-10-19 140054_p12_none.npy
10_19_data,2019-10-19 140054.jpg,13,none,10_19_data\patch\2019-10-19 140054_p13_none.npy
10_19_data,2019-10-19 140054.jpg,14,none,10_19_data\patch\2019-10-19 140054_p14_none.npy
10_19_data,2019-10-19 140054.jpg,15,none,10_19_data\patch\2019-10-19 140054_p15_none.npy
10_19_data,2019-10-19 140054.jpg,16,none,10_19_data\patch\2019-10-19 140054_p16_none.npy
10_19_data,2019-10-19 140054.jpg,17,none,10_19_data\patch\2019-10-19 140054_p17_none.npy
10_19_data,2019-10-19 140054.jpg,18,none,10_19_data\patch\2019-10-19 140054_p18_none.npy
10_19_data,2019-10-19 140054.jpg,19,none,10_19_data\patch\2019-10-19 140054_p19_none.npy
10_19_data,2019-10-19 140054.jpg,20,none,10_19_data\patch\2019-10-19 140054_p20_none.npy
10_19_data,2019-10-19 140054.jpg,21,none,10_19_data\patch\2019-10-19 140054_p21_none.npy
10_19_data,2019-10-19 140054.jpg,22,none,10_19_data\patch\2019-10-19 140054_p22_none.npy
10_19_data,2019-10-19 140054.jpg,23,none,10_19_data\patch\2019-10-19 140054_p23_none.npy
10_19_data,2019-10-19 140054.jpg,24,none,10_19_data\patch\2019-10-19 140054_p24_none.npy
10_19_data,2019-10-19 140054.jpg,25,none,10_19_data\patch\2019-10-19 140054_p25_none.npy
10_19_data,2019-10-19 140054.jpg,26,none,10_19_data\patch\2019-10-19 140054_p26_none.npy
10_19_data,2019-10-19 140054.jpg,27,none,10_19_data\patch\2019-10-19 140054_p27_none.npy
10_19_data,2019-10-19 140054.jpg,28,none,10_19_data\patch\2019-10-19 140054_p28_none.npy
10_19_data,2019-10-19 140054.jpg,29,none,10_19_data\patch\2019-10-19 140054_p29_none.npy
10_19_data,2019-10-19 140054.jpg,30,none,10_19_data\patch\2019-10-19 140054_p30_none.npy
10_19_data,2019-10-19 140054.jpg,31,none,10_19_data\patch\2019-10-19 140054_p31_none.npy
10_19_data,2019-10-19 140054.jpg,32,none,10_19_data\patch\2019-10-19 140054_p32_none.npy
10_19_data,2019-10-19 140054.jpg,33,none,10_19_data\patch\2019-10-19 140054_p33_none.npy
10_19_data,2019-10-19 140054.jpg,34,none,10_19_data\patch\2019-10-19 140054_p34_none.npy
10_19_data,2019-10-19 140054.jpg,35,none,10_19_data\patch\2019-10-19 140054_p35_none.npy
10_19_data,2019-10-19 140054.jpg,36,none,10_19_data\patch\2019-10-19 140054_p36_none.npy
10_19_data,2019-10-19 140054.jpg,37,none,10_19_data\patch\2019-10-19 140054_p37_none.npy
10_19_data,2019-10-19 140054.jpg,38,none,10_19_data\patch\2019-10-19 140054_p38_none.npy
10_19_data,2019-10-19 140054.jpg,39,none,10_19_data\patch\2019-10-19 140054_p39_none.npy
10_19_data,2019-10-19 140054.jpg,40,none,10_19_data\patch\2019-10-19 140054_p40_none.npy
10_19_data,2019-10-19 140054.jpg,41,none,10_19_data\patch\2019-10-19 140054_p41_none.npy
10_19_data,2019-10-19 140054.jpg,42,none,10_19_data\patch\2019-10-19 140054_p42_none.npy
10_19_data,2019-10-19 140054.jpg,43,none,10_19_data\patch\2019-10-19 140054_p43_none.npy
10_19_data,2019-10-19 140054.jpg,44,none,10_19_data\patch\2019-10-19 140054_p44_none.npy
10_19_data,2019-10-19 140054.jpg,45,none,10_19_data\patch\2019-10-19 140054_p45_none.npy
10_19_data,2019-10-19 140054.jpg,46,none,10_19_data\patch\2019-10-19 140054_p46_none.npy
10_19_data,2019-10-19 140054.jpg,47,none,10_19_data\patch\2019-10-19 140054_p47_none.npy
10_19_data,2019-10-19 140054.jpg,48,none,10_19_data\patch\2019-10-19 140054_p48_none.npy
10_19_data,2019-10-19 140054.jpg,49,none,10_19_data\patch\2019-10-19 140054_p49_none.npy
10_19_data,2019-10-19 140057.jpg,0,none,10_19_data\patch\2019-10-19 140057_p0_none.npy
10_19_data,2019-10-19 140057.jpg,1,none,10_19_data\patch\2019-10-19 140057_p1_none.npy
10_19_data,2019-10-19 140057.jpg,2,none,10_19_data\patch\2019-10-19 140057_p2_none.npy
10_19_data,2019-10-19 140057.jpg,3,none,10_19_data\patch\2019-10-19 140057_p3_none.npy
10_19_data,2019-10-19 140057.jpg,4,none,10_19_data\patch\2019-10-19 140057_p4_none.npy
10_19_data,2019-10-19 140057.jpg,5,none,10_19_data\patch\2019-10-19 140057_p5_none.npy
10_19_data,2019-10-19 140057.jpg,6,none,10_19_data\patch\2019-10-19 140057_p6_none.npy
10_19_data,2019-10-19 140057.jpg,7,none,10_19_data\patch\2019-10-19 140057_p7_none.npy
10_19_data,2019-10-19 140057.jpg,8,none,10_19_data\patch\2019-10-19 140057_p8_none.npy
10_19_data,2019-10-19 140057.jpg,9,none,10_19_data\patch\2019-10-19 140057_p9_none.npy
10_19_data,2019-10-19 140057.jpg,10,none,10_19_data\patch\2019-10-19 140057_p10_none.npy
10_19_data,2019-10-19 140057.jpg,11,none,10_19_data\patch\2019-10-19 140057_p11_none.npy
10_19_data,2019-10-19 140057.jpg,12,none,10_19_data\patch\2019-10-19 140057_p12_none.npy
10_19_data,2019-10-19 140057.jpg,13,none,10_19_data\patch\2019-10-19 140057_p13_none.npy
10_19_data,2019-10-19 140057.jpg,14,none,10_19_data\patch\2019-10-19 140057_p14_none.npy
10_19_data,2019-10-19 140057.jpg,15,none,10_19_data\patch\2019-10-19 140057_p15_none.npy
10_19_data,2019-10-19 140057.jpg,16,none,10_19_data\patch\2019-10-19 140057_p16_none.npy
10_19_data,2019-10-19 140057.jpg,17,none,10_19_data\patch\2019-10-19 140057_p17_none.npy
10_19_data,2019-10-19 140057.jpg,18,none,10_19_data\patch\2019-10-19 140057_p18_none.npy
10_19_data,2019-10-19 140057.jpg,19,none,10_19_data\patch\2019-10-19 140057_p19_none.npy
10_19_data,2019-10-19 140057.jpg,20,none,10_19_data\patch\2019-10-19 140057_p20_none.npy
10_19_data,2019-10-19 140057.jpg,21,none,10_19_data\patch\2019-10-19 140057_p21_none.npy
10_19_data,2019-10-19 140057.jpg,22,none,10_19_data\patch\2019-10-19 140057_p22_none.npy
10_19_data,2019-10-19 140057.jpg,23,none,10_19_data\patch\2019-10-19 140057_p23_none.npy
10_19_data,2019-10-19 140057.jpg,24,none,10_19_data\patch\2019-10-19 140057_p24_none.npy
10_19_data,2019-10-19 140057.jpg,25,none,10_19_data\patch\2019-10-19 140057_p25_none.npy
10_19_data,2019-10-19 140057.jpg,26,none,10_19_data\patch\2019-10-19 140057_p26_none.npy
10_19_data,2019-10-19 140057.jpg,27,none,10_19_data\patch\2019-10-19 140057_p27_none.npy
10_19_data,2019-10-19 140057.jpg,28,none,10_19_data\patch\2019-10-19 140057_p28_none.npy
10_19_data,2019-10-19 140057.jpg,29,none,10_19_data\patch\2019-10-19 140057_p29_none.npy
10_19_data,2019-10-19 140057.jpg,30,none,10_19_data\patch\2019-10-19 140057_p30_none.npy
10_19_data,2019-10-19 140057.jpg,31,none,10_19_data\patch\2019-10-19 140057_p31_none.npy
10_19_data,2019-10-19 140057.jpg,32,none,10_19_data\patch\2019-10-19 140057_p32_none.npy
10_19_data,2019-10-19 140057.jpg,33,none,10_19_data\patch\2019-10-19 140057_p33_none.npy
10_19_data,2019-10-19 140057.jpg,34,none,10_19_data\patch\2019-10-19 140057_p34_none.npy
10_19_data,2019-10-19 140057.jpg,35,none,10_19_data\patch\2019-10-19 140057_p35_none.npy
10_19_data,2019-10-19 140057.jpg,36,none,10_19_data\patch\2019-10-19 140057_p36_none.npy
10_19_data,2019-10-19 140057.jpg,37,none,10_19_data\patch\2019-10-19 140057_p37_none.npy
10_19_data,2019-10-19 140057.jpg,38,none,10_19_data\patch\2019-10-19 140057_p38_none.npy
10_19_data,2019-10-19 140057.jpg,39,none,10_19_data\patch\2019-10-19 140057_p39_none.npy
10_19_data,2019-10-19 140057.jpg,40,none,10_19_data\patch\2019-10-19 140057_p40_none.npy
10_19_data,2019-10-19 140057.jpg,41,none,10_19_data\patch\2019-10-19 140057_p41_none.npy
10_19_data,2019-10-19 140057.jpg,42,none,10_19_data\patch\2019-10-19 140057_p42_none.npy
10_19_data,2019-10-19 140057.jpg,43,none,10_19_data\patch\2019-10-19 140057_p43_none.npy
10_19_data,2019-10-19 140057.jpg,44,none,10_19_data\patch\2019-10-19 140057_p44_none.npy
10_19_data,2019-10-19 140057.jpg,45,none,10_19_data\patch\2019-10-19 140057_p45_none.npy
10_19_data,2019-10-19 140057.jpg,46,none,10_19_data\patch\2019-10-19 140057_p46_none.npy
10_19_data,2019-10-19 140057.jpg,47,none,10_19_data\patch\2019-10-19 140057_p47_none.npy
10_19_data,2019-10-19 140057.jpg,48,none,10_19_data\patch\2019-10-19 140057_p48_none.npy
10_19_data,2019-10-19 140057.jpg,49,none,10_19_data\patch\2019-10-19 140057_p49_none.npy
10_19_data,2019-10-19 140059.jpg,0,none,10_19_data\patch\2019-10-19 140059_p0_none.npy
10_19_data,2019-10-19 140059.jpg,1,none,10_19_data\patch\2019-10-19 140059_p1_none.npy
10_19_data,2019-10-19 140059.jpg,2,none,10_19_data\patch\2019-10-19 140059_p2_none.npy
10_19_data,2019-10-19 140059.jpg,3,none,10_19_data\patch\2019-10-19 140059_p3_none.npy
10_19_data,2019-10-19 140059.jpg,4,none,10_19_data\patch\2019-10-19 140059_p4_none.npy
10_19_data,2019-10-19 140059.jpg,5,none,10_19_data\patch\2019-10-19 140059_p5_none.npy
10_19_data,2019-10-19 140059.jpg,6,none,10_19_data\patch\2019-10-19 140059_p6_none.npy
10_19_data,2019-10-19 140059.jpg,7,none,10_19_data\patch\2019-10-19 140059_p7_none.npy
10_19_data,2019-10-19 140059.jpg,8,none,10_19_data\patch\2019-10-19 140059_p8_none.npy
10_19_data,2019-10-19 140059.jpg,9,none,10_19_data\patch\2019-10-19 140059_p9_none.npy
10_19_data,2019-10-19 140059.jpg,10,none,10_19_data\patch\2019-10-19 140059_p10_none.npy
10_19_data,2019-10-19 140059.jpg,11,none,10_19_data\patch\2019-10-19 140059_p11_none.npy
10_19_data,2019-10-19 140059.jpg,12,none,10_19_data\patch\2019-10-19 140059_p12_none.npy
10_19_data,2019-10-19 140059.jpg,13,none,10_19_data\patch\2019-10-19 140059_p13_none.npy
10_19_data,2019-10-19 140059.jpg,14,none,10_19_data\patch\2019-10-19 140059_p14_none.npy
10_19_data,2019-10-19 140059.jpg,15,none,10_19_data\patch\2019-10-19 140059_p15_none.npy
10_19_data,2019-10-19 140059.jpg,16,none,10_19_data\patch\2019-10-19 140059_p16_none.npy
10_19_data,2019-10-19 140059.jpg,17,none,10_19_data\patch\2019-10-19 140059_p17_none.npy
10_19_data,2019-10-19 140059.jpg,18,none,10_19_data\patch\2019-10-19 140059_p18_none.npy
10_19_data,2019-10-19 140059.jpg,19,none,10_19_data\patch\2019-10-19 140059_p19_none.npy
10_19_data,2019-10-19 140059.jpg,20,none,10_19_data\patch\2019-10-19 140059_p20_none.npy
10_19_data,2019-10-19 140059.jpg,21,none,10_19_data\patch\2019-10-19 140059_p21_none.npy
10_19_data,2019-10-19 140059.jpg,22,none,10_19_data\patch\2019-10-19 140059_p22_none.npy
10_19_data,2019-10-19 140059.jpg,23,none,10_19_data\patch\2019-10-19 140059_p23_none.npy
10_19_data,2019-10-19 140059.jpg,24,none,10_19_data\patch\2019-10-19 140059_p24_none.npy
10_19_data,2019-10-19 140059.jpg,25,none,10_19_data\patch\2019-10-19 140059_p25_none.npy
10_19_data,2019-10-19 140059.jpg,26,none,10_19_data\patch\2019-10-19 140059_p26_none.npy
10_19_data,2019-10-19 140059.jpg,27,none,10_19_data\patch\2019-10-19 140059_p27_none.npy
10_19_data,2019-10-19 140059.jpg,28,none,10_19_data\patch\2019-10-19 140059_p28_none.npy
10_19_data,2019-10-19 140059.jpg,29,none,10_19_data\patch\2019-10-19 140059_p29_none.npy
10_19_data,2019-10-19 140059.jpg,30,none,10_19_data\patch\2019-10-19 140059_p30_none.npy
10_19_data,2019-10-19 140059.jpg,31,none,10_19_data\patch\2019-10-19 140059_p31_none.npy
10_19_data,2019-10-19 140059.jpg,32,none,10_19_data\patch\2019-10-19 140059_p32_none.npy
10_19_data,2019-10-19 140059.jpg,33,none,10_19_data\patch\2019-10-19 140059_p33_none.npy
10_19_data,2019-10-19 140059.jpg,34,none,10_19_data\patch\2019-10-19 140059_p34_none.npy
10_19_data,2019-10-19 140059.jpg,35,none,10_19_data\patch\2019-10-19 140059_p35_none.npy
10_19_data,2019-10-19 140059.jpg,36,none,10_19_data\patch\2019-10-19 140059_p36_none.npy
10_19_data,2019-10-19 140059.jpg,37,none,10_19_data\patch\2019-10-19 140059_p37_none.npy
10_19_data,2019-10-19 140059.jpg,38,none,10_19_data\patch\2019-10-19 140059_p38_none.npy
10_19_data,2019-10-19 140059.jpg,39,none,10_19_data\patch\2019-10-19 140059_p39_none.npy
10_19_data,2019-10-19 140059.jpg,40,none,10_19_data\patch\2019-10-19 140059_p40_none.npy
10_19_data,2019-10-19 140059.jpg,41,none,10_19_data\patch\2019-10-19 140059_p41_none.npy
10_19_data,2019-10-19 140059.jpg,42,none,10_19_data\patch\2019-10-19 140059_p42_none.npy
10_19_data,2019-10-19 140059.jpg,43,none,10_19_data\patch\2019-10-19 140059_p43_none.npy
10_19_data,2019-10-19 140059.jpg,44,none,10_19_data\patch\2019-10-19 140059_p44_none.npy
10_19_data,2019-10-19 140059.jpg,45,none,10_19_data\patch\2019-10-19 140059_p45_none.npy
10_19_data,2019-10-19 140059.jpg,46,none,10_19_data\patch\2019-10-19 140059_p46_none.npy
10_19_data,2019-10-19 140059.jpg,47,none,10_19_data\patch\2019-10-19 140059_p47_none.npy
10_19_data,2019-10-19 140059.jpg,48,none,10_19_data\patch\2019-10-19 140059_p48_none.npy
10_19_data,2019-10-19 140059.jpg,49,none,10_19_data\patch\2019-10-19 140059_p49_none.npy
11_10_data,IMG_20191110_103543.jpg,0,none,11_10_data\patch\IMG_20191110_103543_p0_none.npy
11_10_data,IMG_20191110_103543.jpg,1,none,11_10_data\patch\IMG_20191110_103543_p1_none.npy
11_10_data,IMG_20191110_103543.jpg,2,none,11_10_data\patch\IMG_20191110_103543_p2_none.npy
11_10_data,IMG_20191110_103543.jpg,3,none,11_10_data\patch\IMG_20191110_103543_p3_none.npy
11_10_data,IMG_20191110_103543.jpg,4,none,11_10_data\patch\IMG_20191110_103543_p4_none.npy
11_10_data,IMG_20191110_103543.jpg,5,none,11_10_data\patch\IMG_20191110_103543_p5_none.npy
11_10_data,IMG_20191110_103543.jpg,6,none,11_10_data\patch\IMG_20191110_103543_p6_none.npy
11_10_data,IMG_20191110_103543.jpg,7,none,11_10_data\patch\IMG_20191110_103543_p7_none.npy
11_10_data,IMG_20191110_103543.jpg,8,none,11_10_data\patch\IMG_20191110_103543_p8_none.npy
11_10_data,IMG_20191110_103543.jpg,9,none,11_10_data\patch\IMG_20191110_103543_p9_none.npy
11_10_data,IMG_20191110_103543.jpg,10,none,11_10_data\patch\IMG_20191110_103543_p10_none.npy
11_10_data,IMG_20191110_103543.jpg,11,none,11_10_data\patch\IMG_20191110_103543_p11_none.npy
11_10_data,IMG_20191110_103543.jpg,12,none,11_10_data\patch\IMG_20191110_103543_p12_none.npy
11_10_data,IMG_20191110_103543.jpg,13,none,11_10_data\patch\IMG_20191110_103543_p13_none.npy
11_10_data,IMG_20191110_103543.jpg,14,none,11_10_data\patch\IMG_20191110_103543_p14_none.npy
11_10_data,IMG_20191110_103543.jpg,15,none,11_10_data\patch\IMG_20191110_103543_p15_none.npy
11_10_data,IMG_20191110_103543.jpg,16,none,11_10_data\patch\IMG_20191110_103543_p16_none.npy
11_10_data,IMG_20191110_103543.jpg,17,none,11_10_data\patch\IMG_20191110_103543_p17_none.npy
11_10_data,IMG_20191110_103543.jpg,18,none,11_10_data\patch\IMG_20191110_103543_p18_none.npy
11_10_data,IMG_20191110_103543.jpg,19,none,11_10_data\patch\IMG_20191110_103543_p19_none.npy
11_10_data,IMG_20191110_103543.jpg,20,none,11_10_data\patch\IMG_20191110_103543_p20_none.npy
11_10_data,IMG_20191110_103543.jpg,21,none,11_10_data\patch\IMG_20191110_103543_p21_none.npy
11_10_data,IMG_20191110_103543.jpg,22,none,11_10_data\patch\IMG_20191110_103543_p22_none.npy
11_10_data,IMG_20191110_103543.jpg,23,none,11_10_data\patch\IMG_20191110_103543_p23_none.npy
11_10_data,IMG_20191110_103543.jpg,24,none,11_10_data\patch\IMG_20191110_103543_p24_none.npy
11_10_data,IMG_20191110_103543.jpg,25,none,11_10_data\patch\IMG_20191110_103543_p25_none.npy
11_10_data,IMG_20191110_103543.jpg,26,none,11_10_data\patch\IMG_20191110_103543_p26_none.npy
11_10_data,IMG_20191110_103543.jpg,27,none,11_10_data\patch\IMG_20191110_103543_p27_none.npy
11_10_data,IMG_20191110_103543.jpg,28,none,11_10_data\patch\IMG_20191110_103543_p28_none.npy
11_10_data,IMG_20191110_103543.jpg,29,none,11_10_data\patch\IMG_20191110_103543_p29_none.npy
11_10_data,IMG_20191110_103543.jpg,30,none,11_10_data\patch\IMG_20191110_103543_p30_none.npy
11_10_data,IMG_20191110_103543.jpg,31,none,11_10_data\patch\IMG_20191110_103543_p31_none.npy
11_10_data,IMG_20191110_103543.jpg,32,none,11_10_data\patch\IMG_20191110_103543_p32_none.npy
11_10_data,IMG_20191110_103543.jpg,33,none,11_10_data\patch\IMG_20191110_103543_p33_none.npy
11_10_data,IMG_20191110_103543.jpg,34,none,11_10_data\patch\IMG_20191110_103543_p34_none.npy
11_10_data,IMG_20191110_103543.jpg,35,none,11_10_data\patch\IMG_20191110_103543_p35_none.npy
11_10_data,IMG_20191110_103543.jpg,36,none,11_10_data\patch\IMG_20191110_103543_p36_none.npy
11_10_data,IMG_20191110_103543.jpg,37,none,11_10_data\patch\IMG_20191110_103543_p37_none.npy
11_10_data,IMG_20191110_103543.jpg,38,none,11_10_data\patch\IMG_20191110_103543_p38_none.npy
11_10_data,IMG_20191110_103543.jpg,39,none,11_10_data\patch\IMG_20191110_103543_p39_none.npy
11_10_data,IMG_20191110_103543.jpg,40,none,11_10_data\patch\IMG_20191110_103543_p40_none.npy
11_10_data,IMG_20191110_103543.jpg,41,none,11_10_data\patch\IMG_20191110_103543_p41_none.npy
11_10_data,IMG_20191110_103543.jpg,42,none,11_10_data\patch\IMG_20191110_103543_p42_none.npy
11_10_data,IMG_20191110_103543.jpg,43,none,11_10_data\patch\IMG_20191110_103543_p43_none.npy
11_10_data,IMG_20191110_103543.jpg,44,none,11_10_data\patch\IMG_20191110_103543_p44_none.npy
11_10_data,IMG_20191110_103543.jpg,45,none,11_10_data\patch\IMG_20191110_103543_p45_none.npy
11_10_data,IMG_20191110_103543.jpg,46,none,11_10_data\patch\IMG_20191110_103543_p46_none.npy
11_10_data,IMG_20191110_103543.jpg,47,none,11_10_data\patch\IMG_20191110_103543_p47_none.npy
11_10_data,IMG_20191110_103543.jpg,48,none,11_10_data\patch\IMG_20191110_103543_p48_none.npy
11_10_data,IMG_20191110_103543.jpg,49,none,11_10_data\patch\IMG_20191110_103543_p49_none.npy
11_10_data,IMG_20191110_103846.jpg,0,none,11_10_data\patch\IMG_20191110_103846_p0_none.npy
11_10_data,IMG_20191110_103846.jpg,1,none,11_10_data\patch\IMG_20191110_103846_p1_none.npy
11_10_data,IMG_20191110_103846.jpg,2,none,11_10_data\patch\IMG_20191110_103846_p2_none.npy
11_10_data,IMG_20191110_103846.jpg,3,none,11_10_data\patch\IMG_20191110_103846_p3_none.npy
11_10_data,IMG_20191110_103846.jpg,4,none,11_10_data\patch\IMG_20191110_103846_p4_none.npy
11_10_data,IMG_20191110_103846.jpg,5,none,11_10_data\patch\IMG_20191110_103846_p5_none.npy
11_10_data,IMG_20191110_103846.jpg,6,none,11_10_data\patch\IMG_20191110_103846_p6_none.npy
11_10_data,IMG_20191110_103846.jpg,7,none,11_10_data\patch\IMG_20191110_103846_p7_none.npy
11_10_data,IMG_20191110_103846.jpg,8,none,11_10_data\patch\IMG_20191110_103846_p8_none.npy
11_10_data,IMG_20191110_103846.jpg,9,none,11_10_data\patch\IMG_20191110_103846_p9_none.npy
11_10_data,IMG_20191110_103846.jpg,10,none,11_10_data\patch\IMG_20191110_103846_p10_none.npy
11_10_data,IMG_20191110_103846.jpg,11,none,11_10_data\patch\IMG_20191110_103846_p11_none.npy
11_10_data,IMG_20191110_103846.jpg,12,none,11_10_data\patch\IMG_20191110_103846_p12_none.npy
11_10_data,IMG_20191110_103846.jpg,13,none,11_10_data\patch\IMG_20191110_103846_p13_none.npy
11_10_data,IMG_20191110_103846.jpg,14,none,11_10_data\patch\IMG_20191110_103846_p14_none.npy
11_10_data,IMG_20191110_103846.jpg,15,none,11_10_data\patch\IMG_20191110_103846_p15_none.npy
11_10_data,IMG_20191110_103846.jpg,16,none,11_10_data\patch\IMG_20191110_103846_p16_none.npy
11_10_data,IMG_20191110_103846.jpg,17,none,11_10_data\patch\IMG_20191110_103846_p17_none.npy
11_10_data,IMG_20191110_103846.jpg,18,none,11_10_data\patch\IMG_20191110_103846_p18_none.npy
11_10_data,IMG_20191110_103846.jpg,19,none,11_10_data\patch\IMG_20191110_103846_p19_none.npy
11_10_data,IMG_20191110_103846.jpg,20,none,11_10_data\patch\IMG_20191110_103846_p20_none.npy
11_10_data,IMG_20191110_103846.jpg,21,none,11_10_data\patch\IMG_20191110_103846_p21_none.npy
11_10_data,IMG_20191110_103846.jpg,22,none,11_10_data\patch\IMG_20191110_103846_p22_none.npy
11_10_data,IMG_20191110_103846.jpg,23,none,11_10_data\patch\IMG_20191110_103846_p23_none.npy
11_10_data,IMG_20191110_103846.jpg,24,none,11_10_data\patch\IMG_20191110_103846_p24_none.npy
11_10_data,IMG_20191110_103846.jpg,25,none,11_10_data\patch\IMG_20191110_103846_p25_none.npy
11_10_data,IMG_20191110_103846.jpg,26,none,11_10_data\patch\IMG_20191110_103846_p26_none.npy
11_10_data,IMG_20191110_103846.jpg,27,none,11_10_data\patch\IMG_20191110_103846_p27_none.npy
11_10_data,IMG_20191110_103846.jpg,28,none,11_10_data\patch\IMG_20191110_103846_p28_none.npy
11_10_data,IMG_20191110_103846.jpg,29,none,11_10_data\patch\IMG_20191110_103846_p29_none.npy
11_10_data,IMG_20191110_103846.jpg,30,none,11_10_data\patch\IMG_20191110_103846_p30_none.npy
11_10_data,IMG_20191110_103846.jpg,31,none,11_10_data\patch\IMG_20191110_103846_p31_none.npy
11_10_data,IMG_20191110_103846.jpg,32,none,11_10_data\patch\IMG_20191110_103846_p32_none.npy
11_10_data,IMG_20191110_103846.jpg,33,none,11_10_data\patch\IMG_20191110_103846_p33_none.npy
11_10_data,IMG_20191110_103846.jpg,34,none,11_10_data\patch\IMG_20191110_103846_p34_none.npy
11_10_data,IMG_20191110_103846.jpg,35,none,11_10_data\patch\IMG_20191110_103846_p35_none.npy
11_10_data,IMG_20191110_103846.jpg,36,none,11_10_data\patch\IMG_20191110_103846_p36_none.npy
11_10_data,IMG_20191110_103846.jpg,37,none,11_10_data\patch\IMG_20191110_103846_p37_none.npy
11_10_data,IMG_20191110_103846.jpg,38,none,11_10_data\patch\IMG_20191110_103846_p38_none.npy
11_10_data,IMG_20191110_103846.jpg,39,none,11_10_data\patch\IMG_20191110_103846_p39_none.npy
11_10_data,IMG_20191110_103846.jpg,40,none,11_10_data\patch\IMG_20191110_103846_p40_none.npy
11_10_data,IMG_20191110_103846.jpg,41,none,11_10_data\patch\IMG_20191110_103846_p41_none.npy
11_10_data,IMG_20191110_103846.jpg,42,none,11_10_data\patch\IMG_20191110_103846_p42_none.npy
11_10_data,IMG_20191110_103846.jpg,43,none,11_10_data\patch\IMG_20191110_103846_p43_none.npy
11_10_data,IMG_20191110_103846.jpg,44,none,11_10_data\patch\IMG_20191110_103846_p44_none.npy
11_10_data,IMG_20191110_103846.jpg,45,none,11_10_data\patch\IMG_20191110_103846_p45_none.npy
11_10_data,IMG_20191110_103846.jpg,46,none,11_10_data\patch\IMG_20191110_103846_p46_none.npy
11_10_data,IMG_20191110_103846.jpg,47,none,11_10_data\patch\IMG_20191110_103846_p47_none.npy
11_10_data,IMG_20191110_103846.jpg,48,none,11_10_data\patch\IMG_20191110_103846_p48_none.npy
11_10_data,IMG_20191110_103846.jpg,49,none,11_10_data\patch\IMG_20191110_103846_p49_none.npy
11_10_data,IMG_20191110_105409.jpg,0,none,11_10_data\patch\IMG_20191110_105409_p0_none.npy
11_10_data,IMG_20191110_105409.jpg,1,none,11_10_data\patch\IMG_20191110_105409_p1_none.npy
11_10_data,IMG_20191110_105409.jpg,2,none,11_10_data\patch\IMG_20191110_105409_p2_none.npy
11_10_data,IMG_20191110_105409.jpg,3,none,11_10_data\patch\IMG_20191110_105409_p3_none.npy
11_10_data,IMG_20191110_105409.jpg,4,none,11_10_data\patch\IMG_20191110_105409_p4_none.npy
11_10_data,IMG_20191110_105409.jpg,5,none,11_10_data\patch\IMG_20191110_105409_p5_none.npy
11_10_data,IMG_20191110_105409.jpg,6,none,11_10_data\patch\IMG_20191110_105409_p6_none.npy
11_10_data,IMG_20191110_105409.jpg,7,none,11_10_data\patch\IMG_20191110_105409_p7_none.npy
11_10_data,IMG_20191110_105409.jpg,8,none,11_10_data\patch\IMG_20191110_105409_p8_none.npy
11_10_data,IMG_20191110_105409.jpg,9,none,11_10_data\patch\IMG_20191110_105409_p9_none.npy
11_10_data,IMG_20191110_105409.jpg,10,none,11_10_data\patch\IMG_20191110_105409_p10_none.npy
11_10_data,IMG_20191110_105409.jpg,11,none,11_10_data\patch\IMG_20191110_105409_p11_none.npy
11_10_data,IMG_20191110_105409.jpg,12,none,11_10_data\patch\IMG_20191110_105409_p12_none.npy
11_10_data,IMG_20191110_105409.jpg,13,none,11_10_data\patch\IMG_20191110_105409_p13_none.npy
11_10_data,IMG_20191110_105409.jpg,14,none,11_10_data\patch\IMG_20191110_105409_p14_none.npy
11_10_data,IMG_20191110_105409.jpg,15,none,11_10_data\patch\IMG_20191110_105409_p15_none.npy
11_10_data,IMG_20191110_105409.jpg,16,none,11_10_data\patch\IMG_20191110_105409_p16_none.npy
11_10_data,IMG_20191110_105409.jpg,17,none,11_10_data\patch\IMG_20191110_105409_p17_none.npy
11_10_data,IMG_20191110_105409.jpg,18,none,11_10_data\patch\IMG_20191110_105409_p18_none.npy
11_10_data,IMG_20191110_105409.jpg,19,none,11_10_data\patch\IMG_20191110_105409_p19_none.npy
11_10_data,IMG_20191110_105409.jpg,20,none,11_10_data\patch\IMG_20191110_105409_p20_none.npy
11_10_data,IMG_20191110_105409.jpg,21,none,11_10_data\patch\IMG_20191110_105409_p21_none.npy
11_10_data,IMG_20191110_105409.jpg,22,none,11_10_data\patch\IMG_20191110_105409_p22_none.npy
11_10_data,IMG_20191110_105409.jpg,23,none,11_10_data\patch\IMG_20191110_105409_p23_none.npy
11_10_data,IMG_20191110_105409.jpg,24,none,11_10_data\patch\IMG_20191110_105409_p24_none.npy
11_10_data,IMG_20191110_105409.jpg,25,none,11_10_data\patch\IMG_20191110_105409_p25_none.npy
11_10_data,IMG_20191110_105409.jpg,26,none,11_10_data\patch\IMG_20191110_105409_p26_none.npy
11_10_data,IMG_20191110_105409.jpg,27,none,11_10_data\patch\IMG_20191110_105409_p27_none.npy
11_10_data,IMG_20191110_105409.jpg,28,none,11_10_data\patch\IMG_20191110_105409_p28_none.npy
11_10_data,IMG_20191110_105409.jpg,29,none,11_10_data\patch\IMG_20191110_105409_p29_none.npy
11_10_data,IMG_20191110_105409.jpg,30,none,11_10_data\patch\IMG_20191110_105409_p30_none.npy
11_10_data,IMG_20191110_105409.jpg,31,none,11_10_data\patch\IMG_20191110_105409_p31_none.npy
11_10_data,IMG_20191110_105409.jpg,32,none,11_10_data\patch\IMG_20191110_105409_p32_none.npy
11_10_data,IMG_20191110_105409.jpg,33,none,11_10_data\patch\IMG_20191110_105409_p33_none.npy
11_10_data,IMG_20191110_105409.jpg,34,none,11_10_data\patch\IMG_20191110_105409_p34_none.npy
11_10_data,IMG_20191110_105409.jpg,35,none,11_10_data\patch\IMG_20191110_105409_p35_none.npy
11_10_data,IMG_20191110_105409.jpg,36,none,11_10_data\patch\IMG_20191110_105409_p36_none.npy
11_10_data,IMG_20191110_105409.jpg,37,none,11_10_data\patch\IMG_20191110_105409_p37_none.npy
11_10_data,IMG_20191110_105409.jpg,38,none,11_10_data\patch\IMG_20191110_105409_p38_none.npy
11_10_data,IMG_20191110_105409.jpg,39,none,11_10_data\patch\IMG_20191110_105409_p39_none.npy
11_10_data,IMG_20191110_105409.jpg,40,none,11_10_data\patch\IMG_20191110_105409_p40_none.npy
11_10_data,IMG_20191110_105409.jpg,41,none,11_10_data\patch\IMG_20191110_105409_p41_none.npy
11_10_data,IMG_20191110_105409.jpg,42,none,11_10_data\patch\IMG_20191110_105409_p42_none.npy
11_10_data,IMG_20191110_105409.jpg,43,none,11_10_data\patch\IMG_20191110_105409_p43_none.npy
11_10_data,IMG_20191110_105409.jpg,44,none,11_10_data\patch\IMG_20191110_105409_p44_none.npy
11_10_data,IMG_20191110_105409.jpg,45,none,11_10_data\patch\IMG_20191110_105409_p45_none.npy
11_10_data,IMG_20191110_105409.jpg,46,none,11_10_data\patch\IMG_20191110_105409_p46_none.npy
11_10_data,IMG_20191110_105409.jpg,47,none,11_10_data\patch\IMG_20191110_105409_p47_none.npy
11_10_data,IMG_20191110_105409.jpg,48,none,11_10_data\patch\IMG_20191110_105409_p48_none.npy
11_10_data,IMG_20191110_105409.jpg,49,none,11_10_data\patch\IMG_20191110_105409_p49_none.npy
11_10_data,IMG_20191110_105430.jpg,0,none,11_10_data\patch\IMG_20191110_105430_p0_none.npy
11_10_data,IMG_20191110_105430.jpg,1,none,11_10_data\patch\IMG_20191110_105430_p1_none.npy
11_10_data,IMG_20191110_105430.jpg,2,none,11_10_data\patch\IMG_20191110_105430_p2_none.npy
11_10_data,IMG_20191110_105430.jpg,3,none,11_10_data\patch\IMG_20191110_105430_p3_none.npy
11_10_data,IMG_20191110_105430.jpg,4,none,11_10_data\patch\IMG_20191110_105430_p4_none.npy
11_10_data,IMG_20191110_105430.jpg,5,none,11_10_data\patch\IMG_20191110_105430_p5_none.npy
11_10_data,IMG_20191110_105430.jpg,6,none,11_10_data\patch\IMG_20191110_105430_p6_none.npy
11_10_data,IMG_20191110_105430.jpg,7,none,11_10_data\patch\IMG_20191110_105430_p7_none.npy
11_10_data,IMG_20191110_105430.jpg,8,none,11_10_data\patch\IMG_20191110_105430_p8_none.npy
11_10_data,IMG_20191110_105430.jpg,9,none,11_10_data\patch\IMG_20191110_105430_p9_none.npy
11_10_data,IMG_20191110_105430.jpg,10,none,11_10_data\patch\IMG_20191110_105430_p10_none.npy
11_10_data,IMG_20191110_105430.jpg,11,none,11_10_data\patch\IMG_20191110_105430_p11_none.npy
11_10_data,IMG_20191110_105430.jpg,12,none,11_10_data\patch\IMG_20191110_105430_p12_none.npy
11_10_data,IMG_20191110_105430.jpg,13,none,11_10_data\patch\IMG_20191110_105430_p13_none.npy
11_10_data,IMG_20191110_105430.jpg,14,none,11_10_data\patch\IMG_20191110_105430_p14_none.npy
11_10_data,IMG_20191110_105430.jpg,15,none,11_10_data\patch\IMG_20191110_105430_p15_none.npy
11_10_data,IMG_20191110_105430.jpg,16,none,11_10_data\patch\IMG_20191110_105430_p16_none.npy
11_10_data,IMG_20191110_105430.jpg,17,none,11_10_data\patch\IMG_20191110_105430_p17_none.npy
11_10_data,IMG_20191110_105430.jpg,18,none,11_10_data\patch\IMG_20191110_105430_p18_none.npy
11_10_data,IMG_20191110_105430.jpg,19,none,11_10_data\patch\IMG_20191110_105430_p19_none.npy
11_10_data,IMG_20191110_105430.jpg,20,none,11_10_data\patch\IMG_20191110_105430_p20_none.npy
11_10_data,IMG_20191110_105430.jpg,21,none,11_10_data\patch\IMG_20191110_105430_p21_none.npy
11_10_data,IMG_20191110_105430.jpg,22,none,11_10_data\patch\IMG_20191110_105430_p22_none.npy
11_10_data,IMG_20191110_105430.jpg,23,none,11_10_data\patch\IMG_20191110_105430_p23_none.npy
11_10_data,IMG_20191110_105430.jpg,24,none,11_10_data\patch\IMG_20191110_105430_p24_none.npy
11_10_data,IMG_20191110_105430.jpg,25,none,11_10_data\patch\IMG_20191110_105430_p25_none.npy
11_10_data,IMG_20191110_105430.jpg,26,none,11_10_data\patch\IMG_20191110_105430_p26_none.npy
11_10_data,IMG_20191110_105430.jpg,27,none,11_10_data\patch\IMG_20191110_105430_p27_none.npy
11_10_data,IMG_20191110_105430.jpg,28,none,11_10_data\patch\IMG_20191110_105430_p28_none.npy
11_10_data,IMG_20191110_105430.jpg,29,none,11_10_data\patch\IMG_20191110_105430_p29_none.npy
11_10_data,IMG_20191110_105430.jpg,30,none,11_10_data\patch\IMG_20191110_105430_p30_none.npy
11_10_data,IMG_20191110_105430.jpg,31,none,11_10_data\patch\IMG_20191110_105430_p31_none.npy
11_10_data,IMG_20191110_105430.jpg,32,none,11_10_data\patch\IMG_20191110_105430_p32_none.npy
11_10_data,IMG_20191110_105430.jpg,33,none,11_10_data\patch\IMG_20191110_105430_p33_none.npy
11_10_data,IMG_20191110_105430.jpg,34,none,11_10_data\patch\IMG_20191110_105430_p34_none.npy
11_10_data,IMG_20191110_105430.jpg,35,none,11_10_data\patch\IMG_20191110_105430_p35_none.npy
11_10_data,IMG_20191110_105430.jpg,36,none,11_10_data\patch\IMG_20191110_105430_p36_none.npy
11_10_data,IMG_20191110_105430.jpg,37,none,11_10_data\patch\IMG_20191110_105430_p37_none.npy
11_10_data,IMG_20191110_105430.jpg,38,none,11_10_data\patch\IMG_20191110_105430_p38_none.npy
11_10_data,IMG_20191110_105430.jpg,39,none,11_10_data\patch\IMG_20191110_105430_p39_none.npy
11_10_data,IMG_20191110_105430.jpg,40,none,11_10_data\patch\IMG_20191110_105430_p40_none.npy
11_10_data,IMG_20191110_105430.jpg,41,none,11_10_data\patch\IMG_20191110_105430_p41_none.npy
11_10_data,IMG_20191110_105430.jpg,42,none,11_10_data\patch\IMG_20191110_105430_p42_none.npy
11_10_data,IMG_20191110_105430.jpg,43,none,11_10_data\patch\IMG_20191110_105430_p43_none.npy
11_10_data,IMG_20191110_105430.jpg,44,none,11_10_data\patch\IMG_20191110_105430_p44_none.npy
11_10_data,IMG_20191110_105430.jpg,45,none,11_10_data\patch\IMG_20191110_105430_p45_none.npy
11_10_data,IMG_20191110_105430.jpg,46,none,11_10_data\patch\IMG_20191110_105430_p46_none.npy
11_10_data,IMG_20191110_105430.jpg,47,none,11_10_data\patch\IMG_20191110_105430_p47_none.npy
11_10_data,IMG_20191110_105430.jpg,48,none,11_10_data\patch\IMG_20191110_105430_p48_none.npy
11_10_data,IMG_20191110_105430.jpg,49,none,11_10_data\patch\IMG_20191110_105430_p49_none.npy
11_10_data,IMG_20191110_105515.jpg,0,none,11_10_data\patch\IMG_20191110_105515_p0_none.npy
11_10_data,IMG_20191110_105515.jpg,1,none,11_10_data\patch\IMG_20191110_105515_p1_none.npy
11_10_data,IMG_20191110_105515.jpg,2,none,11_10_data\patch\IMG_20191110_105515_p2_none.npy
11_10_data,IMG_20191110_105515.jpg,3,none,11_10_data\patch\IMG_20191110_105515_p3_none.npy
11_10_data,IMG_20191110_105515.jpg,4,none,11_10_data\patch\IMG_20191110_105515_p4_none.npy
11_10_data,IMG_20191110_105515.jpg,5,none,11_10_data\patch\IMG_20191110_105515_p5_none.npy
11_10_data,IMG_20191110_105515.jpg,6,none,11_10_data\patch\IMG_20191110_105515_p6_none.npy
11_10_data,IMG_20191110_105515.jpg,7,none,11_10_data\patch\IMG_20191110_105515_p7_none.npy
11_10_data,IMG_20191110_105515.jpg,8,none,11_10_data\patch\IMG_20191110_105515_p8_none.npy
11_10_data,IMG_20191110_105515.jpg,9,none,11_10_data\patch\IMG_20191110_105515_p9_none.npy
11_10_data,IMG_20191110_105515.jpg,10,none,11_10_data\patch\IMG_20191110_105515_p10_none.npy
11_10_data,IMG_20191110_105515.jpg,11,none,11_10_data\patch\IMG_20191110_105515_p11_none.npy
11_10_data,IMG_20191110_105515.jpg,12,none,11_10_data\patch\IMG_20191110_105515_p12_none.npy
11_10_data,IMG_20191110_105515.jpg,13,none,11_10_data\patch\IMG_20191110_105515_p13_none.npy
11_10_data,IMG_20191110_105515.jpg,14,none,11_10_data\patch\IMG_20191110_105515_p14_none.npy
11_10_data,IMG_20191110_105515.jpg,15,none,11_10_data\patch\IMG_20191110_105515_p15_none.npy
11_10_data,IMG_20191110_105515.jpg,16,none,11_10_data\patch\IMG_20191110_105515_p16_none.npy
11_10_data,IMG_20191110_105515.jpg,17,none,11_10_data\patch\IMG_20191110_105515_p17_none.npy
11_10_data,IMG_20191110_105515.jpg,18,none,11_10_data\patch\IMG_20191110_105515_p18_none.npy
11_10_data,IMG_20191110_105515.jpg,19,none,11_10_data\patch\IMG_20191110_105515_p19_none.npy
11_10_data,IMG_20191110_105515.jpg,20,none,11_10_data\patch\IMG_20191110_105515_p20_none.npy
11_10_data,IMG_20191110_105515.jpg,21,none,11_10_data\patch\IMG_20191110_105515_p21_none.npy
11_10_data,IMG_20191110_105515.jpg,22,none,11_10_data\patch\IMG_20191110_105515_p22_none.npy
11_10_data,IMG_20191110_105515.jpg,23,none,11_10_data\patch\IMG_20191110_105515_p23_none.npy
11_10_data,IMG_20191110_105515.jpg,24,none,11_10_data\patch\IMG_20191110_105515_p24_none.npy
11_10_data,IMG_20191110_105515.jpg,25,none,11_10_data\patch\IMG_20191110_105515_p25_none.npy
11_10_data,IMG_20191110_105515.jpg,26,none,11_10_data\patch\IMG_20191110_105515_p26_none.npy
11_10_data,IMG_20191110_105515.jpg,27,none,11_10_data\patch\IMG_20191110_105515_p27_none.npy
11_10_data,IMG_20191110_105515.jpg,28,none,11_10_data\patch\IMG_20191110_105515_p28_none.npy
11_10_data,IMG_20191110_105515.jpg,29,none,11_10_data\patch\IMG_20191110_105515_p29_none.npy
11_10_data,IMG_20191110_105515.jpg,30,none,11_10_data\patch\IMG_20191110_105515_p30_none.npy
11_10_data,IMG_20191110_105515.jpg,31,none,11_10_data\patch\IMG_20191110_105515_p31_none.npy
11_10_data,IMG_20191110_105515.jpg,32,none,11_10_data\patch\IMG_20191110_105515_p32_none.npy
11_10_data,IMG_20191110_105515.jpg,33,none,11_10_data\patch\IMG_20191110_105515_p33_none.npy
11_10_data,IMG_20191110_105515.jpg,34,none,11_10_data\patch\IMG_20191110_105515_p34_none.npy
11_10_data,IMG_20191110_105515.jpg,35,none,11_10_data\patch\IMG_20191110_105515_p35_none.npy
11_10_data,IMG_20191110_105515.jpg,36,none,11_10_data\patch\IMG_20191110_105515_p36_none.npy
11_10_data,IMG_20191110_105515.jpg,37,none,11_10_data\patch\IMG_20191110_105515_p37_none.npy
11_10_data,IMG_20191110_105515.jpg,38,none,11_10_data\patch\IMG_20191110_105515_p38_none.npy
11_10_data,IMG_20191110_105515.jpg,39,none,11_10_data\patch\IMG_20191110_105515_p39_none.npy
11_10_data,IMG_20191110_105515.jpg,40,none,11_10_data\patch\IMG_20191110_105515_p40_none.npy
11_10_data,IMG_20191110_105515.jpg,41,none,11_10_data\patch\IMG_20191110_105515_p41_none.npy
11_10_data,IMG_20191110_105515.jpg,42,none,11_10_data\patch\IMG_20191110_105515_p42_none.npy
11_10_data,IMG_20191110_105515.jpg,43,none,11_10_data\patch\IMG_20191110_105515_p43_none.npy
11_10_data,IMG_20191110_105515.jpg,44,none,11_10_data\patch\IMG_20191110_105515_p44_none.npy
11_10_data,IMG_20191110_105515.jpg,45,none,11_10_data\patch\IMG_20191110_105515_p45_none.npy
11_10_data,IMG_20191110_105515.jpg,46,none,11_10_data\patch\IMG_20191110_105515_p46_none.npy
11_10_data,IMG_20191110_105515.jpg,47,none,11_10_data\patch\IMG_20191110_105515_p47_none.npy
11_10_data,IMG_20191110_105515.jpg,48,none,11_10_data\patch\IMG_20191110_105515_p48_none.npy
11_10_data,IMG_20191110_105515.jpg,49,none,11_10_data\patch\IMG_20191110_105515_p49_none.npy
11_10_data,IMG_20191110_110724.jpg,0,none,11_10_data\patch\IMG_20191110_110724_p0_none.npy
11_10_data,IMG_20191110_110724.jpg,1,none,11_10_data\patch\IMG_20191110_110724_p1_none.npy
11_10_data,IMG_20191110_110724.jpg,2,none,11_10_data\patch\IMG_20191110_110724_p2_none.npy
11_10_data,IMG_20191110_110724.jpg,3,none,11_10_data\patch\IMG_20191110_110724_p3_none.npy
11_10_data,IMG_20191110_110724.jpg,4,none,11_10_data\patch\IMG_20191110_110724_p4_none.npy
11_10_data,IMG_20191110_110724.jpg,5,none,11_10_data\patch\IMG_20191110_110724_p5_none.npy
11_10_data,IMG_20191110_110724.jpg,6,none,11_10_data\patch\IMG_20191110_110724_p6_none.npy
11_10_data,IMG_20191110_110724.jpg,7,none,11_10_data\patch\IMG_20191110_110724_p7_none.npy
11_10_data,IMG_20191110_110724.jpg,8,none,11_10_data\patch\IMG_20191110_110724_p8_none.npy
11_10_data,IMG_20191110_110724.jpg,9,none,11_10_data\patch\IMG_20191110_110724_p9_none.npy
11_10_data,IMG_20191110_110724.jpg,10,none,11_10_data\patch\IMG_20191110_110724_p10_none.npy
11_10_data,IMG_20191110_110724.jpg,11,none,11_10_data\patch\IMG_20191110_110724_p11_none.npy
11_10_data,IMG_20191110_110724.jpg,12,none,11_10_data\patch\IMG_20191110_110724_p12_none.npy
11_10_data,IMG_20191110_110724.jpg,13,none,11_10_data\patch\IMG_20191110_110724_p13_none.npy
11_10_data,IMG_20191110_110724.jpg,14,none,11_10_data\patch\IMG_20191110_110724_p14_none.npy
11_10_data,IMG_20191110_110724.jpg,15,none,11_10_data\patch\IMG_20191110_110724_p15_none.npy
11_10_data,IMG_20191110_110724.jpg,16,none,11_10_data\patch\IMG_20191110_110724_p16_none.npy
11_10_data,IMG_20191110_110724.jpg,17,none,11_10_data\patch\IMG_20191110_110724_p17_none.npy
11_10_data,IMG_20191110_110724.jpg,18,none,11_10_data\patch\IMG_20191110_110724_p18_none.npy
11_10_data,IMG_20191110_110724.jpg,19,none,11_10_data\patch\IMG_20191110_110724_p19_none.npy
11_10_data,IMG_20191110_110724.jpg,20,none,11_10_data\patch\IMG_20191110_110724_p20_none.npy
11_10_data,IMG_20191110_110724.jpg,21,none,11_10_data\patch\IMG_20191110_110724_p21_none.npy
11_10_data,IMG_20191110_110724.jpg,22,none,11_10_data\patch\IMG_20191110_110724_p22_none.npy
11_10_data,IMG_20191110_110724.jpg,23,none,11_10_data\patch\IMG_20191110_110724_p23_none.npy
11_10_data,IMG_20191110_110724.jpg,24,none,11_10_data\patch\IMG_20191110_110724_p24_none.npy
11_10_data,IMG_20191110_110724.jpg,25,none,11_10_data\patch\IMG_20191110_110724_p25_none.npy
11_10_data,IMG_20191110_110724.jpg,26,none,11_10_data\patch\IMG_20191110_110724_p26_none.npy
11_10_data,IMG_20191110_110724.jpg,27,none,11_10_data\patch\IMG_20191110_110724_p27_none.npy
11_10_data,IMG_20191110_110724.jpg,28,none,11_10_data\patch\IMG_20191110_110724_p28_none.npy
11_10_data,IMG_20191110_110724.jpg,29,none,11_10_data\patch\IMG_20191110_110724_p29_none.npy
11_10_data,IMG_20191110_110724.jpg,30,none,11_10_data\patch\IMG_20191110_110724_p30_none.npy
11_10_data,IMG_20191110_110724.jpg,31,none,11_10_data\patch\IMG_20191110_110724_p31_none.npy
11_10_data,IMG_20191110_110724.jpg,32,none,11_10_data\patch\IMG_20191110_110724_p32_none.npy
11_10_data,IMG_20191110_110724.jpg,33,none,11_10_data\patch\IMG_20191110_110724_p33_none.npy
11_10_data,IMG_20191110_110724.jpg,34,none,11_10_data\patch\IMG_20191110_110724_p34_none.npy
11_10_data,IMG_20191110_110724.jpg,35,none,11_10_data\patch\IMG_20191110_110724_p35_none.npy
11_10_data,IMG_20191110_110724.jpg,36,none,11_10_data\patch\IMG_20191110_110724_p36_none.npy
11_10_data,IMG_20191110_110724.jpg,37,none,11_10_data\patch\IMG_20191110_110724_p37_none.npy
11_10_data,IMG_20191110_110724.jpg,38,none,11_10_data\patch\IMG_20191110_110724_p38_none.npy
11_10_data,IMG_20191110_110724.jpg,39,none,11_10_data\patch\IMG_20191110_110724_p39_none.npy
11_10_data,IMG_20191110_110724.jpg,40,none,11_10_data\patch\IMG_20191110_110724_p40_none.npy
11_10_data,IMG_20191110_110724.jpg,41,none,11_10_data\patch\IMG_20191110_110724_p41_none.npy
11_10_data,IMG_20191110_110724.jpg,42,none,11_10_data\patch\IMG_20191110_110724_p42_none.npy
11_10_data,IMG_20191110_110724.jpg,43,none,11_10_data\patch\IMG_20191110_110724_p43_none.npy
11_10_data,IMG_20191110_110724.jpg,44,none,11_10_data\patch\IMG_20191110_110724_p44_none.npy
11_10_data,IMG_20191110_110724.jpg,45,none,11_10_data\patch\IMG_20191110_110724_p45_none.npy
11_10_data,IMG_20191110_110724.jpg,46,none,11_10_data\patch\IMG_20191110_110724_p46_none.npy
11_10_data,IMG_20191110_110724.jpg,47,none,11_10_data\patch\IMG_20191110_110724_p47_none.npy
11_10_data,IMG_20191110_110724.jpg,48,none,11_10_data\patch\IMG_20191110_110724_p48_none.npy
11_10_data,IMG_20191110_110724.jpg,49,none,11_10_data\patch\IMG_20191110_110724_p49_none.npy
11_10_data,IMG_20191110_110839.jpg,0,none,11_10_data\patch\IMG_20191110_110839_p0_none.npy
11_10_data,IMG_20191110_110839.jpg,1,none,11_10_data\patch\IMG_20191110_110839_p1_none.npy
11_10_data,IMG_20191110_110839.jpg,2,none,11_10_data\patch\IMG_20191110_110839_p2_none.npy
11_10_data,IMG_20191110_110839.jpg,3,none,11_10_data\patch\IMG_20191110_110839_p3_none.npy
11_10_data,IMG_20191110_110839.jpg,4,none,11_10_data\patch\IMG_20191110_110839_p4_none.npy
11_10_data,IMG_20191110_110839.jpg,5,none,11_10_data\patch\IMG_20191110_110839_p5_none.npy
11_10_data,IMG_20191110_110839.jpg,6,none,11_10_data\patch\IMG_20191110_110839_p6_none.npy
11_10_data,IMG_20191110_110839.jpg,7,none,11_10_data\patch\IMG_20191110_110839_p7_none.npy
11_10_data,IMG_20191110_110839.jpg,8,none,11_10_data\patch\IMG_20191110_110839_p8_none.npy
11_10_data,IMG_20191110_110839.jpg,9,none,11_10_data\patch\IMG_20191110_110839_p9_none.npy
11_10_data,IMG_20191110_110839.jpg,10,none,11_10_data\patch\IMG_20191110_110839_p10_none.npy
11_10_data,IMG_20191110_110839.jpg,11,none,11_10_data\patch\IMG_20191110_110839_p11_none.npy
11_10_data,IMG_20191110_110839.jpg,12,none,11_10_data\patch\IMG_20191110_110839_p12_none.npy
11_10_data,IMG_20191110_110839.jpg,13,none,11_10_data\patch\IMG_20191110_110839_p13_none.npy
11_10_data,IMG_20191110_110839.jpg,14,none,11_10_data\patch\IMG_20191110_110839_p14_none.npy
11_10_data,IMG_20191110_110839.jpg,15,none,11_10_data\patch\IMG_20191110_110839_p15_none.npy
11_10_data,IMG_20191110_110839.jpg,16,none,11_10_data\patch\IMG_20191110_110839_p16_none.npy
11_10_data,IMG_20191110_110839.jpg,17,none,11_10_data\patch\IMG_20191110_110839_p17_none.npy
11_10_data,IMG_20191110_110839.jpg,18,none,11_10_data\patch\IMG_20191110_110839_p18_none.npy
11_10_data,IMG_20191110_110839.jpg,19,none,11_10_data\patch\IMG_20191110_110839_p19_none.npy
11_10_data,IMG_20191110_110839.jpg,20,none,11_10_data\patch\IMG_20191110_110839_p20_none.npy
11_10_data,IMG_20191110_110839.jpg,21,none,11_10_data\patch\IMG_20191110_110839_p21_none.npy
11_10_data,IMG_20191110_110839.jpg,22,none,11_10_data\patch\IMG_20191110_110839_p22_none.npy
11_10_data,IMG_20191110_110839.jpg,23,none,11_10_data\patch\IMG_20191110_110839_p23_none.npy
11_10_data,IMG_20191110_110839.jpg,24,none,11_10_data\patch\IMG_20191110_110839_p24_none.npy
11_10_data,IMG_20191110_110839.jpg,25,none,11_10_data\patch\IMG_20191110_110839_p25_none.npy
11_10_data,IMG_20191110_110839.jpg,26,none,11_10_data\patch\IMG_20191110_110839_p26_none.npy
11_10_data,IMG_20191110_110839.jpg,27,none,11_10_data\patch\IMG_20191110_110839_p27_none.npy
11_10_data,IMG_20191110_110839.jpg,28,none,11_10_data\patch\IMG_20191110_110839_p28_none.npy
11_10_data,IMG_20191110_110839.jpg,29,none,11_10_data\patch\IMG_20191110_110839_p29_none.npy
11_10_data,IMG_20191110_110839.jpg,30,none,11_10_data\patch\IMG_20191110_110839_p30_none.npy
11_10_data,IMG_20191110_110839.jpg,31,none,11_10_data\patch\IMG_20191110_110839_p31_none.npy
11_10_data,IMG_20191110_110839.jpg,32,none,11_10_data\patch\IMG_20191110_110839_p32_none.npy
11_10_data,IMG_20191110_110839.jpg,33,none,11_10_data\patch\IMG_20191110_110839_p33_none.npy
11_10_data,IMG_20191110_110839.jpg,34,none,11_10_data\patch\IMG_20191110_110839_p34_none.npy
11_10_data,IMG_20191110_110839.jpg,35,none,11_10_data\patch\IMG_20191110_110839_p35_none.npy
11_10_data,IMG_20191110_110839.jpg,36,none,11_10_data\patch\IMG_20191110_110839_p36_none.npy
11_10_data,IMG_20191110_110839.jpg,37,none,11_10_data\patch\IMG_20191110_110839_p37_none.npy
11_10_data,IMG_20191110_110839.jpg,38,none,11_10_data\patch\IMG_20191110_110839_p38_none.npy
11_10_data,IMG_20191110_110839.jpg,39,none,11_10_data\patch\IMG_20191110_110839_p39_none.npy
11_10_data,IMG_20191110_110839.jpg,40,none,11_10_data\patch\IMG_20191110_110839_p40_none.npy
11_10_data,IMG_20191110_110839.jpg,41,none,11_10_data\patch\IMG_20191110_110839_p41_none.npy
11_10_data,IMG_20191110_110839.jpg,42,none,11_10_data\patch\IMG_20191110_110839_p42_none.npy
11_10_data,IMG_20191110_110839.jpg,43,none,11_10_data\patch\IMG_20191110_110839_p43_none.npy
11_10_data,IMG_20191110_110839.jpg,44,none,11_10_data\patch\IMG_20191110_110839_p44_none.npy
11_10_data,IMG_20191110_110839.jpg,45,none,11_10_data\patch\IMG_20191110_110839_p45_none.npy
11_10_data,IMG_20191110_110839.jpg,46,none,11_10_data\patch\IMG_20191110_110839_p46_none.npy
11_10_data,IMG_20191110_110839.jpg,47,none,11_10_data\patch\IMG_20191110_110839_p47_none.npy
11_10_data,IMG_20191110_110839.jpg,48,none,11_10_data\patch\IMG_20191110_110839_p48_none.npy
11_10_data,IMG_20191110_110839.jpg,49,none,11_10_data\patch\IMG_20191110_110839_p49_none.npy
11_10_data,IMG_20191110_112028.jpg,0,none,11_10_data\patch\IMG_20191110_112028_p0_none.npy
11_10_data,IMG_20191110_112028.jpg,1,none,11_10_data\patch\IMG_20191110_112028_p1_none.npy
11_10_data,IMG_20191110_112028.jpg,2,none,11_10_data\patch\IMG_20191110_112028_p2_none.npy
11_10_data,IMG_20191110_112028.jpg,3,none,11_10_data\patch\IMG_20191110_112028_p3_none.npy
11_10_data,IMG_20191110_112028.jpg,4,none,11_10_data\patch\IMG_20191110_112028_p4_none.npy
11_10_data,IMG_20191110_112028.jpg,5,none,11_10_data\patch\IMG_20191110_112028_p5_none.npy
11_10_data,IMG_20191110_112028.jpg,6,none,11_10_data\patch\IMG_20191110_112028_p6_none.npy
11_10_data,IMG_20191110_112028.jpg,7,none,11_10_data\patch\IMG_20191110_112028_p7_none.npy
11_10_data,IMG_20191110_112028.jpg,8,none,11_10_data\patch\IMG_20191110_112028_p8_none.npy
11_10_data,IMG_20191110_112028.jpg,9,none,11_10_data\patch\IMG_20191110_112028_p9_none.npy
11_10_data,IMG_20191110_112028.jpg,10,none,11_10_data\patch\IMG_20191110_112028_p10_none.npy
11_10_data,IMG_20191110_112028.jpg,11,none,11_10_data\patch\IMG_20191110_112028_p11_none.npy
11_10_data,IMG_20191110_112028.jpg,12,none,11_10_data\patch\IMG_20191110_112028_p12_none.npy
11_10_data,IMG_20191110_112028.jpg,13,none,11_10_data\patch\IMG_20191110_112028_p13_none.npy
11_10_data,IMG_20191110_112028.jpg,14,none,11_10_data\patch\IMG_20191110_112028_p14_none.npy
11_10_data,IMG_20191110_112028.jpg,15,none,11_10_data\patch\IMG_20191110_112028_p15_none.npy
11_10_data,IMG_20191110_112028.jpg,16,none,11_10_data\patch\IMG_20191110_112028_p16_none.npy
11_10_data,IMG_20191110_112028.jpg,17,none,11_10_data\patch\IMG_20191110_112028_p17_none.npy
11_10_data,IMG_20191110_112028.jpg,18,none,11_10_data\patch\IMG_20191110_112028_p18_none.npy
11_10_data,IMG_20191110_112028.jpg,19,none,11_10_data\patch\IMG_20191110_112028_p19_none.npy
11_10_data,IMG_20191110_112028.jpg,20,none,11_10_data\patch\IMG_20191110_112028_p20_none.npy
11_10_data,IMG_20191110_112028.jpg,21,none,11_10_data\patch\IMG_20191110_112028_p21_none.npy
11_10_data,IMG_20191110_112028.jpg,22,none,11_10_data\patch\IMG_20191110_112028_p22_none.npy
11_10_data,IMG_20191110_112028.jpg,23,none,11_10_data\patch\IMG_20191110_112028_p23_none.npy
11_10_data,IMG_20191110_112028.jpg,24,none,11_10_data\patch\IMG_20191110_112028_p24_none.npy
11_10_data,IMG_20191110_112028.jpg,25,none,11_10_data\patch\IMG_20191110_112028_p25_none.npy
11_10_data,IMG_20191110_112028.jpg,26,none,11_10_data\patch\IMG_20191110_112028_p26_none.npy
11_10_data,IMG_20191110_112028.jpg,27,none,11_10_data\patch\IMG_20191110_112028_p27_none.npy
11_10_data,IMG_20191110_112028.jpg,28,none,11_10_data\patch\IMG_20191110_112028_p28_none.npy
11_10_data,IMG_20191110_112028.jpg,29,none,11_10_data\patch\IMG_20191110_112028_p29_none.npy
11_10_data,IMG_20191110_112028.jpg,30,none,11_10_data\patch\IMG_20191110_112028_p30_none.npy
11_10_data,IMG_20191110_112028.jpg,31,none,11_10_data\patch\IMG_20191110_112028_p31_none.npy
11_10_data,IMG_20191110_112028.jpg,32,none,11_10_data\patch\IMG_20191110_112028_p32_none.npy
11_10_data,IMG_20191110_112028.jpg,33,none,11_10_data\patch\IMG_20191110_112028_p33_none.npy
11_10_data,IMG_20191110_112028.jpg,34,none,11_10_data\patch\IMG_20191110_112028_p34_none.npy
11_10_data,IMG_20191110_112028.jpg,35,none,11_10_data\patch\IMG_20191110_112028_p35_none.npy
11_10_data,IMG_20191110_112028.jpg,36,none,11_10_data\patch\IMG_20191110_112028_p36_none.npy
11_10_data,IMG_20191110_112028.jpg,37,none,11_10_data\patch\IMG_20191110_112028_p37_none.npy
11_10_data,IMG_20191110_112028.jpg,38,none,11_10_data\patch\IMG_20191110_112028_p38_none.npy
11_10_data,IMG_20191110_112028.jpg,39,none,11_10_data\patch\IMG_20191110_112028_p39_none.npy
11_10_data,IMG_20191110_112028.jpg,40,none,11_10_data\patch\IMG_20191110_112028_p40_none.npy
11_10_data,IMG_20191110_112028.jpg,41,none,11_10_data\patch\IMG_20191110_112028_p41_none.npy
11_10_data,IMG_20191110_112028.jpg,42,none,11_10_data\patch\IMG_20191110_112028_p42_none.npy
11_10_data,IMG_20191110_112028.jpg,43,none,11_10_data\patch\IMG_20191110_112028_p43_none.npy
11_10_data,IMG_20191110_112028.jpg,44,none,11_10_data\patch\IMG_20191110_112028_p44_none.npy
11_10_data,IMG_20191110_112028.jpg,45,none,11_10_data\patch\IMG_20191110_112028_p45_none.npy
11_10_data,IMG_20191110_112028.jpg,46,none,11_10_data\patch\IMG_20191110_112028_p46_none.npy
11_10_data,IMG_20191110_112028.jpg,47,none,11_10_data\patch\IMG_20191110_112028_p47_none.npy
11_10_data,IMG_20191110_112028.jpg,48,none,11_10_data\patch\IMG_20191110_112028_p48_none.npy
11_10_data,IMG_20191110_112028.jpg,49,none,11_10_data\patch\IMG_20191110_112028_p49_none.npy
11_10_data,IMG_20191110_112111.jpg,0,none,11_10_data\patch\IMG_20191110_112111_p0_none.npy
11_10_data,IMG_20191110_112111.jpg,1,none,11_10_data\patch\IMG_20191110_112111_p1_none.npy
11_10_data,IMG_20191110_112111.jpg,2,none,11_10_data\patch\IMG_20191110_112111_p2_none.npy
11_10_data,IMG_20191110_112111.jpg,3,none,11_10_data\patch\IMG_20191110_112111_p3_none.npy
11_10_data,IMG_20191110_112111.jpg,4,none,11_10_data\patch\IMG_20191110_112111_p4_none.npy
11_10_data,IMG_20191110_112111.jpg,5,none,11_10_data\patch\IMG_20191110_112111_p5_none.npy
11_10_data,IMG_20191110_112111.jpg,6,none,11_10_data\patch\IMG_20191110_112111_p6_none.npy
11_10_data,IMG_20191110_112111.jpg,7,none,11_10_data\patch\IMG_20191110_112111_p7_none.npy
11_10_data,IMG_20191110_112111.jpg,8,none,11_10_data\patch\IMG_20191110_112111_p8_none.npy
11_10_data,IMG_20191110_112111.jpg,9,none,11_10_data\patch\IMG_20191110_112111_p9_none.npy
11_10_data,IMG_20191110_112111.jpg,10,none,11_10_data\patch\IMG_20191110_112111_p10_none.npy
11_10_data,IMG_20191110_112111.jpg,11,none,11_10_data\patch\IMG_20191110_112111_p11_none.npy
11_10_data,IMG_20191110_112111.jpg,12,none,11_10_data\patch\IMG_20191110_112111_p12_none.npy
11_10_data,IMG_20191110_112111.jpg,13,none,11_10_data\patch\IMG_20191110_112111_p13_none.npy
11_10_data,IMG_20191110_112111.jpg,14,none,11_10_data\patch\IMG_20191110_112111_p14_none.npy
11_10_data,IMG_20191110_112111.jpg,15,none,11_10_data\patch\IMG_20191110_112111_p15_none.npy
11_10_data,IMG_20191110_112111.jpg,16,none,11_10_data\patch\IMG_20191110_112111_p16_none.npy
11_10_data,IMG_20191110_112111.jpg,17,none,11_10_data\patch\IMG_20191110_112111_p17_none.npy
11_10_data,IMG_20191110_112111.jpg,18,none,11_10_data\patch\IMG_20191110_112111_p18_none.npy
11_10_data,IMG_20191110_112111.jpg,19,none,11_10_data\patch\IMG_20191110_112111_p19_none.npy
11_10_data,IMG_20191110_112111.jpg,20,none,11_10_data\patch\IMG_20191110_112111_p20_none.npy
11_10_data,IMG_20191110_112111.jpg,21,none,11_10_data\patch\IMG_20191110_112111_p21_none.npy
11_10_data,IMG_20191110_112111.jpg,22,none,11_10_data\patch\IMG_20191110_112111_p22_none.npy
11_10_data,IMG_20191110_112111.jpg,23,none,11_10_data\patch\IMG_20191110_112111_p23_none.npy
11_10_data,IMG_20191110_112111.jpg,24,none,11_10_data\patch\IMG_20191110_112111_p24_none.npy
11_10_data,IMG_20191110_112111.jpg,25,none,11_10_data\patch\IMG_20191110_112111_p25_none.npy
11_10_data,IMG_20191110_112111.jpg,26,none,11_10_data\patch\IMG_20191110_112111_p26_none.npy
11_10_data,IMG_20191110_112111.jpg,27,none,11_10_data\patch\IMG_20191110_112111_p27_none.npy
11_10_data,IMG_20191110_112111.jpg,28,none,11_10_data\patch\IMG_20191110_112111_p28_none.npy
11_10_data,IMG_20191110_112111.jpg,29,none,11_10_data\patch\IMG_20191110_112111_p29_none.npy
11_10_data,IMG_20191110_112111.jpg,30,none,11_10_data\patch\IMG_20191110_112111_p30_none.npy
11_10_data,IMG_20191110_112111.jpg,31,none,11_10_data\patch\IMG_20191110_112111_p31_none.npy
11_10_data,IMG_20191110_112111.jpg,32,none,11_10_data\patch\IMG_20191110_112111_p32_none.npy
11_10_data,IMG_20191110_112111.jpg,33,none,11_10_data\patch\IMG_20191110_112111_p33_none.npy
11_10_data,IMG_20191110_112111.jpg,34,none,11_10_data\patch\IMG_20191110_112111_p34_none.npy
11_10_data,IMG_20191110_112111.jpg,35,none,11_10_data\patch\IMG_20191110_112111_p35_none.npy
11_10_data,IMG_20191110_112111.jpg,36,none,11_10_data\patch\IMG_20191110_112111_p36_none.npy
11_10_data,IMG_20191110_112111.jpg,37,none,11_10_data\patch\IMG_20191110_112111_p37_none.npy
11_10_data,IMG_20191110_112111.jpg,38,none,11_10_data\patch\IMG_20191110_112111_p38_none.npy
11_10_data,IMG_20191110_112111.jpg,39,none,11_10_data\patch\IMG_20191110_112111_p39_none.npy
11_10_data,IMG_20191110_112111.jpg,40,none,11_10_data\patch\IMG_20191110_112111_p40_none.npy
11_10_data,IMG_20191110_112111.jpg,41,none,11_10_data\patch\IMG_20191110_112111_p41_none.npy
11_10_data,IMG_20191110_112111.jpg,42,none,11_10_data\patch\IMG_20191110_112111_p42_none.npy
11_10_data,IMG_20191110_112111.jpg,43,none,11_10_data\patch\IMG_20191110_112111_p43_none.npy
11_10_data,IMG_20191110_112111.jpg,44,none,11_10_data\patch\IMG_20191110_112111_p44_none.npy
11_10_data,IMG_20191110_112111.jpg,45,none,11_10_data\patch\IMG_20191110_112111_p45_none.npy
11_10_data,IMG_20191110_112111.jpg,46,none,11_10_data\patch\IMG_20191110_112111_p46_none.npy
11_10_data,IMG_20191110_112111.jpg,47,none,11_10_data\patch\IMG_20191110_112111_p47_none.npy
11_10_data,IMG_20191110_112111.jpg,48,none,11_10_data\patch\IMG_20191110_112111_p48_none.npy
11_10_data,IMG_20191110_112111.jpg,49,none,11_10_data\patch\IMG_20191110_112111_p49_none.npy
11_10_data,IMG_20191110_113910.jpg,0,none,11_10_data\patch\IMG_20191110_113910_p0_none.npy
11_10_data,IMG_20191110_113910.jpg,1,none,11_10_data\patch\IMG_20191110_113910_p1_none.npy
11_10_data,IMG_20191110_113910.jpg,2,none,11_10_data\patch\IMG_20191110_113910_p2_none.npy
11_10_data,IMG_20191110_113910.jpg,3,none,11_10_data\patch\IMG_20191110_113910_p3_none.npy
11_10_data,IMG_20191110_113910.jpg,4,none,11_10_data\patch\IMG_20191110_113910_p4_none.npy
11_10_data,IMG_20191110_113910.jpg,5,none,11_10_data\patch\IMG_20191110_113910_p5_none.npy
11_10_data,IMG_20191110_113910.jpg,6,none,11_10_data\patch\IMG_20191110_113910_p6_none.npy
11_10_data,IMG_20191110_113910.jpg,7,none,11_10_data\patch\IMG_20191110_113910_p7_none.npy
11_10_data,IMG_20191110_113910.jpg,8,none,11_10_data\patch\IMG_20191110_113910_p8_none.npy
11_10_data,IMG_20191110_113910.jpg,9,none,11_10_data\patch\IMG_20191110_113910_p9_none.npy
11_10_data,IMG_20191110_113910.jpg,10,none,11_10_data\patch\IMG_20191110_113910_p10_none.npy
11_10_data,IMG_20191110_113910.jpg,11,none,11_10_data\patch\IMG_20191110_113910_p11_none.npy
11_10_data,IMG_20191110_113910.jpg,12,none,11_10_data\patch\IMG_20191110_113910_p12_none.npy
11_10_data,IMG_20191110_113910.jpg,13,none,11_10_data\patch\IMG_20191110_113910_p13_none.npy
11_10_data,IMG_20191110_113910.jpg,14,none,11_10_data\patch\IMG_20191110_113910_p14_none.npy
11_10_data,IMG_20191110_113910.jpg,15,none,11_10_data\patch\IMG_20191110_113910_p15_none.npy
11_10_data,IMG_20191110_113910.jpg,16,none,11_10_data\patch\IMG_20191110_113910_p16_none.npy
11_10_data,IMG_20191110_113910.jpg,17,none,11_10_data\patch\IMG_20191110_113910_p17_none.npy
11_10_data,IMG_20191110_113910.jpg,18,none,11_10_data\patch\IMG_20191110_113910_p18_none.npy
11_10_data,IMG_20191110_113910.jpg,19,none,11_10_data\patch\IMG_20191110_113910_p19_none.npy
11_10_data,IMG_20191110_113910.jpg,20,none,11_10_data\patch\IMG_20191110_113910_p20_none.npy
11_10_data,IMG_20191110_113910.jpg,21,none,11_10_data\patch\IMG_20191110_113910_p21_none.npy
11_10_data,IMG_20191110_113910.jpg,22,none,11_10_data\patch\IMG_20191110_113910_p22_none.npy
11_10_data,IMG_20191110_113910.jpg,23,none,11_10_data\patch\IMG_20191110_113910_p23_none.npy
11_10_data,IMG_20191110_113910.jpg,24,none,11_10_data\patch\IMG_20191110_113910_p24_none.npy
11_10_data,IMG_20191110_113910.jpg,25,none,11_10_data\patch\IMG_20191110_113910_p25_none.npy
11_10_data,IMG_20191110_113910.jpg,26,none,11_10_data\patch\IMG_20191110_113910_p26_none.npy
11_10_data,IMG_20191110_113910.jpg,27,none,11_10_data\patch\IMG_20191110_113910_p27_none.npy
11_10_data,IMG_20191110_113910.jpg,28,none,11_10_data\patch\IMG_20191110_113910_p28_none.npy
11_10_data,IMG_20191110_113910.jpg,29,none,11_10_data\patch\IMG_20191110_113910_p29_none.npy
11_10_data,IMG_20191110_113910.jpg,30,none,11_10_data\patch\IMG_20191110_113910_p30_none.npy
11_10_data,IMG_20191110_113910.jpg,31,none,11_10_data\patch\IMG_20191110_113910_p31_none.npy
11_10_data,IMG_20191110_113910.jpg,32,none,11_10_data\patch\IMG_20191110_113910_p32_none.npy
11_10_data,IMG_20191110_113910.jpg,33,none,11_10_data\patch\IMG_20191110_113910_p33_none.npy
11_10_data,IMG_20191110_113910.jpg,34,none,11_10_data\patch\IMG_20191110_113910_p34_none.npy
11_10_data,IMG_20191110_113910.jpg,35,none,11_10_data\patch\IMG_20191110_113910_p35_none.npy
11_10_data,IMG_20191110_113910.jpg,36,none,11_10_data\patch\IMG_20191110_113910_p36_none.npy
11_10_data,IMG_20191110_113910.jpg,37,none,11_10_data\patch\IMG_20191110_113910_p37_none.npy
11_10_data,IMG_20191110_113910.jpg,38,none,11_10_data\patch\IMG_20191110_113910_p38_none.npy
11_10_data,IMG_20191110_113910.jpg,39,none,11_10_data\patch\IMG_20191110_113910_p39_none.npy
11_10_data,IMG_20191110_113910.jpg,40,none,11_10_data\patch\IMG_20191110_113910_p40_none.npy
11_10_data,IMG_20191110_113910.jpg,41,none,11_10_data\patch\IMG_20191110_113910_p41_none.npy
11_10_data,IMG_20191110_113910.jpg,42,none,11_10_data\patch\IMG_20191110_113910_p42_none.npy
11_10_data,IMG_20191110_113910.jpg,43,none,11_10_data\patch\IMG_20191110_113910_p43_none.npy
11_10_data,IMG_20191110_113910.jpg,44,none,11_10_data\patch\IMG_20191110_113910_p44_none.npy
11_10_data,IMG_20191110_113910.jpg,45,none,11_10_data\patch\IMG_20191110_113910_p45_none.npy
11_10_data,IMG_20191110_113910.jpg,46,none,11_10_data\patch\IMG_20191110_113910_p46_none.npy
11_10_data,IMG_20191110_113910.jpg,47,none,11_10_data\patch\IMG_20191110_113910_p47_none.npy
11_10_data,IMG_20191110_113910.jpg,48,none,11_10_data\patch\IMG_20191110_113910_p48_none.npy
11_10_data,IMG_20191110_113910.jpg,49,none,11_10_data\patch\IMG_20191110_113910_p49_none.npy
11_10_data,IMG_20191110_113949.jpg,0,none,11_10_data\patch\IMG_20191110_113949_p0_none.npy
11_10_data,IMG_20191110_113949.jpg,1,none,11_10_data\patch\IMG_20191110_113949_p1_none.npy
11_10_data,IMG_20191110_113949.jpg,2,none,11_10_data\patch\IMG_20191110_113949_p2_none.npy
11_10_data,IMG_20191110_113949.jpg,3,none,11_10_data\patch\IMG_20191110_113949_p3_none.npy
11_10_data,IMG_20191110_113949.jpg,4,none,11_10_data\patch\IMG_20191110_113949_p4_none.npy
11_10_data,IMG_20191110_113949.jpg,5,none,11_10_data\patch\IMG_20191110_113949_p5_none.npy
11_10_data,IMG_20191110_113949.jpg,6,none,11_10_data\patch\IMG_20191110_113949_p6_none.npy
11_10_data,IMG_20191110_113949.jpg,7,none,11_10_data\patch\IMG_20191110_113949_p7_none.npy
11_10_data,IMG_20191110_113949.jpg,8,none,11_10_data\patch\IMG_20191110_113949_p8_none.npy
11_10_data,IMG_20191110_113949.jpg,9,none,11_10_data\patch\IMG_20191110_113949_p9_none.npy
11_10_data,IMG_20191110_113949.jpg,10,none,11_10_data\patch\IMG_20191110_113949_p10_none.npy
11_10_data,IMG_20191110_113949.jpg,11,none,11_10_data\patch\IMG_20191110_113949_p11_none.npy
11_10_data,IMG_20191110_113949.jpg,12,none,11_10_data\patch\IMG_20191110_113949_p12_none.npy
11_10_data,IMG_20191110_113949.jpg,13,none,11_10_data\patch\IMG_20191110_113949_p13_none.npy
11_10_data,IMG_20191110_113949.jpg,14,none,11_10_data\patch\IMG_20191110_113949_p14_none.npy
11_10_data,IMG_20191110_113949.jpg,15,none,11_10_data\patch\IMG_20191110_113949_p15_none.npy
11_10_data,IMG_20191110_113949.jpg,16,none,11_10_data\patch\IMG_20191110_113949_p16_none.npy
11_10_data,IMG_20191110_113949.jpg,17,none,11_10_data\patch\IMG_20191110_113949_p17_none.npy
11_10_data,IMG_20191110_113949.jpg,18,none,11_10_data\patch\IMG_20191110_113949_p18_none.npy
11_10_data,IMG_20191110_113949.jpg,19,none,11_10_data\patch\IMG_20191110_113949_p19_none.npy
11_10_data,IMG_20191110_113949.jpg,20,none,11_10_data\patch\IMG_20191110_113949_p20_none.npy
11_10_data,IMG_20191110_113949.jpg,21,none,11_10_data\patch\IMG_20191110_113949_p21_none.npy
11_10_data,IMG_20191110_113949.jpg,22,none,11_10_data\patch\IMG_20191110_113949_p22_none.npy
11_10_data,IMG_20191110_113949.jpg,23,none,11_10_data\patch\IMG_20191110_113949_p23_none.npy
11_10_data,IMG_20191110_113949.jpg,24,none,11_10_data\patch\IMG_20191110_113949_p24_none.npy
11_10_data,IMG_20191110_113949.jpg,25,none,11_10_data\patch\IMG_20191110_113949_p25_none.npy
11_10_data,IMG_20191110_113949.jpg,26,none,11_10_data\patch\IMG_20191110_113949_p26_none.npy
11_10_data,IMG_20191110_113949.jpg,27,none,11_10_data\patch\IMG_20191110_113949_p27_none.npy
11_10_data,IMG_20191110_113949.jpg,28,none,11_10_data\patch\IMG_20191110_113949_p28_none.npy
11_10_data,IMG_20191110_113949.jpg,29,none,11_10_data\patch\IMG_20191110_113949_p29_none.npy
11_10_data,IMG_20191110_113949.jpg,30,none,11_10_data\patch\IMG_20191110_113949_p30_none.npy
11_10_data,IMG_20191110_113949.jpg,31,none,11_10_data\patch\IMG_20191110_113949_p31_none.npy
11_10_data,IMG_20191110_113949.jpg,32,none,11_10_data\patch\IMG_20191110_113949_p32_none.npy
11_10_data,IMG_20191110_113949.jpg,33,none,11_10_data\patch\IMG_20191110_113949_p33_none.npy
11_10_data,IMG_20191110_113949.jpg,34,none,11_10_data\patch\IMG_20191110_113949_p34_none.npy
11_10_data,IMG_20191110_113949.jpg,35,none,11_10_data\patch\IMG_20191110_113949_p35_none.npy
11_10_data,IMG_20191110_113949.jpg,36,none,11_10_data\patch\IMG_20191110_113949_p36_none.npy
11_10_data,IMG_20191110_113949.jpg,37,none,11_10_data\patch\IMG_20191110_113949_p37_none.npy
11_10_data,IMG_20191110_113949.jpg,38,none,11_10_data\patch\IMG_20191110_113949_p38_none.npy
11_10_data,IMG_20191110_113949.jpg,39,none,11_10_data\patch\IMG_20191110_113949_p39_none.npy
11_10_data,IMG_20191110_113949.jpg,40,none,11_10_data\patch\IMG_20191110_113949_p40_none.npy
11_10_data,IMG_20191110_113949.jpg,41,none,11_10_data\patch\IMG_20191110_113949_p41_none.npy
11_10_data,IMG_20191110_113949.jpg,42,none,11_10_data\patch\IMG_20191110_113949_p42_none.npy
11_10_data,IMG_20191110_113949.jpg,43,none,11_10_data\patch\IMG_20191110_113949_p43_none.npy
11_10_data,IMG_20191110_113949.jpg,44,none,11_10_data\patch\IMG_20191110_113949_p44_none.npy
11_10_data,IMG_20191110_113949.jpg,45,none,11_10_data\patch\IMG_20191110_113949_p45_none.npy
11_10_data,IMG_20191110_113949.jpg,46,none,11_10_data\patch\IMG_20191110_113949_p46_none.npy
11_10_data,IMG_20191110_113949.jpg,47,none,11_10_data\patch\IMG_20191110_113949_p47_none.npy
11_10_data,IMG_20191110_113949.jpg,48,none,11_10_data\patch\IMG_20191110_113949_p48_none.npy
11_10_data,IMG_20191110_113949.jpg,49,none,11_10_data\patch\IMG_20191110_113949_p49_none.npy
11_10_data,IMG_20191110_114703.jpg,0,none,11_10_data\patch\IMG_20191110_114703_p0_none.npy
11_10_data,IMG_20191110_114703.jpg,1,none,11_10_data\patch\IMG_20191110_114703_p1_none.npy
11_10_data,IMG_20191110_114703.jpg,2,none,11_10_data\patch\IMG_20191110_114703_p2_none.npy
11_10_data,IMG_20191110_114703.jpg,3,none,11_10_data\patch\IMG_20191110_114703_p3_none.npy
11_10_data,IMG_20191110_114703.jpg,4,none,11_10_data\patch\IMG_20191110_114703_p4_none.npy
11_10_data,IMG_20191110_114703.jpg,5,none,11_10_data\patch\IMG_20191110_114703_p5_none.npy
11_10_data,IMG_20191110_114703.jpg,6,none,11_10_data\patch\IMG_20191110_114703_p6_none.npy
11_10_data,IMG_20191110_114703.jpg,7,none,11_10_data\patch\IMG_20191110_114703_p7_none.npy
11_10_data,IMG_20191110_114703.jpg,8,none,11_10_data\patch\IMG_20191110_114703_p8_none.npy
11_10_data,IMG_20191110_114703.jpg,9,none,11_10_data\patch\IMG_20191110_114703_p9_none.npy
11_10_data,IMG_20191110_114703.jpg,10,none,11_10_data\patch\IMG_20191110_114703_p10_none.npy
11_10_data,IMG_20191110_114703.jpg,11,none,11_10_data\patch\IMG_20191110_114703_p11_none.npy
11_10_data,IMG_20191110_114703.jpg,12,none,11_10_data\patch\IMG_20191110_114703_p12_none.npy
11_10_data,IMG_20191110_114703.jpg,13,none,11_10_data\patch\IMG_20191110_114703_p13_none.npy
11_10_data,IMG_20191110_114703.jpg,14,none,11_10_data\patch\IMG_20191110_114703_p14_none.npy
11_10_data,IMG_20191110_114703.jpg,15,none,11_10_data\patch\IMG_20191110_114703_p15_none.npy
11_10_data,IMG_20191110_114703.jpg,16,none,11_10_data\patch\IMG_20191110_114703_p16_none.npy
11_10_data,IMG_20191110_114703.jpg,17,none,11_10_data\patch\IMG_20191110_114703_p17_none.npy
11_10_data,IMG_20191110_114703.jpg,18,none,11_10_data\patch\IMG_20191110_114703_p18_none.npy
11_10_data,IMG_20191110_114703.jpg,19,none,11_10_data\patch\IMG_20191110_114703_p19_none.npy
11_10_data,IMG_20191110_114703.jpg,20,none,11_10_data\patch\IMG_20191110_114703_p20_none.npy
11_10_data,IMG_20191110_114703.jpg,21,none,11_10_data\patch\IMG_20191110_114703_p21_none.npy
11_10_data,IMG_20191110_114703.jpg,22,none,11_10_data\patch\IMG_20191110_114703_p22_none.npy
11_10_data,IMG_20191110_114703.jpg,23,none,11_10_data\patch\IMG_20191110_114703_p23_none.npy
11_10_data,IMG_20191110_114703.jpg,24,none,11_10_data\patch\IMG_20191110_114703_p24_none.npy
11_10_data,IMG_20191110_114703.jpg,25,none,11_10_data\patch\IMG_20191110_114703_p25_none.npy
11_10_data,IMG_20191110_114703.jpg,26,none,11_10_data\patch\IMG_20191110_114703_p26_none.npy
11_10_data,IMG_20191110_114703.jpg,27,none,11_10_data\patch\IMG_20191110_114703_p27_none.npy
11_10_data,IMG_20191110_114703.jpg,28,none,11_10_data\patch\IMG_20191110_114703_p28_none.npy
11_10_data,IMG_20191110_114703.jpg,29,none,11_10_data\patch\IMG_20191110_114703_p29_none.npy
11_10_data,IMG_20191110_114703.jpg,30,none,11_10_data\patch\IMG_20191110_114703_p30_none.npy
11_10_data,IMG_20191110_114703.jpg,31,none,11_10_data\patch\IMG_20191110_114703_p31_none.npy
11_10_data,IMG_20191110_114703.jpg,32,none,11_10_data\patch\IMG_20191110_114703_p32_none.npy
11_10_data,IMG_20191110_114703.jpg,33,none,11_10_data\patch\IMG_20191110_114703_p33_none.npy
11_10_data,IMG_20191110_114703.jpg,34,none,11_10_data\patch\IMG_20191110_114703_p34_none.npy
11_10_data,IMG_20191110_114703.jpg,35,none,11_10_data\patch\IMG_20191110_114703_p35_none.npy
11_10_data,IMG_20191110_114703.jpg,36,none,11_10_data\patch\IMG_20191110_114703_p36_none.npy
11_10_data,IMG_20191110_114703.jpg,37,none,11_10_data\patch\IMG_20191110_114703_p37_none.npy
11_10_data,IMG_20191110_114703.jpg,38,none,11_10_data\patch\IMG_20191110_114703_p38_none.npy
11_10_data,IMG_20191110_114703.jpg,39,none,11_10_data\patch\IMG_20191110_114703_p39_none.npy
11_10_data,IMG_20191110_114703.jpg,40,none,11_10_data\patch\IMG_20191110_114703_p40_none.npy
11_10_data,IMG_20191110_114703.jpg,41,none,11_10_data\patch\IMG_20191110_114703_p41_none.npy
11_10_data,IMG_20191110_114703.jpg,42,none,11_10_data\patch\IMG_20191110_114703_p42_none.npy
11_10_data,IMG_20191110_114703.jpg,43,none,11_10_data\patch\IMG_20191110_114703_p43_none.npy
11_10_data,IMG_20191110_114703.jpg,44,none,11_10_data\patch\IMG_20191110_114703_p44_none.npy
11_10_data,IMG_20191110_114703.jpg,45,none,11_10_data\patch\IMG_20191110_114703_p45_none.npy
11_10_data,IMG_20191110_114703.jpg,46,none,11_10_data\patch\IMG_20191110_114703_p46_none.npy
11_10_data,IMG_20191110_114703.jpg,47,none,11_10_data\patch\IMG_20191110_114703_p47_none.npy
11_10_data,IMG_20191110_114703.jpg,48,none,11_10_data\patch\IMG_20191110_114703_p48_none.npy
11_10_data,IMG_20191110_114703.jpg,49,none,11_10_data\patch\IMG_20191110_114703_p49_none.npy
11_10_data,IMG_20191110_114804.jpg,0,none,11_10_data\patch\IMG_20191110_114804_p0_none.npy
11_10_data,IMG_20191110_114804.jpg,1,none,11_10_data\patch\IMG_20191110_114804_p1_none.npy
11_10_data,IMG_20191110_114804.jpg,2,none,11_10_data\patch\IMG_20191110_114804_p2_none.npy
11_10_data,IMG_20191110_114804.jpg,3,none,11_10_data\patch\IMG_20191110_114804_p3_none.npy
11_10_data,IMG_20191110_114804.jpg,4,none,11_10_data\patch\IMG_20191110_114804_p4_none.npy
11_10_data,IMG_20191110_114804.jpg,5,none,11_10_data\patch\IMG_20191110_114804_p5_none.npy
11_10_data,IMG_20191110_114804.jpg,6,none,11_10_data\patch\IMG_20191110_114804_p6_none.npy
11_10_data,IMG_20191110_114804.jpg,7,none,11_10_data\patch\IMG_20191110_114804_p7_none.npy
11_10_data,IMG_20191110_114804.jpg,8,none,11_10_data\patch\IMG_20191110_114804_p8_none.npy
11_10_data,IMG_20191110_114804.jpg,9,none,11_10_data\patch\IMG_20191110_114804_p9_none.npy
11_10_data,IMG_20191110_114804.jpg,10,none,11_10_data\patch\IMG_20191110_114804_p10_none.npy
11_10_data,IMG_20191110_114804.jpg,11,none,11_10_data\patch\IMG_20191110_114804_p11_none.npy
11_10_data,IMG_20191110_114804.jpg,12,none,11_10_data\patch\IMG_20191110_114804_p12_none.npy
11_10_data,IMG_20191110_114804.jpg,13,none,11_10_data\patch\IMG_20191110_114804_p13_none.npy
11_10_data,IMG_20191110_114804.jpg,14,none,11_10_data\patch\IMG_20191110_114804_p14_none.npy
11_10_data,IMG_20191110_114804.jpg,15,none,11_10_data\patch\IMG_20191110_114804_p15_none.npy
11_10_data,IMG_20191110_114804.jpg,16,none,11_10_data\patch\IMG_20191110_114804_p16_none.npy
11_10_data,IMG_20191110_114804.jpg,17,none,11_10_data\patch\IMG_20191110_114804_p17_none.npy
11_10_data,IMG_20191110_114804.jpg,18,none,11_10_data\patch\IMG_20191110_114804_p18_none.npy
11_10_data,IMG_20191110_114804.jpg,19,none,11_10_data\patch\IMG_20191110_114804_p19_none.npy
11_10_data,IMG_20191110_114804.jpg,20,none,11_10_data\patch\IMG_20191110_114804_p20_none.npy
11_10_data,IMG_20191110_114804.jpg,21,none,11_10_data\patch\IMG_20191110_114804_p21_none.npy
11_10_data,IMG_20191110_114804.jpg,22,none,11_10_data\patch\IMG_20191110_114804_p22_none.npy
11_10_data,IMG_20191110_114804.jpg,23,none,11_10_data\patch\IMG_20191110_114804_p23_none.npy
11_10_data,IMG_20191110_114804.jpg,24,none,11_10_data\patch\IMG_20191110_114804_p24_none.npy
11_10_data,IMG_20191110_114804.jpg,25,none,11_10_data\patch\IMG_20191110_114804_p25_none.npy
11_10_data,IMG_20191110_114804.jpg,26,none,11_10_data\patch\IMG_20191110_114804_p26_none.npy
11_10_data,IMG_20191110_114804.jpg,27,none,11_10_data\patch\IMG_20191110_114804_p27_none.npy
11_10_data,IMG_20191110_114804.jpg,28,none,11_10_data\patch\IMG_20191110_114804_p28_none.npy
11_10_data,IMG_20191110_114804.jpg,29,none,11_10_data\patch\IMG_20191110_114804_p29_none.npy
11_10_data,IMG_20191110_114804.jpg,30,none,11_10_data\patch\IMG_20191110_114804_p30_none.npy
11_10_data,IMG_20191110_114804.jpg,31,none,11_10_data\patch\IMG_20191110_114804_p31_none.npy
11_10_data,IMG_20191110_114804.jpg,32,none,11_10_data\patch\IMG_20191110_114804_p32_none.npy
11_10_data,IMG_20191110_114804.jpg,33,none,11_10_data\patch\IMG_20191110_114804_p33_none.npy
11_10_data,IMG_20191110_114804.jpg,34,none,11_10_data\patch\IMG_20191110_114804_p34_none.npy
11_10_data,IMG_20191110_114804.jpg,35,none,11_10_data\patch\IMG_20191110_114804_p35_none.npy
11_10_data,IMG_20191110_114804.jpg,36,none,11_10_data\patch\IMG_20191110_114804_p36_none.npy
11_10_data,IMG_20191110_114804.jpg,37,none,11_10_data\patch\IMG_20191110_114804_p37_none.npy
11_10_data,IMG_20191110_114804.jpg,38,none,11_10_data\patch\IMG_20191110_114804_p38_none.npy
11_10_data,IMG_20191110_114804.jpg,39,none,11_10_data\patch\IMG_20191110_114804_p39_none.npy
11_10_data,IMG_20191110_114804.jpg,40,none,11_10_data\patch\IMG_20191110_114804_p40_none.npy
11_10_data,IMG_20191110_114804.jpg,41,none,11_10_data\patch\IMG_20191110_114804_p41_none.npy
11_10_data,IMG_20191110_114804.jpg,42,none,11_10_data\patch\IMG_20191110_114804_p42_none.npy
11_10_data,IMG_20191110_114804.jpg,43,none,11_10_data\patch\IMG_20191110_114804_p43_none.npy
11_10_data,IMG_20191110_114804.jpg,44,none,11_10_data\patch\IMG_20191110_114804_p44_none.npy
11_10_data,IMG_20191110_114804.jpg,45,none,11_10_data\patch\IMG_20191110_114804_p45_none.npy
11_10_data,IMG_20191110_114804.jpg,46,none,11_10_data\patch\IMG_20191110_114804_p46_none.npy
11_10_data,IMG_20191110_114804.jpg,47,none,11_10_data\patch\IMG_20191110_114804_p47_none.npy
11_10_data,IMG_20191110_114804.jpg,48,none,11_10_data\patch\IMG_20191110_114804_p48_none.npy
11_10_data,IMG_20191110_114804.jpg,49,none,11_10_data\patch\IMG_20191110_114804_p49_none.npy
11_10_data,IMG_20191110_120019.jpg,0,none,11_10_data\patch\IMG_20191110_120019_p0_none.npy
11_10_data,IMG_20191110_120019.jpg,1,none,11_10_data\patch\IMG_20191110_120019_p1_none.npy
11_10_data,IMG_20191110_120019.jpg,2,none,11_10_data\patch\IMG_20191110_120019_p2_none.npy
11_10_data,IMG_20191110_120019.jpg,3,none,11_10_data\patch\IMG_20191110_120019_p3_none.npy
11_10_data,IMG_20191110_120019.jpg,4,none,11_10_data\patch\IMG_20191110_120019_p4_none.npy
11_10_data,IMG_20191110_120019.jpg,5,none,11_10_data\patch\IMG_20191110_120019_p5_none.npy
11_10_data,IMG_20191110_120019.jpg,6,none,11_10_data\patch\IMG_20191110_120019_p6_none.npy
11_10_data,IMG_20191110_120019.jpg,7,none,11_10_data\patch\IMG_20191110_120019_p7_none.npy
11_10_data,IMG_20191110_120019.jpg,8,none,11_10_data\patch\IMG_20191110_120019_p8_none.npy
11_10_data,IMG_20191110_120019.jpg,9,none,11_10_data\patch\IMG_20191110_120019_p9_none.npy
11_10_data,IMG_20191110_120019.jpg,10,none,11_10_data\patch\IMG_20191110_120019_p10_none.npy
11_10_data,IMG_20191110_120019.jpg,11,none,11_10_data\patch\IMG_20191110_120019_p11_none.npy
11_10_data,IMG_20191110_120019.jpg,12,none,11_10_data\patch\IMG_20191110_120019_p12_none.npy
11_10_data,IMG_20191110_120019.jpg,13,none,11_10_data\patch\IMG_20191110_120019_p13_none.npy
11_10_data,IMG_20191110_120019.jpg,14,none,11_10_data\patch\IMG_20191110_120019_p14_none.npy
11_10_data,IMG_20191110_120019.jpg,15,none,11_10_data\patch\IMG_20191110_120019_p15_none.npy
11_10_data,IMG_20191110_120019.jpg,16,none,11_10_data\patch\IMG_20191110_120019_p16_none.npy
11_10_data,IMG_20191110_120019.jpg,17,none,11_10_data\patch\IMG_20191110_120019_p17_none.npy
11_10_data,IMG_20191110_120019.jpg,18,none,11_10_data\patch\IMG_20191110_120019_p18_none.npy
11_10_data,IMG_20191110_120019.jpg,19,none,11_10_data\patch\IMG_20191110_120019_p19_none.npy
11_10_data,IMG_20191110_120019.jpg,20,none,11_10_data\patch\IMG_20191110_120019_p20_none.npy
11_10_data,IMG_20191110_120019.jpg,21,none,11_10_data\patch\IMG_20191110_120019_p21_none.npy
11_10_data,IMG_20191110_120019.jpg,22,none,11_10_data\patch\IMG_20191110_120019_p22_none.npy
11_10_data,IMG_20191110_120019.jpg,23,none,11_10_data\patch\IMG_20191110_120019_p23_none.npy
11_10_data,IMG_20191110_120019.jpg,24,none,11_10_data\patch\IMG_20191110_120019_p24_none.npy
11_10_data,IMG_20191110_120019.jpg,25,none,11_10_data\patch\IMG_20191110_120019_p25_none.npy
11_10_data,IMG_20191110_120019.jpg,26,none,11_10_data\patch\IMG_20191110_120019_p26_none.npy
11_10_data,IMG_20191110_120019.jpg,27,none,11_10_data\patch\IMG_20191110_120019_p27_none.npy
11_10_data,IMG_20191110_120019.jpg,28,none,11_10_data\patch\IMG_20191110_120019_p28_none.npy
11_10_data,IMG_20191110_120019.jpg,29,none,11_10_data\patch\IMG_20191110_120019_p29_none.npy
11_10_data,IMG_20191110_120019.jpg,30,none,11_10_data\patch\IMG_20191110_120019_p30_none.npy
11_10_data,IMG_20191110_120019.jpg,31,none,11_10_data\patch\IMG_20191110_120019_p31_none.npy
11_10_data,IMG_20191110_120019.jpg,32,none,11_10_data\patch\IMG_20191110_120019_p32_none.npy
11_10_data,IMG_20191110_120019.jpg,33,none,11_10_data\patch\IMG_20191110_120019_p33_none.npy
11_10_data,IMG_20191110_120019.jpg,34,none,11_10_data\patch\IMG_20191110_120019_p34_none.npy
11_10_data,IMG_20191110_120019.jpg,35,none,11_10_data\patch\IMG_20191110_120019_p35_none.npy
11_10_data,IMG_20191110_120019.jpg,36,none,11_10_data\patch\IMG_20191110_120019_p36_none.npy
11_10_data,IMG_20191110_120019.jpg,37,none,11_10_data\patch\IMG_20191110_120019_p37_none.npy
11_10_data,IMG_20191110_120019.jpg,38,none,11_10_data\patch\IMG_20191110_120019_p38_none.npy
11_10_data,IMG_20191110_120019.jpg,39,none,11_10_data\patch\IMG_20191110_120019_p39_none.npy
11_10_data,IMG_20191110_120019.jpg,40,none,11_10_data\patch\IMG_20191110_120019_p40_none.npy
11_10_data,IMG_20191110_120019.jpg,41,none,11_10_data\patch\IMG_20191110_120019_p41_none.npy
11_10_data,IMG_20191110_120019.jpg,42,none,11_10_data\patch\IMG_20191110_120019_p42_none.npy
11_10_data,IMG_20191110_120019.jpg,43,none,11_10_data\patch\IMG_20191110_120019_p43_none.npy
11_10_data,IMG_20191110_120019.jpg,44,none,11_10_data\patch\IMG_20191110_120019_p44_none.npy
11_10_data,IMG_20191110_120019.jpg,45,none,11_10_data\patch\IMG_20191110_120019_p45_none.npy
11_10_data,IMG_20191110_120019.jpg,46,none,11_10_data\patch\IMG_20191110_120019_p46_none.npy
11_10_data,IMG_20191110_120019.jpg,47,none,11_10_data\patch\IMG_20191110_120019_p47_none.npy
11_10_data,IMG_20191110_120019.jpg,48,none,11_10_data\patch\IMG_20191110_120019_p48_none.npy
11_10_data,IMG_20191110_120019.jpg,49,none,11_10_data\patch\IMG_20191110_120019_p49_none.npy
11_10_data,IMG_20191110_120022.jpg,0,none,11_10_data\patch\IMG_20191110_120022_p0_none.npy
11_10_data,IMG_20191110_120022.jpg,1,none,11_10_data\patch\IMG_20191110_120022_p1_none.npy
11_10_data,IMG_20191110_120022.jpg,2,none,11_10_data\patch\IMG_20191110_120022_p2_none.npy
11_10_data,IMG_20191110_120022.jpg,3,none,11_10_data\patch\IMG_20191110_120022_p3_none.npy
11_10_data,IMG_20191110_120022.jpg,4,none,11_10_data\patch\IMG_20191110_120022_p4_none.npy
11_10_data,IMG_20191110_120022.jpg,5,none,11_10_data\patch\IMG_20191110_120022_p5_none.npy
11_10_data,IMG_20191110_120022.jpg,6,none,11_10_data\patch\IMG_20191110_120022_p6_none.npy
11_10_data,IMG_20191110_120022.jpg,7,none,11_10_data\patch\IMG_20191110_120022_p7_none.npy
11_10_data,IMG_20191110_120022.jpg,8,none,11_10_data\patch\IMG_20191110_120022_p8_none.npy
11_10_data,IMG_20191110_120022.jpg,9,none,11_10_data\patch\IMG_20191110_120022_p9_none.npy
11_10_data,IMG_20191110_120022.jpg,10,none,11_10_data\patch\IMG_20191110_120022_p10_none.npy
11_10_data,IMG_20191110_120022.jpg,11,none,11_10_data\patch\IMG_20191110_120022_p11_none.npy
11_10_data,IMG_20191110_120022.jpg,12,none,11_10_data\patch\IMG_20191110_120022_p12_none.npy
11_10_data,IMG_20191110_120022.jpg,13,none,11_10_data\patch\IMG_20191110_120022_p13_none.npy
11_10_data,IMG_20191110_120022.jpg,14,none,11_10_data\patch\IMG_20191110_120022_p14_none.npy
11_10_data,IMG_20191110_120022.jpg,15,none,11_10_data\patch\IMG_20191110_120022_p15_none.npy
11_10_data,IMG_20191110_120022.jpg,16,none,11_10_data\patch\IMG_20191110_120022_p16_none.npy
11_10_data,IMG_20191110_120022.jpg,17,none,11_10_data\patch\IMG_20191110_120022_p17_none.npy
11_10_data,IMG_20191110_120022.jpg,18,none,11_10_data\patch\IMG_20191110_120022_p18_none.npy
11_10_data,IMG_20191110_120022.jpg,19,none,11_10_data\patch\IMG_20191110_120022_p19_none.npy
11_10_data,IMG_20191110_120022.jpg,20,none,11_10_data\patch\IMG_20191110_120022_p20_none.npy
11_10_data,IMG_20191110_120022.jpg,21,none,11_10_data\patch\IMG_20191110_120022_p21_none.npy
11_10_data,IMG_20191110_120022.jpg,22,none,11_10_data\patch\IMG_20191110_120022_p22_none.npy
11_10_data,IMG_20191110_120022.jpg,23,none,11_10_data\patch\IMG_20191110_120022_p23_none.npy
11_10_data,IMG_20191110_120022.jpg,24,none,11_10_data\patch\IMG_20191110_120022_p24_none.npy
11_10_data,IMG_20191110_120022.jpg,25,none,11_10_data\patch\IMG_20191110_120022_p25_none.npy
11_10_data,IMG_20191110_120022.jpg,26,none,11_10_data\patch\IMG_20191110_120022_p26_none.npy
11_10_data,IMG_20191110_120022.jpg,27,none,11_10_data\patch\IMG_20191110_120022_p27_none.npy
11_10_data,IMG_20191110_120022.jpg,28,none,11_10_data\patch\IMG_20191110_120022_p28_none.npy
11_10_data,IMG_20191110_120022.jpg,29,none,11_10_data\patch\IMG_20191110_120022_p29_none.npy
11_10_data,IMG_20191110_120022.jpg,30,none,11_10_data\patch\IMG_20191110_120022_p30_none.npy
11_10_data,IMG_20191110_120022.jpg,31,none,11_10_data\patch\IMG_20191110_120022_p31_none.npy
11_10_data,IMG_20191110_120022.jpg,32,none,11_10_data\patch\IMG_20191110_120022_p32_none.npy
11_10_data,IMG_20191110_120022.jpg,33,none,11_10_data\patch\IMG_20191110_120022_p33_none.npy
11_10_data,IMG_20191110_120022.jpg,34,none,11_10_data\patch\IMG_20191110_120022_p34_none.npy
11_10_data,IMG_20191110_120022.jpg,35,none,11_10_data\patch\IMG_20191110_120022_p35_none.npy
11_10_data,IMG_20191110_120022.jpg,36,none,11_10_data\patch\IMG_20191110_120022_p36_none.npy
11_10_data,IMG_20191110_120022.jpg,37,none,11_10_data\patch\IMG_20191110_120022_p37_none.npy
11_10_data,IMG_20191110_120022.jpg,38,none,11_10_data\patch\IMG_20191110_120022_p38_none.npy
11_10_data,IMG_20191110_120022.jpg,39,none,11_10_data\patch\IMG_20191110_120022_p39_none.npy
11_10_data,IMG_20191110_120022.jpg,40,none,11_10_data\patch\IMG_20191110_120022_p40_none.npy
11_10_data,IMG_20191110_120022.jpg,41,none,11_10_data\patch\IMG_20191110_120022_p41_none.npy
11_10_data,IMG_20191110_120022.jpg,42,none,11_10_data\patch\IMG_20191110_120022_p42_none.npy
11_10_data,IMG_20191110_120022.jpg,43,none,11_10_data\patch\IMG_20191110_120022_p43_none.npy
11_10_data,IMG_20191110_120022.jpg,44,none,11_10_data\patch\IMG_20191110_120022_p44_none.npy
11_10_data,IMG_20191110_120022.jpg,45,none,11_10_data\patch\IMG_20191110_120022_p45_none.npy
11_10_data,IMG_20191110_120022.jpg,46,none,11_10_data\patch\IMG_20191110_120022_p46_none.npy
11_10_data,IMG_20191110_120022.jpg,47,none,11_10_data\patch\IMG_20191110_120022_p47_none.npy
11_10_data,IMG_20191110_120022.jpg,48,none,11_10_data\patch\IMG_20191110_120022_p48_none.npy
11_10_data,IMG_20191110_120022.jpg,49,none,11_10_data\patch\IMG_20191110_120022_p49_none.npy
11_10_data,IMG_20191110_120058.jpg,0,none,11_10_data\patch\IMG_20191110_120058_p0_none.npy
11_10_data,IMG_20191110_120058.jpg,1,none,11_10_data\patch\IMG_20191110_120058_p1_none.npy
11_10_data,IMG_20191110_120058.jpg,2,none,11_10_data\patch\IMG_20191110_120058_p2_none.npy
11_10_data,IMG_20191110_120058.jpg,3,none,11_10_data\patch\IMG_20191110_120058_p3_none.npy
11_10_data,IMG_20191110_120058.jpg,4,none,11_10_data\patch\IMG_20191110_120058_p4_none.npy
11_10_data,IMG_20191110_120058.jpg,5,none,11_10_data\patch\IMG_20191110_120058_p5_none.npy
11_10_data,IMG_20191110_120058.jpg,6,none,11_10_data\patch\IMG_20191110_120058_p6_none.npy
11_10_data,IMG_20191110_120058.jpg,7,none,11_10_data\patch\IMG_20191110_120058_p7_none.npy
11_10_data,IMG_20191110_120058.jpg,8,none,11_10_data\patch\IMG_20191110_120058_p8_none.npy
11_10_data,IMG_20191110_120058.jpg,9,none,11_10_data\patch\IMG_20191110_120058_p9_none.npy
11_10_data,IMG_20191110_120058.jpg,10,none,11_10_data\patch\IMG_20191110_120058_p10_none.npy
11_10_data,IMG_20191110_120058.jpg,11,none,11_10_data\patch\IMG_20191110_120058_p11_none.npy
11_10_data,IMG_20191110_120058.jpg,12,none,11_10_data\patch\IMG_20191110_120058_p12_none.npy
11_10_data,IMG_20191110_120058.jpg,13,none,11_10_data\patch\IMG_20191110_120058_p13_none.npy
11_10_data,IMG_20191110_120058.jpg,14,none,11_10_data\patch\IMG_20191110_120058_p14_none.npy
11_10_data,IMG_20191110_120058.jpg,15,none,11_10_data\patch\IMG_20191110_120058_p15_none.npy
11_10_data,IMG_20191110_120058.jpg,16,none,11_10_data\patch\IMG_20191110_120058_p16_none.npy
11_10_data,IMG_20191110_120058.jpg,17,none,11_10_data\patch\IMG_20191110_120058_p17_none.npy
11_10_data,IMG_20191110_120058.jpg,18,none,11_10_data\patch\IMG_20191110_120058_p18_none.npy
11_10_data,IMG_20191110_120058.jpg,19,none,11_10_data\patch\IMG_20191110_120058_p19_none.npy
11_10_data,IMG_20191110_120058.jpg,20,none,11_10_data\patch\IMG_20191110_120058_p20_none.npy
11_10_data,IMG_20191110_120058.jpg,21,none,11_10_data\patch\IMG_20191110_120058_p21_none.npy
11_10_data,IMG_20191110_120058.jpg,22,none,11_10_data\patch\IMG_20191110_120058_p22_none.npy
11_10_data,IMG_20191110_120058.jpg,23,none,11_10_data\patch\IMG_20191110_120058_p23_none.npy
11_10_data,IMG_20191110_120058.jpg,24,none,11_10_data\patch\IMG_20191110_120058_p24_none.npy
11_10_data,IMG_20191110_120058.jpg,25,none,11_10_data\patch\IMG_20191110_120058_p25_none.npy
11_10_data,IMG_20191110_120058.jpg,26,none,11_10_data\patch\IMG_20191110_120058_p26_none.npy
11_10_data,IMG_20191110_120058.jpg,27,none,11_10_data\patch\IMG_20191110_120058_p27_none.npy
11_10_data,IMG_20191110_120058.jpg,28,none,11_10_data\patch\IMG_20191110_120058_p28_none.npy
11_10_data,IMG_20191110_120058.jpg,29,none,11_10_data\patch\IMG_20191110_120058_p29_none.npy
11_10_data,IMG_20191110_120058.jpg,30,none,11_10_data\patch\IMG_20191110_120058_p30_none.npy
11_10_data,IMG_20191110_120058.jpg,31,none,11_10_data\patch\IMG_20191110_120058_p31_none.npy
11_10_data,IMG_20191110_120058.jpg,32,none,11_10_data\patch\IMG_20191110_120058_p32_none.npy
11_10_data,IMG_20191110_120058.jpg,33,none,11_10_data\patch\IMG_20191110_120058_p33_none.npy
11_10_data,IMG_20191110_120058.jpg,34,none,11_10_data\patch\IMG_20191110_120058_p34_none.npy
11_10_data,IMG_20191110_120058.jpg,35,none,11_10_data\patch\IMG_20191110_120058_p35_none.npy
11_10_data,IMG_20191110_120058.jpg,36,none,11_10_data\patch\IMG_20191110_120058_p36_none.npy
11_10_data,IMG_20191110_120058.jpg,37,none,11_10_data\patch\IMG_20191110_120058_p37_none.npy
11_10_data,IMG_20191110_120058.jpg,38,none,11_10_data\patch\IMG_20191110_120058_p38_none.npy
11_10_data,IMG_20191110_120058.jpg,39,none,11_10_data\patch\IMG_20191110_120058_p39_none.npy
11_10_data,IMG_20191110_120058.jpg,40,none,11_10_data\patch\IMG_20191110_120058_p40_none.npy
11_10_data,IMG_20191110_120058.jpg,41,none,11_10_data\patch\IMG_20191110_120058_p41_none.npy
11_10_data,IMG_20191110_120058.jpg,42,none,11_10_data\patch\IMG_20191110_120058_p42_none.npy
11_10_data,IMG_20191110_120058.jpg,43,none,11_10_data\patch\IMG_20191110_120058_p43_none.npy
11_10_data,IMG_20191110_120058.jpg,44,none,11_10_data\patch\IMG_20191110_120058_p44_none.npy
11_10_data,IMG_20191110_120058.jpg,45,none,11_10_data\patch\IMG_20191110_120058_p45_none.npy
11_10_data,IMG_20191110_120058.jpg,46,none,11_10_data\patch\IMG_20191110_120058_p46_none.npy
11_10_data,IMG_20191110_120058.jpg,47,none,11_10_data\patch\IMG_20191110_120058_p47_none.npy
11_10_data,IMG_20191110_120058.jpg,48,none,11_10_data\patch\IMG_20191110_120058_p48_none.npy
11_10_data,IMG_20191110_120058.jpg,49,none,11_10_data\patch\IMG_20191110_120058_p49_none.npy
11_10_data,IMG_20191110_121435.jpg,0,none,11_10_data\patch\IMG_20191110_121435_p0_none.npy
11_10_data,IMG_20191110_121435.jpg,1,none,11_10_data\patch\IMG_20191110_121435_p1_none.npy
11_10_data,IMG_20191110_121435.jpg,2,none,11_10_data\patch\IMG_20191110_121435_p2_none.npy
11_10_data,IMG_20191110_121435.jpg,3,none,11_10_data\patch\IMG_20191110_121435_p3_none.npy
11_10_data,IMG_20191110_121435.jpg,4,none,11_10_data\patch\IMG_20191110_121435_p4_none.npy
11_10_data,IMG_20191110_121435.jpg,5,none,11_10_data\patch\IMG_20191110_121435_p5_none.npy
11_10_data,IMG_20191110_121435.jpg,6,none,11_10_data\patch\IMG_20191110_121435_p6_none.npy
11_10_data,IMG_20191110_121435.jpg,7,none,11_10_data\patch\IMG_20191110_121435_p7_none.npy
11_10_data,IMG_20191110_121435.jpg,8,none,11_10_data\patch\IMG_20191110_121435_p8_none.npy
11_10_data,IMG_20191110_121435.jpg,9,none,11_10_data\patch\IMG_20191110_121435_p9_none.npy
11_10_data,IMG_20191110_121435.jpg,10,none,11_10_data\patch\IMG_20191110_121435_p10_none.npy
11_10_data,IMG_20191110_121435.jpg,11,none,11_10_data\patch\IMG_20191110_121435_p11_none.npy
11_10_data,IMG_20191110_121435.jpg,12,none,11_10_data\patch\IMG_20191110_121435_p12_none.npy
11_10_data,IMG_20191110_121435.jpg,13,none,11_10_data\patch\IMG_20191110_121435_p13_none.npy
11_10_data,IMG_20191110_121435.jpg,14,none,11_10_data\patch\IMG_20191110_121435_p14_none.npy
11_10_data,IMG_20191110_121435.jpg,15,none,11_10_data\patch\IMG_20191110_121435_p15_none.npy
11_10_data,IMG_20191110_121435.jpg,16,none,11_10_data\patch\IMG_20191110_121435_p16_none.npy
11_10_data,IMG_20191110_121435.jpg,17,none,11_10_data\patch\IMG_20191110_121435_p17_none.npy
11_10_data,IMG_20191110_121435.jpg,18,none,11_10_data\patch\IMG_20191110_121435_p18_none.npy
11_10_data,IMG_20191110_121435.jpg,19,none,11_10_data\patch\IMG_20191110_121435_p19_none.npy
11_10_data,IMG_20191110_121435.jpg,20,none,11_10_data\patch\IMG_20191110_121435_p20_none.npy
11_10_data,IMG_20191110_121435.jpg,21,none,11_10_data\patch\IMG_20191110_121435_p21_none.npy
11_10_data,IMG_20191110_121435.jpg,22,none,11_10_data\patch\IMG_20191110_121435_p22_none.npy
11_10_data,IMG_20191110_121435.jpg,23,none,11_10_data\patch\IMG_20191110_121435_p23_none.npy
11_10_data,IMG_20191110_121435.jpg,24,none,11_10_data\patch\IMG_20191110_121435_p24_none.npy
11_10_data,IMG_20191110_121435.jpg,25,none,11_10_data\patch\IMG_20191110_121435_p25_none.npy
11_10_data,IMG_20191110_121435.jpg,26,none,11_10_data\patch\IMG_20191110_121435_p26_none.npy
11_10_data,IMG_20191110_121435.jpg,27,none,11_10_data\patch\IMG_20191110_121435_p27_none.npy
11_10_data,IMG_20191110_121435.jpg,28,none,11_10_data\patch\IMG_20191110_121435_p28_none.npy
11_10_data,IMG_20191110_121435.jpg,29,none,11_10_data\patch\IMG_20191110_121435_p29_none.npy
11_10_data,IMG_20191110_121435.jpg,30,none,11_10_data\patch\IMG_20191110_121435_p30_none.npy
11_10_data,IMG_20191110_121435.jpg,31,none,11_10_data\patch\IMG_20191110_121435_p31_none.npy
11_10_data,IMG_20191110_121435.jpg,32,none,11_10_data\patch\IMG_20191110_121435_p32_none.npy
11_10_data,IMG_20191110_121435.jpg,33,none,11_10_data\patch\IMG_20191110_121435_p33_none.npy
11_10_data,IMG_20191110_121435.jpg,34,none,11_10_data\patch\IMG_20191110_121435_p34_none.npy
11_10_data,IMG_20191110_121435.jpg,35,none,11_10_data\patch\IMG_20191110_121435_p35_none.npy
11_10_data,IMG_20191110_121435.jpg,36,none,11_10_data\patch\IMG_20191110_121435_p36_none.npy
11_10_data,IMG_20191110_121435.jpg,37,none,11_10_data\patch\IMG_20191110_121435_p37_none.npy
11_10_data,IMG_20191110_121435.jpg,38,none,11_10_data\patch\IMG_20191110_121435_p38_none.npy
11_10_data,IMG_20191110_121435.jpg,39,none,11_10_data\patch\IMG_20191110_121435_p39_none.npy
11_10_data,IMG_20191110_121435.jpg,40,none,11_10_data\patch\IMG_20191110_121435_p40_none.npy
11_10_data,IMG_20191110_121435.jpg,41,none,11_10_data\patch\IMG_20191110_121435_p41_none.npy
11_10_data,IMG_20191110_121435.jpg,42,none,11_10_data\patch\IMG_20191110_121435_p42_none.npy
11_10_data,IMG_20191110_121435.jpg,43,none,11_10_data\patch\IMG_20191110_121435_p43_none.npy
11_10_data,IMG_20191110_121435.jpg,44,none,11_10_data\patch\IMG_20191110_121435_p44_none.npy
11_10_data,IMG_20191110_121435.jpg,45,none,11_10_data\patch\IMG_20191110_121435_p45_none.npy
11_10_data,IMG_20191110_121435.jpg,46,none,11_10_data\patch\IMG_20191110_121435_p46_none.npy
11_10_data,IMG_20191110_121435.jpg,47,none,11_10_data\patch\IMG_20191110_121435_p47_none.npy
11_10_data,IMG_20191110_121435.jpg,48,none,11_10_data\patch\IMG_20191110_121435_p48_none.npy
11_10_data,IMG_20191110_121435.jpg,49,none,11_10_data\patch\IMG_20191110_121435_p49_none.npy
11_10_data,IMG_20191110_121508.jpg,0,none,11_10_data\patch\IMG_20191110_121508_p0_none.npy
11_10_data,IMG_20191110_121508.jpg,1,none,11_10_data\patch\IMG_20191110_121508_p1_none.npy
11_10_data,IMG_20191110_121508.jpg,2,none,11_10_data\patch\IMG_20191110_121508_p2_none.npy
11_10_data,IMG_20191110_121508.jpg,3,none,11_10_data\patch\IMG_20191110_121508_p3_none.npy
11_10_data,IMG_20191110_121508.jpg,4,none,11_10_data\patch\IMG_20191110_121508_p4_none.npy
11_10_data,IMG_20191110_121508.jpg,5,none,11_10_data\patch\IMG_20191110_121508_p5_none.npy
11_10_data,IMG_20191110_121508.jpg,6,none,11_10_data\patch\IMG_20191110_121508_p6_none.npy
11_10_data,IMG_20191110_121508.jpg,7,none,11_10_data\patch\IMG_20191110_121508_p7_none.npy
11_10_data,IMG_20191110_121508.jpg,8,none,11_10_data\patch\IMG_20191110_121508_p8_none.npy
11_10_data,IMG_20191110_121508.jpg,9,none,11_10_data\patch\IMG_20191110_121508_p9_none.npy
11_10_data,IMG_20191110_121508.jpg,10,none,11_10_data\patch\IMG_20191110_121508_p10_none.npy
11_10_data,IMG_20191110_121508.jpg,11,none,11_10_data\patch\IMG_20191110_121508_p11_none.npy
11_10_data,IMG_20191110_121508.jpg,12,none,11_10_data\patch\IMG_20191110_121508_p12_none.npy
11_10_data,IMG_20191110_121508.jpg,13,none,11_10_data\patch\IMG_20191110_121508_p13_none.npy
11_10_data,IMG_20191110_121508.jpg,14,none,11_10_data\patch\IMG_20191110_121508_p14_none.npy
11_10_data,IMG_20191110_121508.jpg,15,none,11_10_data\patch\IMG_20191110_121508_p15_none.npy
11_10_data,IMG_20191110_121508.jpg,16,none,11_10_data\patch\IMG_20191110_121508_p16_none.npy
11_10_data,IMG_20191110_121508.jpg,17,none,11_10_data\patch\IMG_20191110_121508_p17_none.npy
11_10_data,IMG_20191110_121508.jpg,18,none,11_10_data\patch\IMG_20191110_121508_p18_none.npy
11_10_data,IMG_20191110_121508.jpg,19,none,11_10_data\patch\IMG_20191110_121508_p19_none.npy
11_10_data,IMG_20191110_121508.jpg,20,none,11_10_data\patch\IMG_20191110_121508_p20_none.npy
11_10_data,IMG_20191110_121508.jpg,21,none,11_10_data\patch\IMG_20191110_121508_p21_none.npy
11_10_data,IMG_20191110_121508.jpg,22,none,11_10_data\patch\IMG_20191110_121508_p22_none.npy
11_10_data,IMG_20191110_121508.jpg,23,none,11_10_data\patch\IMG_20191110_121508_p23_none.npy
11_10_data,IMG_20191110_121508.jpg,24,none,11_10_data\patch\IMG_20191110_121508_p24_none.npy
11_10_data,IMG_20191110_121508.jpg,25,none,11_10_data\patch\IMG_20191110_121508_p25_none.npy
11_10_data,IMG_20191110_121508.jpg,26,none,11_10_data\patch\IMG_20191110_121508_p26_none.npy
11_10_data,IMG_20191110_121508.jpg,27,none,11_10_data\patch\IMG_20191110_121508_p27_none.npy
11_10_data,IMG_20191110_121508.jpg,28,none,11_10_data\patch\IMG_20191110_121508_p28_none.npy
11_10_data,IMG_20191110_121508.jpg,29,none,11_10_data\patch\IMG_20191110_121508_p29_none.npy
11_10_data,IMG_20191110_121508.jpg,30,none,11_10_data\patch\IMG_20191110_121508_p30_none.npy
11_10_data,IMG_20191110_121508.jpg,31,none,11_10_data\patch\IMG_20191110_121508_p31_none.npy
11_10_data,IMG_20191110_121508.jpg,32,none,11_10_data\patch\IMG_20191110_121508_p32_none.npy
11_10_data,IMG_20191110_121508.jpg,33,none,11_10_data\patch\IMG_20191110_121508_p33_none.npy
11_10_data,IMG_20191110_121508.jpg,34,none,11_10_data\patch\IMG_20191110_121508_p34_none.npy
11_10_data,IMG_20191110_121508.jpg,35,none,11_10_data\patch\IMG_20191110_121508_p35_none.npy
11_10_data,IMG_20191110_121508.jpg,36,none,11_10_data\patch\IMG_20191110_121508_p36_none.npy
11_10_data,IMG_20191110_121508.jpg,37,none,11_10_data\patch\IMG_20191110_121508_p37_none.npy
11_10_data,IMG_20191110_121508.jpg,38,none,11_10_data\patch\IMG_20191110_121508_p38_none.npy
11_10_data,IMG_20191110_121508.jpg,39,none,11_10_data\patch\IMG_20191110_121508_p39_none.npy
11_10_data,IMG_20191110_121508.jpg,40,none,11_10_data\patch\IMG_20191110_121508_p40_none.npy
11_10_data,IMG_20191110_121508.jpg,41,none,11_10_data\patch\IMG_20191110_121508_p41_none.npy
11_10_data,IMG_20191110_121508.jpg,42,none,11_10_data\patch\IMG_20191110_121508_p42_none.npy
11_10_data,IMG_20191110_121508.jpg,43,none,11_10_data\patch\IMG_20191110_121508_p43_none.npy
11_10_data,IMG_20191110_121508.jpg,44,none,11_10_data\patch\IMG_20191110_121508_p44_none.npy
11_10_data,IMG_20191110_121508.jpg,45,none,11_10_data\patch\IMG_20191110_121508_p45_none.npy
11_10_data,IMG_20191110_121508.jpg,46,none,11_10_data\patch\IMG_20191110_121508_p46_none.npy
11_10_data,IMG_20191110_121508.jpg,47,none,11_10_data\patch\IMG_20191110_121508_p47_none.npy
11_10_data,IMG_20191110_121508.jpg,48,none,11_10_data\patch\IMG_20191110_121508_p48_none.npy
11_10_data,IMG_20191110_121508.jpg,49,none,11_10_data\patch\IMG_20191110_121508_p49_none.npy
11_10_data,IMG_20191110_122917.jpg,0,none,11_10_data\patch\IMG_20191110_122917_p0_none.npy
11_10_data,IMG_20191110_122917.jpg,1,none,11_10_data\patch\IMG_20191110_122917_p1_none.npy
11_10_data,IMG_20191110_122917.jpg,2,none,11_10_data\patch\IMG_20191110_122917_p2_none.npy
11_10_data,IMG_20191110_122917.jpg,3,none,11_10_data\patch\IMG_20191110_122917_p3_none.npy
11_10_data,IMG_20191110_122917.jpg,4,none,11_10_data\patch\IMG_20191110_122917_p4_none.npy
11_10_data,IMG_20191110_122917.jpg,5,none,11_10_data\patch\IMG_20191110_122917_p5_none.npy
11_10_data,IMG_20191110_122917.jpg,6,none,11_10_data\patch\IMG_20191110_122917_p6_none.npy
11_10_data,IMG_20191110_122917.jpg,7,none,11_10_data\patch\IMG_20191110_122917_p7_none.npy
11_10_data,IMG_20191110_122917.jpg,8,none,11_10_data\patch\IMG_20191110_122917_p8_none.npy
11_10_data,IMG_20191110_122917.jpg,9,none,11_10_data\patch\IMG_20191110_122917_p9_none.npy
11_10_data,IMG_20191110_122917.jpg,10,none,11_10_data\patch\IMG_20191110_122917_p10_none.npy
11_10_data,IMG_20191110_122917.jpg,11,none,11_10_data\patch\IMG_20191110_122917_p11_none.npy
11_10_data,IMG_20191110_122917.jpg,12,none,11_10_data\patch\IMG_20191110_122917_p12_none.npy
11_10_data,IMG_20191110_122917.jpg,13,none,11_10_data\patch\IMG_20191110_122917_p13_none.npy
11_10_data,IMG_20191110_122917.jpg,14,none,11_10_data\patch\IMG_20191110_122917_p14_none.npy
11_10_data,IMG_20191110_122917.jpg,15,none,11_10_data\patch\IMG_20191110_122917_p15_none.npy
11_10_data,IMG_20191110_122917.jpg,16,none,11_10_data\patch\IMG_20191110_122917_p16_none.npy
11_10_data,IMG_20191110_122917.jpg,17,none,11_10_data\patch\IMG_20191110_122917_p17_none.npy
11_10_data,IMG_20191110_122917.jpg,18,none,11_10_data\patch\IMG_20191110_122917_p18_none.npy
11_10_data,IMG_20191110_122917.jpg,19,none,11_10_data\patch\IMG_20191110_122917_p19_none.npy
11_10_data,IMG_20191110_122917.jpg,20,none,11_10_data\patch\IMG_20191110_122917_p20_none.npy
11_10_data,IMG_20191110_122917.jpg,21,none,11_10_data\patch\IMG_20191110_122917_p21_none.npy
11_10_data,IMG_20191110_122917.jpg,22,none,11_10_data\patch\IMG_20191110_122917_p22_none.npy
11_10_data,IMG_20191110_122917.jpg,23,none,11_10_data\patch\IMG_20191110_122917_p23_none.npy
11_10_data,IMG_20191110_122917.jpg,24,none,11_10_data\patch\IMG_20191110_122917_p24_none.npy
11_10_data,IMG_20191110_122917.jpg,25,none,11_10_data\patch\IMG_20191110_122917_p25_none.npy
11_10_data,IMG_20191110_122917.jpg,26,none,11_10_data\patch\IMG_20191110_122917_p26_none.npy
11_10_data,IMG_20191110_122917.jpg,27,none,11_10_data\patch\IMG_20191110_122917_p27_none.npy
11_10_data,IMG_20191110_122917.jpg,28,none,11_10_data\patch\IMG_20191110_122917_p28_none.npy
11_10_data,IMG_20191110_122917.jpg,29,none,11_10_data\patch\IMG_20191110_122917_p29_none.npy
11_10_data,IMG_20191110_122917.jpg,30,none,11_10_data\patch\IMG_20191110_122917_p30_none.npy
11_10_data,IMG_20191110_122917.jpg,31,none,11_10_data\patch\IMG_20191110_122917_p31_none.npy
11_10_data,IMG_20191110_122917.jpg,32,none,11_10_data\patch\IMG_20191110_122917_p32_none.npy
11_10_data,IMG_20191110_122917.jpg,33,none,11_10_data\patch\IMG_20191110_122917_p33_none.npy
11_10_data,IMG_20191110_122917.jpg,34,none,11_10_data\patch\IMG_20191110_122917_p34_none.npy
11_10_data,IMG_20191110_122917.jpg,35,none,11_10_data\patch\IMG_20191110_122917_p35_none.npy
11_10_data,IMG_20191110_122917.jpg,36,none,11_10_data\patch\IMG_20191110_122917_p36_none.npy
11_10_data,IMG_20191110_122917.jpg,37,none,11_10_data\patch\IMG_20191110_122917_p37_none.npy
11_10_data,IMG_20191110_122917.jpg,38,none,11_10_data\patch\IMG_20191110_122917_p38_none.npy
11_10_data,IMG_20191110_122917.jpg,39,none,11_10_data\patch\IMG_20191110_122917_p39_none.npy
11_10_data,IMG_20191110_122917.jpg,40,none,11_10_data\patch\IMG_20191110_122917_p40_none.npy
11_10_data,IMG_20191110_122917.jpg,41,none,11_10_data\patch\IMG_20191110_122917_p41_none.npy
11_10_data,IMG_20191110_122917.jpg,42,none,11_10_data\patch\IMG_20191110_122917_p42_none.npy
11_10_data,IMG_20191110_122917.jpg,43,none,11_10_data\patch\IMG_20191110_122917_p43_none.npy
11_10_data,IMG_20191110_122917.jpg,44,none,11_10_data\patch\IMG_20191110_122917_p44_none.npy
11_10_data,IMG_20191110_122917.jpg,45,none,11_10_data\patch\IMG_20191110_122917_p45_none.npy
11_10_data,IMG_20191110_122917.jpg,46,none,11_10_data\patch\IMG_20191110_122917_p46_none.npy
11_10_data,IMG_20191110_122917.jpg,47,none,11_10_data\patch\IMG_20191110_122917_p47_none.npy
11_10_data,IMG_20191110_122917.jpg,48,none,11_10_data\patch\IMG_20191110_122917_p48_none.npy
11_10_data,IMG_20191110_122917.jpg,49,none,11_10_data\patch\IMG_20191110_122917_p49_none.npy
11_10_data,IMG_20191110_122946.jpg,0,none,11_10_data\patch\IMG_20191110_122946_p0_none.npy
11_10_data,IMG_20191110_122946.jpg,1,none,11_10_data\patch\IMG_20191110_122946_p1_none.npy
11_10_data,IMG_20191110_122946.jpg,2,none,11_10_data\patch\IMG_20191110_122946_p2_none.npy
11_10_data,IMG_20191110_122946.jpg,3,none,11_10_data\patch\IMG_20191110_122946_p3_none.npy
11_10_data,IMG_20191110_122946.jpg,4,none,11_10_data\patch\IMG_20191110_122946_p4_none.npy
11_10_data,IMG_20191110_122946.jpg,5,none,11_10_data\patch\IMG_20191110_122946_p5_none.npy
11_10_data,IMG_20191110_122946.jpg,6,none,11_10_data\patch\IMG_20191110_122946_p6_none.npy
11_10_data,IMG_20191110_122946.jpg,7,none,11_10_data\patch\IMG_20191110_122946_p7_none.npy
11_10_data,IMG_20191110_122946.jpg,8,none,11_10_data\patch\IMG_20191110_122946_p8_none.npy
11_10_data,IMG_20191110_122946.jpg,9,none,11_10_data\patch\IMG_20191110_122946_p9_none.npy
11_10_data,IMG_20191110_122946.jpg,10,none,11_10_data\patch\IMG_20191110_122946_p10_none.npy
11_10_data,IMG_20191110_122946.jpg,11,none,11_10_data\patch\IMG_20191110_122946_p11_none.npy
11_10_data,IMG_20191110_122946.jpg,12,none,11_10_data\patch\IMG_20191110_122946_p12_none.npy
11_10_data,IMG_20191110_122946.jpg,13,none,11_10_data\patch\IMG_20191110_122946_p13_none.npy
11_10_data,IMG_20191110_122946.jpg,14,none,11_10_data\patch\IMG_20191110_122946_p14_none.npy
11_10_data,IMG_20191110_122946.jpg,15,none,11_10_data\patch\IMG_20191110_122946_p15_none.npy
11_10_data,IMG_20191110_122946.jpg,16,none,11_10_data\patch\IMG_20191110_122946_p16_none.npy
11_10_data,IMG_20191110_122946.jpg,17,none,11_10_data\patch\IMG_20191110_122946_p17_none.npy
11_10_data,IMG_20191110_122946.jpg,18,none,11_10_data\patch\IMG_20191110_122946_p18_none.npy
11_10_data,IMG_20191110_122946.jpg,19,none,11_10_data\patch\IMG_20191110_122946_p19_none.npy
11_10_data,IMG_20191110_122946.jpg,20,none,11_10_data\patch\IMG_20191110_122946_p20_none.npy
11_10_data,IMG_20191110_122946.jpg,21,none,11_10_data\patch\IMG_20191110_122946_p21_none.npy
11_10_data,IMG_20191110_122946.jpg,22,none,11_10_data\patch\IMG_20191110_122946_p22_none.npy
11_10_data,IMG_20191110_122946.jpg,23,none,11_10_data\patch\IMG_20191110_122946_p23_none.npy
11_10_data,IMG_20191110_122946.jpg,24,none,11_10_data\patch\IMG_20191110_122946_p24_none.npy
11_10_data,IMG_20191110_122946.jpg,25,none,11_10_data\patch\IMG_20191110_122946_p25_none.npy
11_10_data,IMG_20191110_122946.jpg,26,none,11_10_data\patch\IMG_20191110_122946_p26_none.npy
11_10_data,IMG_20191110_122946.jpg,27,none,11_10_data\patch\IMG_20191110_122946_p27_none.npy
11_10_data,IMG_20191110_122946.jpg,28,none,11_10_data\patch\IMG_20191110_122946_p28_none.npy
11_10_data,IMG_20191110_122946.jpg,29,none,11_10_data\patch\IMG_20191110_122946_p29_none.npy
11_10_data,IMG_20191110_122946.jpg,30,none,11_10_data\patch\IMG_20191110_122946_p30_none.npy
11_10_data,IMG_20191110_122946.jpg,31,none,11_10_data\patch\IMG_20191110_122946_p31_none.npy
11_10_data,IMG_20191110_122946.jpg,32,none,11_10_data\patch\IMG_20191110_122946_p32_none.npy
11_10_data,IMG_20191110_122946.jpg,33,none,11_10_data\patch\IMG_20191110_122946_p33_none.npy
11_10_data,IMG_20191110_122946.jpg,34,none,11_10_data\patch\IMG_20191110_122946_p34_none.npy
11_10_data,IMG_20191110_122946.jpg,35,none,11_10_data\patch\IMG_20191110_122946_p35_none.npy
11_10_data,IMG_20191110_122946.jpg,36,none,11_10_data\patch\IMG_20191110_122946_p36_none.npy
11_10_data,IMG_20191110_122946.jpg,37,none,11_10_data\patch\IMG_20191110_122946_p37_none.npy
11_10_data,IMG_20191110_122946.jpg,38,none,11_10_data\patch\IMG_20191110_122946_p38_none.npy
11_10_data,IMG_20191110_122946.jpg,39,none,11_10_data\patch\IMG_20191110_122946_p39_none.npy
11_10_data,IMG_20191110_122946.jpg,40,none,11_10_data\patch\IMG_20191110_122946_p40_none.npy
11_10_data,IMG_20191110_122946.jpg,41,none,11_10_data\patch\IMG_20191110_122946_p41_none.npy
11_10_data,IMG_20191110_122946.jpg,42,none,11_10_data\patch\IMG_20191110_122946_p42_none.npy
11_10_data,IMG_20191110_122946.jpg,43,none,11_10_data\patch\IMG_20191110_122946_p43_none.npy
11_10_data,IMG_20191110_122946.jpg,44,none,11_10_data\patch\IMG_20191110_122946_p44_none.npy
11_10_data,IMG_20191110_122946.jpg,45,none,11_10_data\patch\IMG_20191110_122946_p45_none.npy
11_10_data,IMG_20191110_122946.jpg,46,none,11_10_data\patch\IMG_20191110_122946_p46_none.npy
11_10_data,IMG_20191110_122946.jpg,47,none,11_10_data\patch\IMG_20191110_122946_p47_none.npy
11_10_data,IMG_20191110_122946.jpg,48,none,11_10_data\patch\IMG_20191110_122946_p48_none.npy
11_10_data,IMG_20191110_122946.jpg,49,none,11_10_data\patch\IMG_20191110_122946_p49_none.npy
11_10_data,IMG_20191110_124200.jpg,0,none,11_10_data\patch\IMG_20191110_124200_p0_none.npy
11_10_data,IMG_20191110_124200.jpg,1,none,11_10_data\patch\IMG_20191110_124200_p1_none.npy
11_10_data,IMG_20191110_124200.jpg,2,none,11_10_data\patch\IMG_20191110_124200_p2_none.npy
11_10_data,IMG_20191110_124200.jpg,3,none,11_10_data\patch\IMG_20191110_124200_p3_none.npy
11_10_data,IMG_20191110_124200.jpg,4,none,11_10_data\patch\IMG_20191110_124200_p4_none.npy
11_10_data,IMG_20191110_124200.jpg,5,none,11_10_data\patch\IMG_20191110_124200_p5_none.npy
11_10_data,IMG_20191110_124200.jpg,6,none,11_10_data\patch\IMG_20191110_124200_p6_none.npy
11_10_data,IMG_20191110_124200.jpg,7,none,11_10_data\patch\IMG_20191110_124200_p7_none.npy
11_10_data,IMG_20191110_124200.jpg,8,none,11_10_data\patch\IMG_20191110_124200_p8_none.npy
11_10_data,IMG_20191110_124200.jpg,9,none,11_10_data\patch\IMG_20191110_124200_p9_none.npy
11_10_data,IMG_20191110_124200.jpg,10,none,11_10_data\patch\IMG_20191110_124200_p10_none.npy
11_10_data,IMG_20191110_124200.jpg,11,none,11_10_data\patch\IMG_20191110_124200_p11_none.npy
11_10_data,IMG_20191110_124200.jpg,12,none,11_10_data\patch\IMG_20191110_124200_p12_none.npy
11_10_data,IMG_20191110_124200.jpg,13,none,11_10_data\patch\IMG_20191110_124200_p13_none.npy
11_10_data,IMG_20191110_124200.jpg,14,none,11_10_data\patch\IMG_20191110_124200_p14_none.npy
11_10_data,IMG_20191110_124200.jpg,15,none,11_10_data\patch\IMG_20191110_124200_p15_none.npy
11_10_data,IMG_20191110_124200.jpg,16,none,11_10_data\patch\IMG_20191110_124200_p16_none.npy
11_10_data,IMG_20191110_124200.jpg,17,none,11_10_data\patch\IMG_20191110_124200_p17_none.npy
11_10_data,IMG_20191110_124200.jpg,18,none,11_10_data\patch\IMG_20191110_124200_p18_none.npy
11_10_data,IMG_20191110_124200.jpg,19,none,11_10_data\patch\IMG_20191110_124200_p19_none.npy
11_10_data,IMG_20191110_124200.jpg,20,none,11_10_data\patch\IMG_20191110_124200_p20_none.npy
11_10_data,IMG_20191110_124200.jpg,21,none,11_10_data\patch\IMG_20191110_124200_p21_none.npy
11_10_data,IMG_20191110_124200.jpg,22,none,11_10_data\patch\IMG_20191110_124200_p22_none.npy
11_10_data,IMG_20191110_124200.jpg,23,none,11_10_data\patch\IMG_20191110_124200_p23_none.npy
11_10_data,IMG_20191110_124200.jpg,24,none,11_10_data\patch\IMG_20191110_124200_p24_none.npy
11_10_data,IMG_20191110_124200.jpg,25,none,11_10_data\patch\IMG_20191110_124200_p25_none.npy
11_10_data,IMG_20191110_124200.jpg,26,none,11_10_data\patch\IMG_20191110_124200_p26_none.npy
11_10_data,IMG_20191110_124200.jpg,27,none,11_10_data\patch\IMG_20191110_124200_p27_none.npy
11_10_data,IMG_20191110_124200.jpg,28,none,11_10_data\patch\IMG_20191110_124200_p28_none.npy
11_10_data,IMG_20191110_124200.jpg,29,none,11_10_data\patch\IMG_20191110_124200_p29_none.npy
11_10_data,IMG_20191110_124200.jpg,30,none,11_10_data\patch\IMG_20191110_124200_p30_none.npy
11_10_data,IMG_20191110_124200.jpg,31,none,11_10_data\patch\IMG_20191110_124200_p31_none.npy
11_10_data,IMG_20191110_124200.jpg,32,none,11_10_data\patch\IMG_20191110_124200_p32_none.npy
11_10_data,IMG_20191110_124200.jpg,33,none,11_10_data\patch\IMG_20191110_124200_p33_none.npy
11_10_data,IMG_20191110_124200.jpg,34,none,11_10_data\patch\IMG_20191110_124200_p34_none.npy
11_10_data,IMG_20191110_124200.jpg,35,none,11_10_data\patch\IMG_20191110_124200_p35_none.npy
11_10_data,IMG_20191110_124200.jpg,36,none,11_10_data\patch\IMG_20191110_124200_p36_none.npy
11_10_data,IMG_20191110_124200.jpg,37,none,11_10_data\patch\IMG_20191110_124200_p37_none.npy
11_10_data,IMG_20191110_124200.jpg,38,none,11_10_data\patch\IMG_20191110_124200_p38_none.npy
11_10_data,IMG_20191110_124200.jpg,39,none,11_10_data\patch\IMG_20191110_124200_p39_none.npy
11_10_data,IMG_20191110_124200.jpg,40,none,11_10_data\patch\IMG_20191110_124200_p40_none.npy
11_10_data,IMG_20191110_124200.jpg,41,none,11_10_data\patch\IMG_20191110_124200_p41_none.npy
11_10_data,IMG_20191110_124200.jpg,42,none,11_10_data\patch\IMG_20191110_124200_p42_none.npy
11_10_data,IMG_20191110_124200.jpg,43,none,11_10_data\patch\IMG_20191110_124200_p43_none.npy
11_10_data,IMG_20191110_124200.jpg,44,none,11_10_data\patch\IMG_20191110_124200_p44_none.npy
11_10_data,IMG_20191110_124200.jpg,45,none,11_10_data\patch\IMG_20191110_124200_p45_none.npy
11_10_data,IMG_20191110_124200.jpg,46,none,11_10_data\patch\IMG_20191110_124200_p46_none.npy
11_10_data,IMG_20191110_124200.jpg,47,none,11_10_data\patch\IMG_20191110_124200_p47_none.npy
11_10_data,IMG_20191110_124200.jpg,48,none,11_10_data\patch\IMG_20191110_124200_p48_none.npy
11_10_data,IMG_20191110_124200.jpg,49,none,11_10_data\patch\IMG_20191110_124200_p49_none.npy
11_10_data,IMG_20191110_124246.jpg,0,none,11_10_data\patch\IMG_20191110_124246_p0_none.npy
11_10_data,IMG_20191110_124246.jpg,1,none,11_10_data\patch\IMG_20191110_124246_p1_none.npy
11_10_data,IMG_20191110_124246.jpg,2,none,11_10_data\patch\IMG_20191110_124246_p2_none.npy
11_10_data,IMG_20191110_124246.jpg,3,none,11_10_data\patch\IMG_20191110_124246_p3_none.npy
11_10_data,IMG_20191110_124246.jpg,4,none,11_10_data\patch\IMG_20191110_124246_p4_none.npy
11_10_data,IMG_20191110_124246.jpg,5,none,11_10_data\patch\IMG_20191110_124246_p5_none.npy
11_10_data,IMG_20191110_124246.jpg,6,none,11_10_data\patch\IMG_20191110_124246_p6_none.npy
11_10_data,IMG_20191110_124246.jpg,7,none,11_10_data\patch\IMG_20191110_124246_p7_none.npy
11_10_data,IMG_20191110_124246.jpg,8,none,11_10_data\patch\IMG_20191110_124246_p8_none.npy
11_10_data,IMG_20191110_124246.jpg,9,none,11_10_data\patch\IMG_20191110_124246_p9_none.npy
11_10_data,IMG_20191110_124246.jpg,10,none,11_10_data\patch\IMG_20191110_124246_p10_none.npy
11_10_data,IMG_20191110_124246.jpg,11,none,11_10_data\patch\IMG_20191110_124246_p11_none.npy
11_10_data,IMG_20191110_124246.jpg,12,none,11_10_data\patch\IMG_20191110_124246_p12_none.npy
11_10_data,IMG_20191110_124246.jpg,13,none,11_10_data\patch\IMG_20191110_124246_p13_none.npy
11_10_data,IMG_20191110_124246.jpg,14,none,11_10_data\patch\IMG_20191110_124246_p14_none.npy
11_10_data,IMG_20191110_124246.jpg,15,none,11_10_data\patch\IMG_20191110_124246_p15_none.npy
11_10_data,IMG_20191110_124246.jpg,16,none,11_10_data\patch\IMG_20191110_124246_p16_none.npy
11_10_data,IMG_20191110_124246.jpg,17,none,11_10_data\patch\IMG_20191110_124246_p17_none.npy
11_10_data,IMG_20191110_124246.jpg,18,none,11_10_data\patch\IMG_20191110_124246_p18_none.npy
11_10_data,IMG_20191110_124246.jpg,19,none,11_10_data\patch\IMG_20191110_124246_p19_none.npy
11_10_data,IMG_20191110_124246.jpg,20,none,11_10_data\patch\IMG_20191110_124246_p20_none.npy
11_10_data,IMG_20191110_124246.jpg,21,none,11_10_data\patch\IMG_20191110_124246_p21_none.npy
11_10_data,IMG_20191110_124246.jpg,22,none,11_10_data\patch\IMG_20191110_124246_p22_none.npy
11_10_data,IMG_20191110_124246.jpg,23,none,11_10_data\patch\IMG_20191110_124246_p23_none.npy
11_10_data,IMG_20191110_124246.jpg,24,none,11_10_data\patch\IMG_20191110_124246_p24_none.npy
11_10_data,IMG_20191110_124246.jpg,25,none,11_10_data\patch\IMG_20191110_124246_p25_none.npy
11_10_data,IMG_20191110_124246.jpg,26,none,11_10_data\patch\IMG_20191110_124246_p26_none.npy
11_10_data,IMG_20191110_124246.jpg,27,none,11_10_data\patch\IMG_20191110_124246_p27_none.npy
11_10_data,IMG_20191110_124246.jpg,28,none,11_10_data\patch\IMG_20191110_124246_p28_none.npy
11_10_data,IMG_20191110_124246.jpg,29,none,11_10_data\patch\IMG_20191110_124246_p29_none.npy
11_10_data,IMG_20191110_124246.jpg,30,none,11_10_data\patch\IMG_20191110_124246_p30_none.npy
11_10_data,IMG_20191110_124246.jpg,31,none,11_10_data\patch\IMG_20191110_124246_p31_none.npy
11_10_data,IMG_20191110_124246.jpg,32,none,11_10_data\patch\IMG_20191110_124246_p32_none.npy
11_10_data,IMG_20191110_124246.jpg,33,none,11_10_data\patch\IMG_20191110_124246_p33_none.npy
11_10_data,IMG_20191110_124246.jpg,34,none,11_10_data\patch\IMG_20191110_124246_p34_none.npy
11_10_data,IMG_20191110_124246.jpg,35,none,11_10_data\patch\IMG_20191110_124246_p35_none.npy
11_10_data,IMG_20191110_124246.jpg,36,none,11_10_data\patch\IMG_20191110_124246_p36_none.npy
11_10_data,IMG_20191110_124246.jpg,37,none,11_10_data\patch\IMG_20191110_124246_p37_none.npy
11_10_data,IMG_20191110_124246.jpg,38,none,11_10_data\patch\IMG_20191110_124246_p38_none.npy
11_10_data,IMG_20191110_124246.jpg,39,none,11_10_data\patch\IMG_20191110_124246_p39_none.npy
11_10_data,IMG_20191110_124246.jpg,40,none,11_10_data\patch\IMG_20191110_124246_p40_none.npy
11_10_data,IMG_20191110_124246.jpg,41,none,11_10_data\patch\IMG_20191110_124246_p41_none.npy
11_10_data,IMG_20191110_124246.jpg,42,none,11_10_data\patch\IMG_20191110_124246_p42_none.npy
11_10_data,IMG_20191110_124246.jpg,43,none,11_10_data\patch\IMG_20191110_124246_p43_none.npy
11_10_data,IMG_20191110_124246.jpg,44,none,11_10_data\patch\IMG_20191110_124246_p44_none.npy
11_10_data,IMG_20191110_124246.jpg,45,none,11_10_data\patch\IMG_20191110_124246_p45_none.npy
11_10_data,IMG_20191110_124246.jpg,46,none,11_10_data\patch\IMG_20191110_124246_p46_none.npy
11_10_data,IMG_20191110_124246.jpg,47,none,11_10_data\patch\IMG_20191110_124246_p47_none.npy
11_10_data,IMG_20191110_124246.jpg,48,none,11_10_data\patch\IMG_20191110_124246_p48_none.npy
11_10_data,IMG_20191110_124246.jpg,49,none,11_10_data\patch\IMG_20191110_124246_p49_none.npy
11_10_data,IMG_20191110_125257.jpg,0,none,11_10_data\patch\IMG_20191110_125257_p0_none.npy
11_10_data,IMG_20191110_125257.jpg,1,none,11_10_data\patch\IMG_20191110_125257_p1_none.npy
11_10_data,IMG_20191110_125257.jpg,2,none,11_10_data\patch\IMG_20191110_125257_p2_none.npy
11_10_data,IMG_20191110_125257.jpg,3,none,11_10_data\patch\IMG_20191110_125257_p3_none.npy
11_10_data,IMG_20191110_125257.jpg,4,none,11_10_data\patch\IMG_20191110_125257_p4_none.npy
11_10_data,IMG_20191110_125257.jpg,5,none,11_10_data\patch\IMG_20191110_125257_p5_none.npy
11_10_data,IMG_20191110_125257.jpg,6,none,11_10_data\patch\IMG_20191110_125257_p6_none.npy
11_10_data,IMG_20191110_125257.jpg,7,none,11_10_data\patch\IMG_20191110_125257_p7_none.npy
11_10_data,IMG_20191110_125257.jpg,8,none,11_10_data\patch\IMG_20191110_125257_p8_none.npy
11_10_data,IMG_20191110_125257.jpg,9,none,11_10_data\patch\IMG_20191110_125257_p9_none.npy
11_10_data,IMG_20191110_125257.jpg,10,none,11_10_data\patch\IMG_20191110_125257_p10_none.npy
11_10_data,IMG_20191110_125257.jpg,11,none,11_10_data\patch\IMG_20191110_125257_p11_none.npy
11_10_data,IMG_20191110_125257.jpg,12,none,11_10_data\patch\IMG_20191110_125257_p12_none.npy
11_10_data,IMG_20191110_125257.jpg,13,none,11_10_data\patch\IMG_20191110_125257_p13_none.npy
11_10_data,IMG_20191110_125257.jpg,14,none,11_10_data\patch\IMG_20191110_125257_p14_none.npy
11_10_data,IMG_20191110_125257.jpg,15,none,11_10_data\patch\IMG_20191110_125257_p15_none.npy
11_10_data,IMG_20191110_125257.jpg,16,none,11_10_data\patch\IMG_20191110_125257_p16_none.npy
11_10_data,IMG_20191110_125257.jpg,17,none,11_10_data\patch\IMG_20191110_125257_p17_none.npy
11_10_data,IMG_20191110_125257.jpg,18,none,11_10_data\patch\IMG_20191110_125257_p18_none.npy
11_10_data,IMG_20191110_125257.jpg,19,none,11_10_data\patch\IMG_20191110_125257_p19_none.npy
11_10_data,IMG_20191110_125257.jpg,20,none,11_10_data\patch\IMG_20191110_125257_p20_none.npy
11_10_data,IMG_20191110_125257.jpg,21,none,11_10_data\patch\IMG_20191110_125257_p21_none.npy
11_10_data,IMG_20191110_125257.jpg,22,none,11_10_data\patch\IMG_20191110_125257_p22_none.npy
11_10_data,IMG_20191110_125257.jpg,23,none,11_10_data\patch\IMG_20191110_125257_p23_none.npy
11_10_data,IMG_20191110_125257.jpg,24,none,11_10_data\patch\IMG_20191110_125257_p24_none.npy
11_10_data,IMG_20191110_125257.jpg,25,none,11_10_data\patch\IMG_20191110_125257_p25_none.npy
11_10_data,IMG_20191110_125257.jpg,26,none,11_10_data\patch\IMG_20191110_125257_p26_none.npy
11_10_data,IMG_20191110_125257.jpg,27,none,11_10_data\patch\IMG_20191110_125257_p27_none.npy
11_10_data,IMG_20191110_125257.jpg,28,none,11_10_data\patch\IMG_20191110_125257_p28_none.npy
11_10_data,IMG_20191110_125257.jpg,29,none,11_10_data\patch\IMG_20191110_125257_p29_none.npy
11_10_data,IMG_20191110_125257.jpg,30,none,11_10_data\patch\IMG_20191110_125257_p30_none.npy
11_10_data,IMG_20191110_125257.jpg,31,none,11_10_data\patch\IMG_20191110_125257_p31_none.npy
11_10_data,IMG_20191110_125257.jpg,32,none,11_10_data\patch\IMG_20191110_125257_p32_none.npy
11_10_data,IMG_20191110_125257.jpg,33,none,11_10_data\patch\IMG_20191110_125257_p33_none.npy
11_10_data,IMG_20191110_125257.jpg,34,none,11_10_data\patch\IMG_20191110_125257_p34_none.npy
11_10_data,IMG_20191110_125257.jpg,35,none,11_10_data\patch\IMG_20191110_125257_p35_none.npy
11_10_data,IMG_20191110_125257.jpg,36,none,11_10_data\patch\IMG_20191110_125257_p36_none.npy
11_10_data,IMG_20191110_125257.jpg,37,none,11_10_data\patch\IMG_20191110_125257_p37_none.npy
11_10_data,IMG_20191110_125257.jpg,38,none,11_10_data\patch\IMG_20191110_125257_p38_none.npy
11_10_data,IMG_20191110_125257.jpg,39,none,11_10_data\patch\IMG_20191110_125257_p39_none.npy
11_10_data,IMG_20191110_125257.jpg,40,none,11_10_data\patch\IMG_20191110_125257_p40_none.npy
11_10_data,IMG_20191110_125257.jpg,41,none,11_10_data\patch\IMG_20191110_125257_p41_none.npy
11_10_data,IMG_20191110_125257.jpg,42,none,11_10_data\patch\IMG_20191110_125257_p42_none.npy
11_10_data,IMG_20191110_125257.jpg,43,none,11_10_data\patch\IMG_20191110_125257_p43_none.npy
11_10_data,IMG_20191110_125257.jpg,44,none,11_10_data\patch\IMG_20191110_125257_p44_none.npy
11_10_data,IMG_20191110_125257.jpg,45,none,11_10_data\patch\IMG_20191110_125257_p45_none.npy
11_10_data,IMG_20191110_125257.jpg,46,none,11_10_data\patch\IMG_20191110_125257_p46_none.npy
11_10_data,IMG_20191110_125257.jpg,47,none,11_10_data\patch\IMG_20191110_125257_p47_none.npy
11_10_data,IMG_20191110_125257.jpg,48,none,11_10_data\patch\IMG_20191110_125257_p48_none.npy
11_10_data,IMG_20191110_125257.jpg,49,none,11_10_data\patch\IMG_20191110_125257_p49_none.npy
11_10_data,IMG_20191110_131019.jpg,0,none,11_10_data\patch\IMG_20191110_131019_p0_none.npy
11_10_data,IMG_20191110_131019.jpg,1,none,11_10_data\patch\IMG_20191110_131019_p1_none.npy
11_10_data,IMG_20191110_131019.jpg,2,none,11_10_data\patch\IMG_20191110_131019_p2_none.npy
11_10_data,IMG_20191110_131019.jpg,3,none,11_10_data\patch\IMG_20191110_131019_p3_none.npy
11_10_data,IMG_20191110_131019.jpg,4,none,11_10_data\patch\IMG_20191110_131019_p4_none.npy
11_10_data,IMG_20191110_131019.jpg,5,none,11_10_data\patch\IMG_20191110_131019_p5_none.npy
11_10_data,IMG_20191110_131019.jpg,6,none,11_10_data\patch\IMG_20191110_131019_p6_none.npy
11_10_data,IMG_20191110_131019.jpg,7,none,11_10_data\patch\IMG_20191110_131019_p7_none.npy
11_10_data,IMG_20191110_131019.jpg,8,none,11_10_data\patch\IMG_20191110_131019_p8_none.npy
11_10_data,IMG_20191110_131019.jpg,9,none,11_10_data\patch\IMG_20191110_131019_p9_none.npy
11_10_data,IMG_20191110_131019.jpg,10,none,11_10_data\patch\IMG_20191110_131019_p10_none.npy
11_10_data,IMG_20191110_131019.jpg,11,none,11_10_data\patch\IMG_20191110_131019_p11_none.npy
11_10_data,IMG_20191110_131019.jpg,12,none,11_10_data\patch\IMG_20191110_131019_p12_none.npy
11_10_data,IMG_20191110_131019.jpg,13,none,11_10_data\patch\IMG_20191110_131019_p13_none.npy
11_10_data,IMG_20191110_131019.jpg,14,none,11_10_data\patch\IMG_20191110_131019_p14_none.npy
11_10_data,IMG_20191110_131019.jpg,15,none,11_10_data\patch\IMG_20191110_131019_p15_none.npy
11_10_data,IMG_20191110_131019.jpg,16,none,11_10_data\patch\IMG_20191110_131019_p16_none.npy
11_10_data,IMG_20191110_131019.jpg,17,none,11_10_data\patch\IMG_20191110_131019_p17_none.npy
11_10_data,IMG_20191110_131019.jpg,18,none,11_10_data\patch\IMG_20191110_131019_p18_none.npy
11_10_data,IMG_20191110_131019.jpg,19,none,11_10_data\patch\IMG_20191110_131019_p19_none.npy
11_10_data,IMG_20191110_131019.jpg,20,none,11_10_data\patch\IMG_20191110_131019_p20_none.npy
11_10_data,IMG_20191110_131019.jpg,21,none,11_10_data\patch\IMG_20191110_131019_p21_none.npy
11_10_data,IMG_20191110_131019.jpg,22,none,11_10_data\patch\IMG_20191110_131019_p22_none.npy
11_10_data,IMG_20191110_131019.jpg,23,none,11_10_data\patch\IMG_20191110_131019_p23_none.npy
11_10_data,IMG_20191110_131019.jpg,24,none,11_10_data\patch\IMG_20191110_131019_p24_none.npy
11_10_data,IMG_20191110_131019.jpg,25,none,11_10_data\patch\IMG_20191110_131019_p25_none.npy
11_10_data,IMG_20191110_131019.jpg,26,none,11_10_data\patch\IMG_20191110_131019_p26_none.npy
11_10_data,IMG_20191110_131019.jpg,27,none,11_10_data\patch\IMG_20191110_131019_p27_none.npy
11_10_data,IMG_20191110_131019.jpg,28,none,11_10_data\patch\IMG_20191110_131019_p28_none.npy
11_10_data,IMG_20191110_131019.jpg,29,none,11_10_data\patch\IMG_20191110_131019_p29_none.npy
11_10_data,IMG_20191110_131019.jpg,30,none,11_10_data\patch\IMG_20191110_131019_p30_none.npy
11_10_data,IMG_20191110_131019.jpg,31,none,11_10_data\patch\IMG_20191110_131019_p31_none.npy
11_10_data,IMG_20191110_131019.jpg,32,none,11_10_data\patch\IMG_20191110_131019_p32_none.npy
11_10_data,IMG_20191110_131019.jpg,33,none,11_10_data\patch\IMG_20191110_131019_p33_none.npy
11_10_data,IMG_20191110_131019.jpg,34,none,11_10_data\patch\IMG_20191110_131019_p34_none.npy
11_10_data,IMG_20191110_131019.jpg,35,none,11_10_data\patch\IMG_20191110_131019_p35_none.npy
11_10_data,IMG_20191110_131019.jpg,36,none,11_10_data\patch\IMG_20191110_131019_p36_none.npy
11_10_data,IMG_20191110_131019.jpg,37,none,11_10_data\patch\IMG_20191110_131019_p37_none.npy
11_10_data,IMG_20191110_131019.jpg,38,none,11_10_data\patch\IMG_20191110_131019_p38_none.npy
11_10_data,IMG_20191110_131019.jpg,39,none,11_10_data\patch\IMG_20191110_131019_p39_none.npy
11_10_data,IMG_20191110_131019.jpg,40,none,11_10_data\patch\IMG_20191110_131019_p40_none.npy
11_10_data,IMG_20191110_131019.jpg,41,none,11_10_data\patch\IMG_20191110_131019_p41_none.npy
11_10_data,IMG_20191110_131019.jpg,42,none,11_10_data\patch\IMG_20191110_131019_p42_none.npy
11_10_data,IMG_20191110_131019.jpg,43,none,11_10_data\patch\IMG_20191110_131019_p43_none.npy
11_10_data,IMG_20191110_131019.jpg,44,none,11_10_data\patch\IMG_20191110_131019_p44_none.npy
11_10_data,IMG_20191110_131019.jpg,45,none,11_10_data\patch\IMG_20191110_131019_p45_none.npy
11_10_data,IMG_20191110_131019.jpg,46,none,11_10_data\patch\IMG_20191110_131019_p46_none.npy
11_10_data,IMG_20191110_131019.jpg,47,none,11_10_data\patch\IMG_20191110_131019_p47_none.npy
11_10_data,IMG_20191110_131019.jpg,48,none,11_10_data\patch\IMG_20191110_131019_p48_none.npy
11_10_data,IMG_20191110_131019.jpg,49,none,11_10_data\patch\IMG_20191110_131019_p49_none.npy
11_10_data,IMG_20191110_131057.jpg,0,none,11_10_data\patch\IMG_20191110_131057_p0_none.npy
11_10_data,IMG_20191110_131057.jpg,1,none,11_10_data\patch\IMG_20191110_131057_p1_none.npy
11_10_data,IMG_20191110_131057.jpg,2,none,11_10_data\patch\IMG_20191110_131057_p2_none.npy
11_10_data,IMG_20191110_131057.jpg,3,none,11_10_data\patch\IMG_20191110_131057_p3_none.npy
11_10_data,IMG_20191110_131057.jpg,4,none,11_10_data\patch\IMG_20191110_131057_p4_none.npy
11_10_data,IMG_20191110_131057.jpg,5,none,11_10_data\patch\IMG_20191110_131057_p5_none.npy
11_10_data,IMG_20191110_131057.jpg,6,none,11_10_data\patch\IMG_20191110_131057_p6_none.npy
11_10_data,IMG_20191110_131057.jpg,7,none,11_10_data\patch\IMG_20191110_131057_p7_none.npy
11_10_data,IMG_20191110_131057.jpg,8,none,11_10_data\patch\IMG_20191110_131057_p8_none.npy
11_10_data,IMG_20191110_131057.jpg,9,none,11_10_data\patch\IMG_20191110_131057_p9_none.npy
11_10_data,IMG_20191110_131057.jpg,10,none,11_10_data\patch\IMG_20191110_131057_p10_none.npy
11_10_data,IMG_20191110_131057.jpg,11,none,11_10_data\patch\IMG_20191110_131057_p11_none.npy
11_10_data,IMG_20191110_131057.jpg,12,none,11_10_data\patch\IMG_20191110_131057_p12_none.npy
11_10_data,IMG_20191110_131057.jpg,13,none,11_10_data\patch\IMG_20191110_131057_p13_none.npy
11_10_data,IMG_20191110_131057.jpg,14,none,11_10_data\patch\IMG_20191110_131057_p14_none.npy
11_10_data,IMG_20191110_131057.jpg,15,none,11_10_data\patch\IMG_20191110_131057_p15_none.npy
11_10_data,IMG_20191110_131057.jpg,16,none,11_10_data\patch\IMG_20191110_131057_p16_none.npy
11_10_data,IMG_20191110_131057.jpg,17,none,11_10_data\patch\IMG_20191110_131057_p17_none.npy
11_10_data,IMG_20191110_131057.jpg,18,none,11_10_data\patch\IMG_20191110_131057_p18_none.npy
11_10_data,IMG_20191110_131057.jpg,19,none,11_10_data\patch\IMG_20191110_131057_p19_none.npy
11_10_data,IMG_20191110_131057.jpg,20,none,11_10_data\patch\IMG_20191110_131057_p20_none.npy
11_10_data,IMG_20191110_131057.jpg,21,none,11_10_data\patch\IMG_20191110_131057_p21_none.npy
11_10_data,IMG_20191110_131057.jpg,22,none,11_10_data\patch\IMG_20191110_131057_p22_none.npy
11_10_data,IMG_20191110_131057.jpg,23,none,11_10_data\patch\IMG_20191110_131057_p23_none.npy
11_10_data,IMG_20191110_131057.jpg,24,none,11_10_data\patch\IMG_20191110_131057_p24_none.npy
11_10_data,IMG_20191110_131057.jpg,25,none,11_10_data\patch\IMG_20191110_131057_p25_none.npy
11_10_data,IMG_20191110_131057.jpg,26,none,11_10_data\patch\IMG_20191110_131057_p26_none.npy
11_10_data,IMG_20191110_131057.jpg,27,none,11_10_data\patch\IMG_20191110_131057_p27_none.npy
11_10_data,IMG_20191110_131057.jpg,28,none,11_10_data\patch\IMG_20191110_131057_p28_none.npy
11_10_data,IMG_20191110_131057.jpg,29,none,11_10_data\patch\IMG_20191110_131057_p29_none.npy
11_10_data,IMG_20191110_131057.jpg,30,none,11_10_data\patch\IMG_20191110_131057_p30_none.npy
11_10_data,IMG_20191110_131057.jpg,31,none,11_10_data\patch\IMG_20191110_131057_p31_none.npy
11_10_data,IMG_20191110_131057.jpg,32,none,11_10_data\patch\IMG_20191110_131057_p32_none.npy
11_10_data,IMG_20191110_131057.jpg,33,none,11_10_data\patch\IMG_20191110_131057_p33_none.npy
11_10_data,IMG_20191110_131057.jpg,34,none,11_10_data\patch\IMG_20191110_131057_p34_none.npy
11_10_data,IMG_20191110_131057.jpg,35,none,11_10_data\patch\IMG_20191110_131057_p35_none.npy
11_10_data,IMG_20191110_131057.jpg,36,none,11_10_data\patch\IMG_20191110_131057_p36_none.npy
11_10_data,IMG_20191110_131057.jpg,37,none,11_10_data\patch\IMG_20191110_131057_p37_none.npy
11_10_data,IMG_20191110_131057.jpg,38,none,11_10_data\patch\IMG_20191110_131057_p38_none.npy
11_10_data,IMG_20191110_131057.jpg,39,none,11_10_data\patch\IMG_20191110_131057_p39_none.npy
11_10_data,IMG_20191110_131057.jpg,40,none,11_10_data\patch\IMG_20191110_131057_p40_none.npy
11_10_data,IMG_20191110_131057.jpg,41,none,11_10_data\patch\IMG_20191110_131057_p41_none.npy
11_10_data,IMG_20191110_131057.jpg,42,none,11_10_data\patch\IMG_20191110_131057_p42_none.npy
11_10_data,IMG_20191110_131057.jpg,43,none,11_10_data\patch\IMG_20191110_131057_p43_none.npy
11_10_data,IMG_20191110_131057.jpg,44,none,11_10_data\patch\IMG_20191110_131057_p44_none.npy
11_10_data,IMG_20191110_131057.jpg,45,none,11_10_data\patch\IMG_20191110_131057_p45_none.npy
11_10_data,IMG_20191110_131057.jpg,46,none,11_10_data\patch\IMG_20191110_131057_p46_none.npy
11_10_data,IMG_20191110_131057.jpg,47,none,11_10_data\patch\IMG_20191110_131057_p47_none.npy
11_10_data,IMG_20191110_131057.jpg,48,none,11_10_data\patch\IMG_20191110_131057_p48_none.npy
11_10_data,IMG_20191110_131057.jpg,49,none,11_10_data\patch\IMG_20191110_131057_p49_none.npy
11_10_data,IMG_20191110_132035.jpg,0,none,11_10_data\patch\IMG_20191110_132035_p0_none.npy
11_10_data,IMG_20191110_132035.jpg,1,none,11_10_data\patch\IMG_20191110_132035_p1_none.npy
11_10_data,IMG_20191110_132035.jpg,2,none,11_10_data\patch\IMG_20191110_132035_p2_none.npy
11_10_data,IMG_20191110_132035.jpg,3,none,11_10_data\patch\IMG_20191110_132035_p3_none.npy
11_10_data,IMG_20191110_132035.jpg,4,none,11_10_data\patch\IMG_20191110_132035_p4_none.npy
11_10_data,IMG_20191110_132035.jpg,5,none,11_10_data\patch\IMG_20191110_132035_p5_none.npy
11_10_data,IMG_20191110_132035.jpg,6,none,11_10_data\patch\IMG_20191110_132035_p6_none.npy
11_10_data,IMG_20191110_132035.jpg,7,none,11_10_data\patch\IMG_20191110_132035_p7_none.npy
11_10_data,IMG_20191110_132035.jpg,8,none,11_10_data\patch\IMG_20191110_132035_p8_none.npy
11_10_data,IMG_20191110_132035.jpg,9,none,11_10_data\patch\IMG_20191110_132035_p9_none.npy
11_10_data,IMG_20191110_132035.jpg,10,none,11_10_data\patch\IMG_20191110_132035_p10_none.npy
11_10_data,IMG_20191110_132035.jpg,11,none,11_10_data\patch\IMG_20191110_132035_p11_none.npy
11_10_data,IMG_20191110_132035.jpg,12,none,11_10_data\patch\IMG_20191110_132035_p12_none.npy
11_10_data,IMG_20191110_132035.jpg,13,none,11_10_data\patch\IMG_20191110_132035_p13_none.npy
11_10_data,IMG_20191110_132035.jpg,14,none,11_10_data\patch\IMG_20191110_132035_p14_none.npy
11_10_data,IMG_20191110_132035.jpg,15,none,11_10_data\patch\IMG_20191110_132035_p15_none.npy
11_10_data,IMG_20191110_132035.jpg,16,none,11_10_data\patch\IMG_20191110_132035_p16_none.npy
11_10_data,IMG_20191110_132035.jpg,17,none,11_10_data\patch\IMG_20191110_132035_p17_none.npy
11_10_data,IMG_20191110_132035.jpg,18,none,11_10_data\patch\IMG_20191110_132035_p18_none.npy
11_10_data,IMG_20191110_132035.jpg,19,none,11_10_data\patch\IMG_20191110_132035_p19_none.npy
11_10_data,IMG_20191110_132035.jpg,20,none,11_10_data\patch\IMG_20191110_132035_p20_none.npy
11_10_data,IMG_20191110_132035.jpg,21,none,11_10_data\patch\IMG_20191110_132035_p21_none.npy
11_10_data,IMG_20191110_132035.jpg,22,none,11_10_data\patch\IMG_20191110_132035_p22_none.npy
11_10_data,IMG_20191110_132035.jpg,23,none,11_10_data\patch\IMG_20191110_132035_p23_none.npy
11_10_data,IMG_20191110_132035.jpg,24,none,11_10_data\patch\IMG_20191110_132035_p24_none.npy
11_10_data,IMG_20191110_132035.jpg,25,none,11_10_data\patch\IMG_20191110_132035_p25_none.npy
11_10_data,IMG_20191110_132035.jpg,26,none,11_10_data\patch\IMG_20191110_132035_p26_none.npy
11_10_data,IMG_20191110_132035.jpg,27,none,11_10_data\patch\IMG_20191110_132035_p27_none.npy
11_10_data,IMG_20191110_132035.jpg,28,none,11_10_data\patch\IMG_20191110_132035_p28_none.npy
11_10_data,IMG_20191110_132035.jpg,29,none,11_10_data\patch\IMG_20191110_132035_p29_none.npy
11_10_data,IMG_20191110_132035.jpg,30,none,11_10_data\patch\IMG_20191110_132035_p30_none.npy
11_10_data,IMG_20191110_132035.jpg,31,none,11_10_data\patch\IMG_20191110_132035_p31_none.npy
11_10_data,IMG_20191110_132035.jpg,32,none,11_10_data\patch\IMG_20191110_132035_p32_none.npy
11_10_data,IMG_20191110_132035.jpg,33,none,11_10_data\patch\IMG_20191110_132035_p33_none.npy
11_10_data,IMG_20191110_132035.jpg,34,none,11_10_data\patch\IMG_20191110_132035_p34_none.npy
11_10_data,IMG_20191110_132035.jpg,35,none,11_10_data\patch\IMG_20191110_132035_p35_none.npy
11_10_data,IMG_20191110_132035.jpg,36,none,11_10_data\patch\IMG_20191110_132035_p36_none.npy
11_10_data,IMG_20191110_132035.jpg,37,none,11_10_data\patch\IMG_20191110_132035_p37_none.npy
11_10_data,IMG_20191110_132035.jpg,38,none,11_10_data\patch\IMG_20191110_132035_p38_none.npy
11_10_data,IMG_20191110_132035.jpg,39,none,11_10_data\patch\IMG_20191110_132035_p39_none.npy
11_10_data,IMG_20191110_132035.jpg,40,none,11_10_data\patch\IMG_20191110_132035_p40_none.npy
11_10_data,IMG_20191110_132035.jpg,41,none,11_10_data\patch\IMG_20191110_132035_p41_none.npy
11_10_data,IMG_20191110_132035.jpg,42,none,11_10_data\patch\IMG_20191110_132035_p42_none.npy
11_10_data,IMG_20191110_132035.jpg,43,none,11_10_data\patch\IMG_20191110_132035_p43_none.npy
11_10_data,IMG_20191110_132035.jpg,44,none,11_10_data\patch\IMG_20191110_132035_p44_none.npy
11_10_data,IMG_20191110_132035.jpg,45,none,11_10_data\patch\IMG_20191110_132035_p45_none.npy
11_10_data,IMG_20191110_132035.jpg,46,none,11_10_data\patch\IMG_20191110_132035_p46_none.npy
11_10_data,IMG_20191110_132035.jpg,47,none,11_10_data\patch\IMG_20191110_132035_p47_none.npy
11_10_data,IMG_20191110_132035.jpg,48,none,11_10_data\patch\IMG_20191110_132035_p48_none.npy
11_10_data,IMG_20191110_132035.jpg,49,none,11_10_data\patch\IMG_20191110_132035_p49_none.npy
11_10_data,IMG_20191110_132152.jpg,0,none,11_10_data\patch\IMG_20191110_132152_p0_none.npy
11_10_data,IMG_20191110_132152.jpg,1,none,11_10_data\patch\IMG_20191110_132152_p1_none.npy
11_10_data,IMG_20191110_132152.jpg,2,none,11_10_data\patch\IMG_20191110_132152_p2_none.npy
11_10_data,IMG_20191110_132152.jpg,3,none,11_10_data\patch\IMG_20191110_132152_p3_none.npy
11_10_data,IMG_20191110_132152.jpg,4,none,11_10_data\patch\IMG_20191110_132152_p4_none.npy
11_10_data,IMG_20191110_132152.jpg,5,none,11_10_data\patch\IMG_20191110_132152_p5_none.npy
11_10_data,IMG_20191110_132152.jpg,6,none,11_10_data\patch\IMG_20191110_132152_p6_none.npy
11_10_data,IMG_20191110_132152.jpg,7,none,11_10_data\patch\IMG_20191110_132152_p7_none.npy
11_10_data,IMG_20191110_132152.jpg,8,none,11_10_data\patch\IMG_20191110_132152_p8_none.npy
11_10_data,IMG_20191110_132152.jpg,9,none,11_10_data\patch\IMG_20191110_132152_p9_none.npy
11_10_data,IMG_20191110_132152.jpg,10,none,11_10_data\patch\IMG_20191110_132152_p10_none.npy
11_10_data,IMG_20191110_132152.jpg,11,none,11_10_data\patch\IMG_20191110_132152_p11_none.npy
11_10_data,IMG_20191110_132152.jpg,12,none,11_10_data\patch\IMG_20191110_132152_p12_none.npy
11_10_data,IMG_20191110_132152.jpg,13,none,11_10_data\patch\IMG_20191110_132152_p13_none.npy
11_10_data,IMG_20191110_132152.jpg,14,none,11_10_data\patch\IMG_20191110_132152_p14_none.npy
11_10_data,IMG_20191110_132152.jpg,15,none,11_10_data\patch\IMG_20191110_132152_p15_none.npy
11_10_data,IMG_20191110_132152.jpg,16,none,11_10_data\patch\IMG_20191110_132152_p16_none.npy
11_10_data,IMG_20191110_132152.jpg,17,none,11_10_data\patch\IMG_20191110_132152_p17_none.npy
11_10_data,IMG_20191110_132152.jpg,18,none,11_10_data\patch\IMG_20191110_132152_p18_none.npy
11_10_data,IMG_20191110_132152.jpg,19,none,11_10_data\patch\IMG_20191110_132152_p19_none.npy
11_10_data,IMG_20191110_132152.jpg,20,none,11_10_data\patch\IMG_20191110_132152_p20_none.npy
11_10_data,IMG_20191110_132152.jpg,21,none,11_10_data\patch\IMG_20191110_132152_p21_none.npy
11_10_data,IMG_20191110_132152.jpg,22,none,11_10_data\patch\IMG_20191110_132152_p22_none.npy
11_10_data,IMG_20191110_132152.jpg,23,none,11_10_data\patch\IMG_20191110_132152_p23_none.npy
11_10_data,IMG_20191110_132152.jpg,24,none,11_10_data\patch\IMG_20191110_132152_p24_none.npy
11_10_data,IMG_20191110_132152.jpg,25,none,11_10_data\patch\IMG_20191110_132152_p25_none.npy
11_10_data,IMG_20191110_132152.jpg,26,none,11_10_data\patch\IMG_20191110_132152_p26_none.npy
11_10_data,IMG_20191110_132152.jpg,27,none,11_10_data\patch\IMG_20191110_132152_p27_none.npy
11_10_data,IMG_20191110_132152.jpg,28,none,11_10_data\patch\IMG_20191110_132152_p28_none.npy
11_10_data,IMG_20191110_132152.jpg,29,none,11_10_data\patch\IMG_20191110_132152_p29_none.npy
11_10_data,IMG_20191110_132152.jpg,30,none,11_10_data\patch\IMG_20191110_132152_p30_none.npy
11_10_data,IMG_20191110_132152.jpg,31,none,11_10_data\patch\IMG_20191110_132152_p31_none.npy
11_10_data,IMG_20191110_132152.jpg,32,none,11_10_data\patch\IMG_20191110_132152_p32_none.npy
11_10_data,IMG_20191110_132152.jpg,33,none,11_10_data\patch\IMG_20191110_132152_p33_none.npy
11_10_data,IMG_20191110_132152.jpg,34,none,11_10_data\patch\IMG_20191110_132152_p34_none.npy
11_10_data,IMG_20191110_132152.jpg,35,none,11_10_data\patch\IMG_20191110_132152_p35_none.npy
11_10_data,IMG_20191110_132152.jpg,36,none,11_10_data\patch\IMG_20191110_132152_p36_none.npy
11_10_data,IMG_20191110_132152.jpg,37,none,11_10_data\patch\IMG_20191110_132152_p37_none.npy
11_10_data,IMG_20191110_132152.jpg,38,none,11_10_data\patch\IMG_20191110_132152_p38_none.npy
11_10_data,IMG_20191110_132152.jpg,39,none,11_10_data\patch\IMG_20191110_132152_p39_none.npy
11_10_data,IMG_20191110_132152.jpg,40,none,11_10_data\patch\IMG_20191110_132152_p40_none.npy
11_10_data,IMG_20191110_132152.jpg,41,none,11_10_data\patch\IMG_20191110_132152_p41_none.npy
11_10_data,IMG_20191110_132152.jpg,42,none,11_10_data\patch\IMG_20191110_132152_p42_none.npy
11_10_data,IMG_20191110_132152.jpg,43,none,11_10_data\patch\IMG_20191110_132152_p43_none.npy
11_10_data,IMG_20191110_132152.jpg,44,none,11_10_data\patch\IMG_20191110_132152_p44_none.npy
11_10_data,IMG_20191110_132152.jpg,45,none,11_10_data\patch\IMG_20191110_132152_p45_none.npy
11_10_data,IMG_20191110_132152.jpg,46,none,11_10_data\patch\IMG_20191110_132152_p46_none.npy
11_10_data,IMG_20191110_132152.jpg,47,none,11_10_data\patch\IMG_20191110_132152_p47_none.npy
11_10_data,IMG_20191110_132152.jpg,48,none,11_10_data\patch\IMG_20191110_132152_p48_none.npy
11_10_data,IMG_20191110_132152.jpg,49,none,11_10_data\patch\IMG_20191110_132152_p49_none.npy
11_10_data,IMG_20191110_133330.jpg,0,none,11_10_data\patch\IMG_20191110_133330_p0_none.npy
11_10_data,IMG_20191110_133330.jpg,1,none,11_10_data\patch\IMG_20191110_133330_p1_none.npy
11_10_data,IMG_20191110_133330.jpg,2,none,11_10_data\patch\IMG_20191110_133330_p2_none.npy
11_10_data,IMG_20191110_133330.jpg,3,none,11_10_data\patch\IMG_20191110_133330_p3_none.npy
11_10_data,IMG_20191110_133330.jpg,4,none,11_10_data\patch\IMG_20191110_133330_p4_none.npy
11_10_data,IMG_20191110_133330.jpg,5,none,11_10_data\patch\IMG_20191110_133330_p5_none.npy
11_10_data,IMG_20191110_133330.jpg,6,none,11_10_data\patch\IMG_20191110_133330_p6_none.npy
11_10_data,IMG_20191110_133330.jpg,7,none,11_10_data\patch\IMG_20191110_133330_p7_none.npy
11_10_data,IMG_20191110_133330.jpg,8,none,11_10_data\patch\IMG_20191110_133330_p8_none.npy
11_10_data,IMG_20191110_133330.jpg,9,none,11_10_data\patch\IMG_20191110_133330_p9_none.npy
11_10_data,IMG_20191110_133330.jpg,10,none,11_10_data\patch\IMG_20191110_133330_p10_none.npy
11_10_data,IMG_20191110_133330.jpg,11,none,11_10_data\patch\IMG_20191110_133330_p11_none.npy
11_10_data,IMG_20191110_133330.jpg,12,none,11_10_data\patch\IMG_20191110_133330_p12_none.npy
11_10_data,IMG_20191110_133330.jpg,13,none,11_10_data\patch\IMG_20191110_133330_p13_none.npy
11_10_data,IMG_20191110_133330.jpg,14,none,11_10_data\patch\IMG_20191110_133330_p14_none.npy
11_10_data,IMG_20191110_133330.jpg,15,none,11_10_data\patch\IMG_20191110_133330_p15_none.npy
11_10_data,IMG_20191110_133330.jpg,16,none,11_10_data\patch\IMG_20191110_133330_p16_none.npy
11_10_data,IMG_20191110_133330.jpg,17,none,11_10_data\patch\IMG_20191110_133330_p17_none.npy
11_10_data,IMG_20191110_133330.jpg,18,none,11_10_data\patch\IMG_20191110_133330_p18_none.npy
11_10_data,IMG_20191110_133330.jpg,19,none,11_10_data\patch\IMG_20191110_133330_p19_none.npy
11_10_data,IMG_20191110_133330.jpg,20,none,11_10_data\patch\IMG_20191110_133330_p20_none.npy
11_10_data,IMG_20191110_133330.jpg,21,none,11_10_data\patch\IMG_20191110_133330_p21_none.npy
11_10_data,IMG_20191110_133330.jpg,22,none,11_10_data\patch\IMG_20191110_133330_p22_none.npy
11_10_data,IMG_20191110_133330.jpg,23,none,11_10_data\patch\IMG_20191110_133330_p23_none.npy
11_10_data,IMG_20191110_133330.jpg,24,none,11_10_data\patch\IMG_20191110_133330_p24_none.npy
11_10_data,IMG_20191110_133330.jpg,25,none,11_10_data\patch\IMG_20191110_133330_p25_none.npy
11_10_data,IMG_20191110_133330.jpg,26,none,11_10_data\patch\IMG_20191110_133330_p26_none.npy
11_10_data,IMG_20191110_133330.jpg,27,none,11_10_data\patch\IMG_20191110_133330_p27_none.npy
11_10_data,IMG_20191110_133330.jpg,28,none,11_10_data\patch\IMG_20191110_133330_p28_none.npy
11_10_data,IMG_20191110_133330.jpg,29,none,11_10_data\patch\IMG_20191110_133330_p29_none.npy
11_10_data,IMG_20191110_133330.jpg,30,none,11_10_data\patch\IMG_20191110_133330_p30_none.npy
11_10_data,IMG_20191110_133330.jpg,31,none,11_10_data\patch\IMG_20191110_133330_p31_none.npy
11_10_data,IMG_20191110_133330.jpg,32,none,11_10_data\patch\IMG_20191110_133330_p32_none.npy
11_10_data,IMG_20191110_133330.jpg,33,none,11_10_data\patch\IMG_20191110_133330_p33_none.npy
11_10_data,IMG_20191110_133330.jpg,34,none,11_10_data\patch\IMG_20191110_133330_p34_none.npy
11_10_data,IMG_20191110_133330.jpg,35,none,11_10_data\patch\IMG_20191110_133330_p35_none.npy
11_10_data,IMG_20191110_133330.jpg,36,none,11_10_data\patch\IMG_20191110_133330_p36_none.npy
11_10_data,IMG_20191110_133330.jpg,37,none,11_10_data\patch\IMG_20191110_133330_p37_none.npy
11_10_data,IMG_20191110_133330.jpg,38,none,11_10_data\patch\IMG_20191110_133330_p38_none.npy
11_10_data,IMG_20191110_133330.jpg,39,none,11_10_data\patch\IMG_20191110_133330_p39_none.npy
11_10_data,IMG_20191110_133330.jpg,40,none,11_10_data\patch\IMG_20191110_133330_p40_none.npy
11_10_data,IMG_20191110_133330.jpg,41,none,11_10_data\patch\IMG_20191110_133330_p41_none.npy
11_10_data,IMG_20191110_133330.jpg,42,none,11_10_data\patch\IMG_20191110_133330_p42_none.npy
11_10_data,IMG_20191110_133330.jpg,43,none,11_10_data\patch\IMG_20191110_133330_p43_none.npy
11_10_data,IMG_20191110_133330.jpg,44,none,11_10_data\patch\IMG_20191110_133330_p44_none.npy
11_10_data,IMG_20191110_133330.jpg,45,none,11_10_data\patch\IMG_20191110_133330_p45_none.npy
11_10_data,IMG_20191110_133330.jpg,46,none,11_10_data\patch\IMG_20191110_133330_p46_none.npy
11_10_data,IMG_20191110_133330.jpg,47,none,11_10_data\patch\IMG_20191110_133330_p47_none.npy
11_10_data,IMG_20191110_133330.jpg,48,none,11_10_data\patch\IMG_20191110_133330_p48_none.npy
11_10_data,IMG_20191110_133330.jpg,49,none,11_10_data\patch\IMG_20191110_133330_p49_none.npy
11_10_data,IMG_20191110_133404.jpg,0,none,11_10_data\patch\IMG_20191110_133404_p0_none.npy
11_10_data,IMG_20191110_133404.jpg,1,none,11_10_data\patch\IMG_20191110_133404_p1_none.npy
11_10_data,IMG_20191110_133404.jpg,2,none,11_10_data\patch\IMG_20191110_133404_p2_none.npy
11_10_data,IMG_20191110_133404.jpg,3,none,11_10_data\patch\IMG_20191110_133404_p3_none.npy
11_10_data,IMG_20191110_133404.jpg,4,none,11_10_data\patch\IMG_20191110_133404_p4_none.npy
11_10_data,IMG_20191110_133404.jpg,5,none,11_10_data\patch\IMG_20191110_133404_p5_none.npy
11_10_data,IMG_20191110_133404.jpg,6,none,11_10_data\patch\IMG_20191110_133404_p6_none.npy
11_10_data,IMG_20191110_133404.jpg,7,none,11_10_data\patch\IMG_20191110_133404_p7_none.npy
11_10_data,IMG_20191110_133404.jpg,8,none,11_10_data\patch\IMG_20191110_133404_p8_none.npy
11_10_data,IMG_20191110_133404.jpg,9,none,11_10_data\patch\IMG_20191110_133404_p9_none.npy
11_10_data,IMG_20191110_133404.jpg,10,none,11_10_data\patch\IMG_20191110_133404_p10_none.npy
11_10_data,IMG_20191110_133404.jpg,11,none,11_10_data\patch\IMG_20191110_133404_p11_none.npy
11_10_data,IMG_20191110_133404.jpg,12,none,11_10_data\patch\IMG_20191110_133404_p12_none.npy
11_10_data,IMG_20191110_133404.jpg,13,none,11_10_data\patch\IMG_20191110_133404_p13_none.npy
11_10_data,IMG_20191110_133404.jpg,14,none,11_10_data\patch\IMG_20191110_133404_p14_none.npy
11_10_data,IMG_20191110_133404.jpg,15,none,11_10_data\patch\IMG_20191110_133404_p15_none.npy
11_10_data,IMG_20191110_133404.jpg,16,none,11_10_data\patch\IMG_20191110_133404_p16_none.npy
11_10_data,IMG_20191110_133404.jpg,17,none,11_10_data\patch\IMG_20191110_133404_p17_none.npy
11_10_data,IMG_20191110_133404.jpg,18,none,11_10_data\patch\IMG_20191110_133404_p18_none.npy
11_10_data,IMG_20191110_133404.jpg,19,none,11_10_data\patch\IMG_20191110_133404_p19_none.npy
11_10_data,IMG_20191110_133404.jpg,20,none,11_10_data\patch\IMG_20191110_133404_p20_none.npy
11_10_data,IMG_20191110_133404.jpg,21,none,11_10_data\patch\IMG_20191110_133404_p21_none.npy
11_10_data,IMG_20191110_133404.jpg,22,none,11_10_data\patch\IMG_20191110_133404_p22_none.npy
11_10_data,IMG_20191110_133404.jpg,23,none,11_10_data\patch\IMG_20191110_133404_p23_none.npy
11_10_data,IMG_20191110_133404.jpg,24,none,11_10_data\patch\IMG_20191110_133404_p24_none.npy
11_10_data,IMG_20191110_133404.jpg,25,none,11_10_data\patch\IMG_20191110_133404_p25_none.npy
11_10_data,IMG_20191110_133404.jpg,26,none,11_10_data\patch\IMG_20191110_133404_p26_none.npy
11_10_data,IMG_20191110_133404.jpg,27,none,11_10_data\patch\IMG_20191110_133404_p27_none.npy
11_10_data,IMG_20191110_133404.jpg,28,none,11_10_data\patch\IMG_20191110_133404_p28_none.npy
11_10_data,IMG_20191110_133404.jpg,29,none,11_10_data\patch\IMG_20191110_133404_p29_none.npy
11_10_data,IMG_20191110_133404.jpg,30,none,11_10_data\patch\IMG_20191110_133404_p30_none.npy
11_10_data,IMG_20191110_133404.jpg,31,none,11_10_data\patch\IMG_20191110_133404_p31_none.npy
11_10_data,IMG_20191110_133404.jpg,32,none,11_10_data\patch\IMG_20191110_133404_p32_none.npy
11_10_data,IMG_20191110_133404.jpg,33,none,11_10_data\patch\IMG_20191110_133404_p33_none.npy
11_10_data,IMG_20191110_133404.jpg,34,none,11_10_data\patch\IMG_20191110_133404_p34_none.npy
11_10_data,IMG_20191110_133404.jpg,35,none,11_10_data\patch\IMG_20191110_133404_p35_none.npy
11_10_data,IMG_20191110_133404.jpg,36,none,11_10_data\patch\IMG_20191110_133404_p36_none.npy
11_10_data,IMG_20191110_133404.jpg,37,none,11_10_data\patch\IMG_20191110_133404_p37_none.npy
11_10_data,IMG_20191110_133404.jpg,38,none,11_10_data\patch\IMG_20191110_133404_p38_none.npy
11_10_data,IMG_20191110_133404.jpg,39,none,11_10_data\patch\IMG_20191110_133404_p39_none.npy
11_10_data,IMG_20191110_133404.jpg,40,none,11_10_data\patch\IMG_20191110_133404_p40_none.npy
11_10_data,IMG_20191110_133404.jpg,41,none,11_10_data\patch\IMG_20191110_133404_p41_none.npy
11_10_data,IMG_20191110_133404.jpg,42,none,11_10_data\patch\IMG_20191110_133404_p42_none.npy
11_10_data,IMG_20191110_133404.jpg,43,none,11_10_data\patch\IMG_20191110_133404_p43_none.npy
11_10_data,IMG_20191110_133404.jpg,44,none,11_10_data\patch\IMG_20191110_133404_p44_none.npy
11_10_data,IMG_20191110_133404.jpg,45,none,11_10_data\patch\IMG_20191110_133404_p45_none.npy
11_10_data,IMG_20191110_133404.jpg,46,none,11_10_data\patch\IMG_20191110_133404_p46_none.npy
11_10_data,IMG_20191110_133404.jpg,47,none,11_10_data\patch\IMG_20191110_133404_p47_none.npy
11_10_data,IMG_20191110_133404.jpg,48,none,11_10_data\patch\IMG_20191110_133404_p48_none.npy
11_10_data,IMG_20191110_133404.jpg,49,none,11_10_data\patch\IMG_20191110_133404_p49_none.npy
11_10_data,IMG_20191110_134129.jpg,0,none,11_10_data\patch\IMG_20191110_134129_p0_none.npy
11_10_data,IMG_20191110_134129.jpg,1,none,11_10_data\patch\IMG_20191110_134129_p1_none.npy
11_10_data,IMG_20191110_134129.jpg,2,none,11_10_data\patch\IMG_20191110_134129_p2_none.npy
11_10_data,IMG_20191110_134129.jpg,3,none,11_10_data\patch\IMG_20191110_134129_p3_none.npy
11_10_data,IMG_20191110_134129.jpg,4,none,11_10_data\patch\IMG_20191110_134129_p4_none.npy
11_10_data,IMG_20191110_134129.jpg,5,none,11_10_data\patch\IMG_20191110_134129_p5_none.npy
11_10_data,IMG_20191110_134129.jpg,6,none,11_10_data\patch\IMG_20191110_134129_p6_none.npy
11_10_data,IMG_20191110_134129.jpg,7,none,11_10_data\patch\IMG_20191110_134129_p7_none.npy
11_10_data,IMG_20191110_134129.jpg,8,none,11_10_data\patch\IMG_20191110_134129_p8_none.npy
11_10_data,IMG_20191110_134129.jpg,9,none,11_10_data\patch\IMG_20191110_134129_p9_none.npy
11_10_data,IMG_20191110_134129.jpg,10,none,11_10_data\patch\IMG_20191110_134129_p10_none.npy
11_10_data,IMG_20191110_134129.jpg,11,none,11_10_data\patch\IMG_20191110_134129_p11_none.npy
11_10_data,IMG_20191110_134129.jpg,12,none,11_10_data\patch\IMG_20191110_134129_p12_none.npy
11_10_data,IMG_20191110_134129.jpg,13,none,11_10_data\patch\IMG_20191110_134129_p13_none.npy
11_10_data,IMG_20191110_134129.jpg,14,none,11_10_data\patch\IMG_20191110_134129_p14_none.npy
11_10_data,IMG_20191110_134129.jpg,15,none,11_10_data\patch\IMG_20191110_134129_p15_none.npy
11_10_data,IMG_20191110_134129.jpg,16,none,11_10_data\patch\IMG_20191110_134129_p16_none.npy
11_10_data,IMG_20191110_134129.jpg,17,none,11_10_data\patch\IMG_20191110_134129_p17_none.npy
11_10_data,IMG_20191110_134129.jpg,18,none,11_10_data\patch\IMG_20191110_134129_p18_none.npy
11_10_data,IMG_20191110_134129.jpg,19,none,11_10_data\patch\IMG_20191110_134129_p19_none.npy
11_10_data,IMG_20191110_134129.jpg,20,none,11_10_data\patch\IMG_20191110_134129_p20_none.npy
11_10_data,IMG_20191110_134129.jpg,21,none,11_10_data\patch\IMG_20191110_134129_p21_none.npy
11_10_data,IMG_20191110_134129.jpg,22,none,11_10_data\patch\IMG_20191110_134129_p22_none.npy
11_10_data,IMG_20191110_134129.jpg,23,none,11_10_data\patch\IMG_20191110_134129_p23_none.npy
11_10_data,IMG_20191110_134129.jpg,24,none,11_10_data\patch\IMG_20191110_134129_p24_none.npy
11_10_data,IMG_20191110_134129.jpg,25,none,11_10_data\patch\IMG_20191110_134129_p25_none.npy
11_10_data,IMG_20191110_134129.jpg,26,none,11_10_data\patch\IMG_20191110_134129_p26_none.npy
11_10_data,IMG_20191110_134129.jpg,27,none,11_10_data\patch\IMG_20191110_134129_p27_none.npy
11_10_data,IMG_20191110_134129.jpg,28,none,11_10_data\patch\IMG_20191110_134129_p28_none.npy
11_10_data,IMG_20191110_134129.jpg,29,none,11_10_data\patch\IMG_20191110_134129_p29_none.npy
11_10_data,IMG_20191110_134129.jpg,30,none,11_10_data\patch\IMG_20191110_134129_p30_none.npy
11_10_data,IMG_20191110_134129.jpg,31,none,11_10_data\patch\IMG_20191110_134129_p31_none.npy
11_10_data,IMG_20191110_134129.jpg,32,none,11_10_data\patch\IMG_20191110_134129_p32_none.npy
11_10_data,IMG_20191110_134129.jpg,33,none,11_10_data\patch\IMG_20191110_134129_p33_none.npy
11_10_data,IMG_20191110_134129.jpg,34,none,11_10_data\patch\IMG_20191110_134129_p34_none.npy
11_10_data,IMG_20191110_134129.jpg,35,none,11_10_data\patch\IMG_20191110_134129_p35_none.npy
11_10_data,IMG_20191110_134129.jpg,36,none,11_10_data\patch\IMG_20191110_134129_p36_none.npy
11_10_data,IMG_20191110_134129.jpg,37,none,11_10_data\patch\IMG_20191110_134129_p37_none.npy
11_10_data,IMG_20191110_134129.jpg,38,none,11_10_data\patch\IMG_20191110_134129_p38_none.npy
11_10_data,IMG_20191110_134129.jpg,39,none,11_10_data\patch\IMG_20191110_134129_p39_none.npy
11_10_data,IMG_20191110_134129.jpg,40,none,11_10_data\patch\IMG_20191110_134129_p40_none.npy
11_10_data,IMG_20191110_134129.jpg,41,none,11_10_data\patch\IMG_20191110_134129_p41_none.npy
11_10_data,IMG_20191110_134129.jpg,42,none,11_10_data\patch\IMG_20191110_134129_p42_none.npy
11_10_data,IMG_20191110_134129.jpg,43,none,11_10_data\patch\IMG_20191110_134129_p43_none.npy
11_10_data,IMG_20191110_134129.jpg,44,none,11_10_data\patch\IMG_20191110_134129_p44_none.npy
11_10_data,IMG_20191110_134129.jpg,45,none,11_10_data\patch\IMG_20191110_134129_p45_none.npy
11_10_data,IMG_20191110_134129.jpg,46,none,11_10_data\patch\IMG_20191110_134129_p46_none.npy
11_10_data,IMG_20191110_134129.jpg,47,none,11_10_data\patch\IMG_20191110_134129_p47_none.npy
11_10_data,IMG_20191110_134129.jpg,48,none,11_10_data\patch\IMG_20191110_134129_p48_none.npy
11_10_data,IMG_20191110_134129.jpg,49,none,11_10_data\patch\IMG_20191110_134129_p49_none.npy
11_10_data,IMG_20191110_134212.jpg,0,none,11_10_data\patch\IMG_20191110_134212_p0_none.npy
11_10_data,IMG_20191110_134212.jpg,1,none,11_10_data\patch\IMG_20191110_134212_p1_none.npy
11_10_data,IMG_20191110_134212.jpg,2,none,11_10_data\patch\IMG_20191110_134212_p2_none.npy
11_10_data,IMG_20191110_134212.jpg,3,none,11_10_data\patch\IMG_20191110_134212_p3_none.npy
11_10_data,IMG_20191110_134212.jpg,4,none,11_10_data\patch\IMG_20191110_134212_p4_none.npy
11_10_data,IMG_20191110_134212.jpg,5,none,11_10_data\patch\IMG_20191110_134212_p5_none.npy
11_10_data,IMG_20191110_134212.jpg,6,none,11_10_data\patch\IMG_20191110_134212_p6_none.npy
11_10_data,IMG_20191110_134212.jpg,7,none,11_10_data\patch\IMG_20191110_134212_p7_none.npy
11_10_data,IMG_20191110_134212.jpg,8,none,11_10_data\patch\IMG_20191110_134212_p8_none.npy
11_10_data,IMG_20191110_134212.jpg,9,none,11_10_data\patch\IMG_20191110_134212_p9_none.npy
11_10_data,IMG_20191110_134212.jpg,10,none,11_10_data\patch\IMG_20191110_134212_p10_none.npy
11_10_data,IMG_20191110_134212.jpg,11,none,11_10_data\patch\IMG_20191110_134212_p11_none.npy
11_10_data,IMG_20191110_134212.jpg,12,none,11_10_data\patch\IMG_20191110_134212_p12_none.npy
11_10_data,IMG_20191110_134212.jpg,13,none,11_10_data\patch\IMG_20191110_134212_p13_none.npy
11_10_data,IMG_20191110_134212.jpg,14,none,11_10_data\patch\IMG_20191110_134212_p14_none.npy
11_10_data,IMG_20191110_134212.jpg,15,none,11_10_data\patch\IMG_20191110_134212_p15_none.npy
11_10_data,IMG_20191110_134212.jpg,16,none,11_10_data\patch\IMG_20191110_134212_p16_none.npy
11_10_data,IMG_20191110_134212.jpg,17,none,11_10_data\patch\IMG_20191110_134212_p17_none.npy
11_10_data,IMG_20191110_134212.jpg,18,none,11_10_data\patch\IMG_20191110_134212_p18_none.npy
11_10_data,IMG_20191110_134212.jpg,19,none,11_10_data\patch\IMG_20191110_134212_p19_none.npy
11_10_data,IMG_20191110_134212.jpg,20,none,11_10_data\patch\IMG_20191110_134212_p20_none.npy
11_10_data,IMG_20191110_134212.jpg,21,none,11_10_data\patch\IMG_20191110_134212_p21_none.npy
11_10_data,IMG_20191110_134212.jpg,22,none,11_10_data\patch\IMG_20191110_134212_p22_none.npy
11_10_data,IMG_20191110_134212.jpg,23,none,11_10_data\patch\IMG_20191110_134212_p23_none.npy
11_10_data,IMG_20191110_134212.jpg,24,none,11_10_data\patch\IMG_20191110_134212_p24_none.npy
11_10_data,IMG_20191110_134212.jpg,25,none,11_10_data\patch\IMG_20191110_134212_p25_none.npy
11_10_data,IMG_20191110_134212.jpg,26,none,11_10_data\patch\IMG_20191110_134212_p26_none.npy
11_10_data,IMG_20191110_134212.jpg,27,none,11_10_data\patch\IMG_20191110_134212_p27_none.npy
11_10_data,IMG_20191110_134212.jpg,28,none,11_10_data\patch\IMG_20191110_134212_p28_none.npy
11_10_data,IMG_20191110_134212.jpg,29,none,11_10_data\patch\IMG_20191110_134212_p29_none.npy
11_10_data,IMG_20191110_134212.jpg,30,none,11_10_data\patch\IMG_20191110_134212_p30_none.npy
11_10_data,IMG_20191110_134212.jpg,31,none,11_10_data\patch\IMG_20191110_134212_p31_none.npy
11_10_data,IMG_20191110_134212.jpg,32,none,11_10_data\patch\IMG_20191110_134212_p32_none.npy
11_10_data,IMG_20191110_134212.jpg,33,none,11_10_data\patch\IMG_20191110_134212_p33_none.npy
11_10_data,IMG_20191110_134212.jpg,34,none,11_10_data\patch\IMG_20191110_134212_p34_none.npy
11_10_data,IMG_20191110_134212.jpg,35,none,11_10_data\patch\IMG_20191110_134212_p35_none.npy
11_10_data,IMG_20191110_134212.jpg,36,none,11_10_data\patch\IMG_20191110_134212_p36_none.npy
11_10_data,IMG_20191110_134212.jpg,37,none,11_10_data\patch\IMG_20191110_134212_p37_none.npy
11_10_data,IMG_20191110_134212.jpg,38,none,11_10_data\patch\IMG_20191110_134212_p38_none.npy
11_10_data,IMG_20191110_134212.jpg,39,none,11_10_data\patch\IMG_20191110_134212_p39_none.npy
11_10_data,IMG_20191110_134212.jpg,40,none,11_10_data\patch\IMG_20191110_134212_p40_none.npy
11_10_data,IMG_20191110_134212.jpg,41,none,11_10_data\patch\IMG_20191110_134212_p41_none.npy
11_10_data,IMG_20191110_134212.jpg,42,none,11_10_data\patch\IMG_20191110_134212_p42_none.npy
11_10_data,IMG_20191110_134212.jpg,43,none,11_10_data\patch\IMG_20191110_134212_p43_none.npy
11_10_data,IMG_20191110_134212.jpg,44,none,11_10_data\patch\IMG_20191110_134212_p44_none.npy
11_10_data,IMG_20191110_134212.jpg,45,none,11_10_data\patch\IMG_20191110_134212_p45_none.npy
11_10_data,IMG_20191110_134212.jpg,46,none,11_10_data\patch\IMG_20191110_134212_p46_none.npy
11_10_data,IMG_20191110_134212.jpg,47,none,11_10_data\patch\IMG_20191110_134212_p47_none.npy
11_10_data,IMG_20191110_134212.jpg,48,none,11_10_data\patch\IMG_20191110_134212_p48_none.npy
11_10_data,IMG_20191110_134212.jpg,49,none,11_10_data\patch\IMG_20191110_134212_p49_none.npy
11_10_data,IMG_20191110_134641.jpg,0,none,11_10_data\patch\IMG_20191110_134641_p0_none.npy
11_10_data,IMG_20191110_134641.jpg,1,none,11_10_data\patch\IMG_20191110_134641_p1_none.npy
11_10_data,IMG_20191110_134641.jpg,2,none,11_10_data\patch\IMG_20191110_134641_p2_none.npy
11_10_data,IMG_20191110_134641.jpg,3,none,11_10_data\patch\IMG_20191110_134641_p3_none.npy
11_10_data,IMG_20191110_134641.jpg,4,none,11_10_data\patch\IMG_20191110_134641_p4_none.npy
11_10_data,IMG_20191110_134641.jpg,5,none,11_10_data\patch\IMG_20191110_134641_p5_none.npy
11_10_data,IMG_20191110_134641.jpg,6,none,11_10_data\patch\IMG_20191110_134641_p6_none.npy
11_10_data,IMG_20191110_134641.jpg,7,none,11_10_data\patch\IMG_20191110_134641_p7_none.npy
11_10_data,IMG_20191110_134641.jpg,8,none,11_10_data\patch\IMG_20191110_134641_p8_none.npy
11_10_data,IMG_20191110_134641.jpg,9,none,11_10_data\patch\IMG_20191110_134641_p9_none.npy
11_10_data,IMG_20191110_134641.jpg,10,none,11_10_data\patch\IMG_20191110_134641_p10_none.npy
11_10_data,IMG_20191110_134641.jpg,11,none,11_10_data\patch\IMG_20191110_134641_p11_none.npy
11_10_data,IMG_20191110_134641.jpg,12,none,11_10_data\patch\IMG_20191110_134641_p12_none.npy
11_10_data,IMG_20191110_134641.jpg,13,none,11_10_data\patch\IMG_20191110_134641_p13_none.npy
11_10_data,IMG_20191110_134641.jpg,14,none,11_10_data\patch\IMG_20191110_134641_p14_none.npy
11_10_data,IMG_20191110_134641.jpg,15,none,11_10_data\patch\IMG_20191110_134641_p15_none.npy
11_10_data,IMG_20191110_134641.jpg,16,none,11_10_data\patch\IMG_20191110_134641_p16_none.npy
11_10_data,IMG_20191110_134641.jpg,17,none,11_10_data\patch\IMG_20191110_134641_p17_none.npy
11_10_data,IMG_20191110_134641.jpg,18,none,11_10_data\patch\IMG_20191110_134641_p18_none.npy
11_10_data,IMG_20191110_134641.jpg,19,none,11_10_data\patch\IMG_20191110_134641_p19_none.npy
11_10_data,IMG_20191110_134641.jpg,20,none,11_10_data\patch\IMG_20191110_134641_p20_none.npy
11_10_data,IMG_20191110_134641.jpg,21,none,11_10_data\patch\IMG_20191110_134641_p21_none.npy
11_10_data,IMG_20191110_134641.jpg,22,none,11_10_data\patch\IMG_20191110_134641_p22_none.npy
11_10_data,IMG_20191110_134641.jpg,23,none,11_10_data\patch\IMG_20191110_134641_p23_none.npy
11_10_data,IMG_20191110_134641.jpg,24,none,11_10_data\patch\IMG_20191110_134641_p24_none.npy
11_10_data,IMG_20191110_134641.jpg,25,none,11_10_data\patch\IMG_20191110_134641_p25_none.npy
11_10_data,IMG_20191110_134641.jpg,26,none,11_10_data\patch\IMG_20191110_134641_p26_none.npy
11_10_data,IMG_20191110_134641.jpg,27,none,11_10_data\patch\IMG_20191110_134641_p27_none.npy
11_10_data,IMG_20191110_134641.jpg,28,none,11_10_data\patch\IMG_20191110_134641_p28_none.npy
11_10_data,IMG_20191110_134641.jpg,29,none,11_10_data\patch\IMG_20191110_134641_p29_none.npy
11_10_data,IMG_20191110_134641.jpg,30,none,11_10_data\patch\IMG_20191110_134641_p30_none.npy
11_10_data,IMG_20191110_134641.jpg,31,none,11_10_data\patch\IMG_20191110_134641_p31_none.npy
11_10_data,IMG_20191110_134641.jpg,32,none,11_10_data\patch\IMG_20191110_134641_p32_none.npy
11_10_data,IMG_20191110_134641.jpg,33,none,11_10_data\patch\IMG_20191110_134641_p33_none.npy
11_10_data,IMG_20191110_134641.jpg,34,none,11_10_data\patch\IMG_20191110_134641_p34_none.npy
11_10_data,IMG_20191110_134641.jpg,35,none,11_10_data\patch\IMG_20191110_134641_p35_none.npy
11_10_data,IMG_20191110_134641.jpg,36,none,11_10_data\patch\IMG_20191110_134641_p36_none.npy
11_10_data,IMG_20191110_134641.jpg,37,none,11_10_data\patch\IMG_20191110_134641_p37_none.npy
11_10_data,IMG_20191110_134641.jpg,38,none,11_10_data\patch\IMG_20191110_134641_p38_none.npy
11_10_data,IMG_20191110_134641.jpg,39,none,11_10_data\patch\IMG_20191110_134641_p39_none.npy
11_10_data,IMG_20191110_134641.jpg,40,none,11_10_data\patch\IMG_20191110_134641_p40_none.npy
11_10_data,IMG_20191110_134641.jpg,41,none,11_10_data\patch\IMG_20191110_134641_p41_none.npy
11_10_data,IMG_20191110_134641.jpg,42,none,11_10_data\patch\IMG_20191110_134641_p42_none.npy
11_10_data,IMG_20191110_134641.jpg,43,none,11_10_data\patch\IMG_20191110_134641_p43_none.npy
11_10_data,IMG_20191110_134641.jpg,44,none,11_10_data\patch\IMG_20191110_134641_p44_none.npy
11_10_data,IMG_20191110_134641.jpg,45,none,11_10_data\patch\IMG_20191110_134641_p45_none.npy
11_10_data,IMG_20191110_134641.jpg,46,none,11_10_data\patch\IMG_20191110_134641_p46_none.npy
11_10_data,IMG_20191110_134641.jpg,47,none,11_10_data\patch\IMG_20191110_134641_p47_none.npy
11_10_data,IMG_20191110_134641.jpg,48,none,11_10_data\patch\IMG_20191110_134641_p48_none.npy
11_10_data,IMG_20191110_134641.jpg,49,none,11_10_data\patch\IMG_20191110_134641_p49_none.npy
11_10_data,IMG_20191110_134726.jpg,0,none,11_10_data\patch\IMG_20191110_134726_p0_none.npy
11_10_data,IMG_20191110_134726.jpg,1,none,11_10_data\patch\IMG_20191110_134726_p1_none.npy
11_10_data,IMG_20191110_134726.jpg,2,none,11_10_data\patch\IMG_20191110_134726_p2_none.npy
11_10_data,IMG_20191110_134726.jpg,3,none,11_10_data\patch\IMG_20191110_134726_p3_none.npy
11_10_data,IMG_20191110_134726.jpg,4,none,11_10_data\patch\IMG_20191110_134726_p4_none.npy
11_10_data,IMG_20191110_134726.jpg,5,none,11_10_data\patch\IMG_20191110_134726_p5_none.npy
11_10_data,IMG_20191110_134726.jpg,6,none,11_10_data\patch\IMG_20191110_134726_p6_none.npy
11_10_data,IMG_20191110_134726.jpg,7,none,11_10_data\patch\IMG_20191110_134726_p7_none.npy
11_10_data,IMG_20191110_134726.jpg,8,none,11_10_data\patch\IMG_20191110_134726_p8_none.npy
11_10_data,IMG_20191110_134726.jpg,9,none,11_10_data\patch\IMG_20191110_134726_p9_none.npy
11_10_data,IMG_20191110_134726.jpg,10,none,11_10_data\patch\IMG_20191110_134726_p10_none.npy
11_10_data,IMG_20191110_134726.jpg,11,none,11_10_data\patch\IMG_20191110_134726_p11_none.npy
11_10_data,IMG_20191110_134726.jpg,12,none,11_10_data\patch\IMG_20191110_134726_p12_none.npy
11_10_data,IMG_20191110_134726.jpg,13,none,11_10_data\patch\IMG_20191110_134726_p13_none.npy
11_10_data,IMG_20191110_134726.jpg,14,none,11_10_data\patch\IMG_20191110_134726_p14_none.npy
11_10_data,IMG_20191110_134726.jpg,15,none,11_10_data\patch\IMG_20191110_134726_p15_none.npy
11_10_data,IMG_20191110_134726.jpg,16,none,11_10_data\patch\IMG_20191110_134726_p16_none.npy
11_10_data,IMG_20191110_134726.jpg,17,none,11_10_data\patch\IMG_20191110_134726_p17_none.npy
11_10_data,IMG_20191110_134726.jpg,18,none,11_10_data\patch\IMG_20191110_134726_p18_none.npy
11_10_data,IMG_20191110_134726.jpg,19,none,11_10_data\patch\IMG_20191110_134726_p19_none.npy
11_10_data,IMG_20191110_134726.jpg,20,none,11_10_data\patch\IMG_20191110_134726_p20_none.npy
11_10_data,IMG_20191110_134726.jpg,21,none,11_10_data\patch\IMG_20191110_134726_p21_none.npy
11_10_data,IMG_20191110_134726.jpg,22,none,11_10_data\patch\IMG_20191110_134726_p22_none.npy
11_10_data,IMG_20191110_134726.jpg,23,none,11_10_data\patch\IMG_20191110_134726_p23_none.npy
11_10_data,IMG_20191110_134726.jpg,24,none,11_10_data\patch\IMG_20191110_134726_p24_none.npy
11_10_data,IMG_20191110_134726.jpg,25,none,11_10_data\patch\IMG_20191110_134726_p25_none.npy
11_10_data,IMG_20191110_134726.jpg,26,none,11_10_data\patch\IMG_20191110_134726_p26_none.npy
11_10_data,IMG_20191110_134726.jpg,27,none,11_10_data\patch\IMG_20191110_134726_p27_none.npy
11_10_data,IMG_20191110_134726.jpg,28,none,11_10_data\patch\IMG_20191110_134726_p28_none.npy
11_10_data,IMG_20191110_134726.jpg,29,none,11_10_data\patch\IMG_20191110_134726_p29_none.npy
11_10_data,IMG_20191110_134726.jpg,30,none,11_10_data\patch\IMG_20191110_134726_p30_none.npy
11_10_data,IMG_20191110_134726.jpg,31,none,11_10_data\patch\IMG_20191110_134726_p31_none.npy
11_10_data,IMG_20191110_134726.jpg,32,none,11_10_data\patch\IMG_20191110_134726_p32_none.npy
11_10_data,IMG_20191110_134726.jpg,33,none,11_10_data\patch\IMG_20191110_134726_p33_none.npy
11_10_data,IMG_20191110_134726.jpg,34,none,11_10_data\patch\IMG_20191110_134726_p34_none.npy
11_10_data,IMG_20191110_134726.jpg,35,none,11_10_data\patch\IMG_20191110_134726_p35_none.npy
11_10_data,IMG_20191110_134726.jpg,36,none,11_10_data\patch\IMG_20191110_134726_p36_none.npy
11_10_data,IMG_20191110_134726.jpg,37,none,11_10_data\patch\IMG_20191110_134726_p37_none.npy
11_10_data,IMG_20191110_134726.jpg,38,none,11_10_data\patch\IMG_20191110_134726_p38_none.npy
11_10_data,IMG_20191110_134726.jpg,39,none,11_10_data\patch\IMG_20191110_134726_p39_none.npy
11_10_data,IMG_20191110_134726.jpg,40,none,11_10_data\patch\IMG_20191110_134726_p40_none.npy
11_10_data,IMG_20191110_134726.jpg,41,none,11_10_data\patch\IMG_20191110_134726_p41_none.npy
11_10_data,IMG_20191110_134726.jpg,42,none,11_10_data\patch\IMG_20191110_134726_p42_none.npy
11_10_data,IMG_20191110_134726.jpg,43,none,11_10_data\patch\IMG_20191110_134726_p43_none.npy
11_10_data,IMG_20191110_134726.jpg,44,none,11_10_data\patch\IMG_20191110_134726_p44_none.npy
11_10_data,IMG_20191110_134726.jpg,45,none,11_10_data\patch\IMG_20191110_134726_p45_none.npy
11_10_data,IMG_20191110_134726.jpg,46,none,11_10_data\patch\IMG_20191110_134726_p46_none.npy
11_10_data,IMG_20191110_134726.jpg,47,none,11_10_data\patch\IMG_20191110_134726_p47_none.npy
11_10_data,IMG_20191110_134726.jpg,48,none,11_10_data\patch\IMG_20191110_134726_p48_none.npy
11_10_data,IMG_20191110_134726.jpg,49,none,11_10_data\patch\IMG_20191110_134726_p49_none.npy
7_24_data,152338.JPG,0,none,7_24_data\patch\152338_p0_none.npy
7_24_data,152338.JPG,1,none,7_24_data\patch\152338_p1_none.npy
7_24_data,152338.JPG,2,none,7_24_data\patch\152338_p2_none.npy
7_24_data,152338.JPG,3,none,7_24_data\patch\152338_p3_none.npy
7_24_data,152338.JPG,4,none,7_24_data\patch\152338_p4_none.npy
7_24_data,152338.JPG,5,none,7_24_data\patch\152338_p5_none.npy
7_24_data,152338.JPG,6,none,7_24_data\patch\152338_p6_none.npy
7_24_data,152338.JPG,7,none,7_24_data\patch\152338_p7_none.npy
7_24_data,152338.JPG,8,none,7_24_data\patch\152338_p8_none.npy
7_24_data,152338.JPG,9,none,7_24_data\patch\152338_p9_none.npy
7_24_data,152338.JPG,10,none,7_24_data\patch\152338_p10_none.npy
7_24_data,152338.JPG,11,none,7_24_data\patch\152338_p11_none.npy
7_24_data,152338.JPG,12,none,7_24_data\patch\152338_p12_none.npy
7_24_data,152338.JPG,13,none,7_24_data\patch\152338_p13_none.npy
7_24_data,152338.JPG,14,none,7_24_data\patch\152338_p14_none.npy
7_24_data,152338.JPG,15,none,7_24_data\patch\152338_p15_none.npy
7_24_data,152338.JPG,16,none,7_24_data\patch\152338_p16_none.npy
7_24_data,152338.JPG,17,none,7_24_data\patch\152338_p17_none.npy
7_24_data,152338.JPG,18,none,7_24_data\patch\152338_p18_none.npy
7_24_data,152338.JPG,19,none,7_24_data\patch\152338_p19_none.npy
7_24_data,152338.JPG,20,none,7_24_data\patch\152338_p20_none.npy
7_24_data,152338.JPG,21,none,7_24_data\patch\152338_p21_none.npy
7_24_data,152338.JPG,22,none,7_24_data\patch\152338_p22_none.npy
7_24_data,152338.JPG,24,none,7_24_data\patch\152338_p24_none.npy
7_24_data,152338.JPG,25,none,7_24_data\patch\152338_p25_none.npy
7_24_data,152338.JPG,26,none,7_24_data\patch\152338_p26_none.npy
7_24_data,152338.JPG,27,none,7_24_data\patch\152338_p27_none.npy
7_24_data,152338.JPG,28,none,7_24_data\patch\152338_p28_none.npy
7_24_data,152338.JPG,29,none,7_24_data\patch\152338_p29_none.npy
7_24_data,152338.JPG,30,none,7_24_data\patch\152338_p30_none.npy
7_24_data,152338.JPG,31,none,7_24_data\patch\152338_p31_none.npy
7_24_data,152338.JPG,32,none,7_24_data\patch\152338_p32_none.npy
7_24_data,152338.JPG,33,none,7_24_data\patch\152338_p33_none.npy
7_24_data,152338.JPG,34,none,7_24_data\patch\152338_p34_none.npy
7_24_data,152338.JPG,35,none,7_24_data\patch\152338_p35_none.npy
7_24_data,152338.JPG,36,none,7_24_data\patch\152338_p36_none.npy
7_24_data,152338.JPG,37,none,7_24_data\patch\152338_p37_none.npy
7_24_data,152338.JPG,38,none,7_24_data\patch\152338_p38_none.npy
7_24_data,152338.JPG,39,none,7_24_data\patch\152338_p39_none.npy
7_24_data,152338.JPG,40,none,7_24_data\patch\152338_p40_none.npy
7_24_data,152338.JPG,41,none,7_24_data\patch\152338_p41_none.npy
7_24_data,152338.JPG,42,none,7_24_data\patch\152338_p42_none.npy
7_24_data,152338.JPG,43,none,7_24_data\patch\152338_p43_none.npy
7_24_data,152338.JPG,44,none,7_24_data\patch\152338_p44_none.npy
7_24_data,152338.JPG,45,none,7_24_data\patch\152338_p45_none.npy
7_24_data,152338.JPG,46,none,7_24_data\patch\152338_p46_none.npy
7_24_data,152338.JPG,48,none,7_24_data\patch\152338_p48_none.npy
7_24_data,152338.JPG,49,none,7_24_data\patch\152338_p49_none.npy
7_24_data,152342.JPG,0,none,7_24_data\patch\152342_p0_none.npy
7_24_data,152342.JPG,1,none,7_24_data\patch\152342_p1_none.npy
7_24_data,152342.JPG,2,none,7_24_data\patch\152342_p2_none.npy
7_24_data,152342.JPG,3,none,7_24_data\patch\152342_p3_none.npy
7_24_data,152342.JPG,4,none,7_24_data\patch\152342_p4_none.npy
7_24_data,152342.JPG,5,none,7_24_data\patch\152342_p5_none.npy
7_24_data,152342.JPG,6,none,7_24_data\patch\152342_p6_none.npy
7_24_data,152342.JPG,7,none,7_24_data\patch\152342_p7_none.npy
7_24_data,152342.JPG,8,none,7_24_data\patch\152342_p8_none.npy
7_24_data,152342.JPG,9,none,7_24_data\patch\152342_p9_none.npy
7_24_data,152342.JPG,10,none,7_24_data\patch\152342_p10_none.npy
7_24_data,152342.JPG,11,none,7_24_data\patch\152342_p11_none.npy
7_24_data,152342.JPG,12,none,7_24_data\patch\152342_p12_none.npy
7_24_data,152342.JPG,13,none,7_24_data\patch\152342_p13_none.npy
7_24_data,152342.JPG,15,none,7_24_data\patch\152342_p15_none.npy
7_24_data,152342.JPG,16,none,7_24_data\patch\152342_p16_none.npy
7_24_data,152342.JPG,17,none,7_24_data\patch\152342_p17_none.npy
7_24_data,152342.JPG,18,none,7_24_data\patch\152342_p18_none.npy
7_24_data,152342.JPG,19,none,7_24_data\patch\152342_p19_none.npy
7_24_data,152342.JPG,20,none,7_24_data\patch\152342_p20_none.npy
7_24_data,152342.JPG,21,none,7_24_data\patch\152342_p21_none.npy
7_24_data,152342.JPG,22,none,7_24_data\patch\152342_p22_none.npy
7_24_data,152342.JPG,23,none,7_24_data\patch\152342_p23_none.npy
7_24_data,152342.JPG,24,none,7_24_data\patch\152342_p24_none.npy
7_24_data,152342.JPG,25,none,7_24_data\patch\152342_p25_none.npy
7_24_data,152342.JPG,27,none,7_24_data\patch\152342_p27_none.npy
7_24_data,152342.JPG,28,none,7_24_data\patch\152342_p28_none.npy
7_24_data,152342.JPG,29,none,7_24_data\patch\152342_p29_none.npy
7_24_data,152342.JPG,30,none,7_24_data\patch\152342_p30_none.npy
7_24_data,152342.JPG,31,none,7_24_data\patch\152342_p31_none.npy
7_24_data,152342.JPG,32,none,7_24_data\patch\152342_p32_none.npy
7_24_data,152342.JPG,33,none,7_24_data\patch\152342_p33_none.npy
7_24_data,152342.JPG,34,none,7_24_data\patch\152342_p34_none.npy
7_24_data,152342.JPG,35,none,7_24_data\patch\152342_p35_none.npy
7_24_data,152342.JPG,36,none,7_24_data\patch\152342_p36_none.npy
7_24_data,152342.JPG,37,none,7_24_data\patch\152342_p37_none.npy
7_24_data,152342.JPG,38,none,7_24_data\patch\152342_p38_none.npy
7_24_data,152342.JPG,39,none,7_24_data\patch\152342_p39_none.npy
7_24_data,152342.JPG,40,none,7_24_data\patch\152342_p40_none.npy
7_24_data,152342.JPG,41,none,7_24_data\patch\152342_p41_none.npy
7_24_data,152342.JPG,42,none,7_24_data\patch\152342_p42_none.npy
7_24_data,152342.JPG,43,none,7_24_data\patch\152342_p43_none.npy
7_24_data,152342.JPG,44,none,7_24_data\patch\152342_p44_none.npy
7_24_data,152342.JPG,45,none,7_24_data\patch\152342_p45_none.npy
7_24_data,152342.JPG,46,none,7_24_data\patch\152342_p46_none.npy
7_24_data,152342.JPG,47,none,7_24_data\patch\152342_p47_none.npy
7_24_data,152342.JPG,48,none,7_24_data\patch\152342_p48_none.npy
7_24_data,152342.JPG,49,none,7_24_data\patch\152342_p49_none.npy
7_24_data,152348.JPG,0,none,7_24_data\patch\152348_p0_none.npy
7_24_data,152348.JPG,1,none,7_24_data\patch\152348_p1_none.npy
7_24_data,152348.JPG,2,none,7_24_data\patch\152348_p2_none.npy
7_24_data,152348.JPG,3,none,7_24_data\patch\152348_p3_none.npy
7_24_data,152348.JPG,4,none,7_24_data\patch\152348_p4_none.npy
7_24_data,152348.JPG,5,none,7_24_data\patch\152348_p5_none.npy
7_24_data,152348.JPG,6,none,7_24_data\patch\152348_p6_none.npy
7_24_data,152348.JPG,7,none,7_24_data\patch\152348_p7_none.npy
7_24_data,152348.JPG,8,none,7_24_data\patch\152348_p8_none.npy
7_24_data,152348.JPG,9,none,7_24_data\patch\152348_p9_none.npy
7_24_data,152348.JPG,10,none,7_24_data\patch\152348_p10_none.npy
7_24_data,152348.JPG,11,none,7_24_data\patch\152348_p11_none.npy
7_24_data,152348.JPG,12,none,7_24_data\patch\152348_p12_none.npy
7_24_data,152348.JPG,13,none,7_24_data\patch\152348_p13_none.npy
7_24_data,152348.JPG,14,none,7_24_data\patch\152348_p14_none.npy
7_24_data,152348.JPG,15,none,7_24_data\patch\152348_p15_none.npy
7_24_data,152348.JPG,16,none,7_24_data\patch\152348_p16_none.npy
7_24_data,152348.JPG,17,none,7_24_data\patch\152348_p17_none.npy
7_24_data,152348.JPG,18,none,7_24_data\patch\152348_p18_none.npy
7_24_data,152348.JPG,19,none,7_24_data\patch\152348_p19_none.npy
7_24_data,152348.JPG,20,none,7_24_data\patch\152348_p20_none.npy
7_24_data,152348.JPG,21,none,7_24_data\patch\152348_p21_none.npy
7_24_data,152348.JPG,22,none,7_24_data\patch\152348_p22_none.npy
7_24_data,152348.JPG,23,none,7_24_data\patch\152348_p23_none.npy
7_24_data,152348.JPG,24,none,7_24_data\patch\152348_p24_none.npy
7_24_data,152348.JPG,25,none,7_24_data\patch\152348_p25_none.npy
7_24_data,152348.JPG,26,none,7_24_data\patch\152348_p26_none.npy
7_24_data,152348.JPG,27,none,7_24_data\patch\152348_p27_none.npy
7_24_data,152348.JPG,28,none,7_24_data\patch\152348_p28_none.npy
7_24_data,152348.JPG,29,none,7_24_data\patch\152348_p29_none.npy
7_24_data,152348.JPG,30,none,7_24_data\patch\152348_p30_none.npy
7_24_data,152348.JPG,31,none,7_24_data\patch\152348_p31_none.npy
7_24_data,152348.JPG,32,none,7_24_data\patch\152348_p32_none.npy
7_24_data,152348.JPG,33,none,7_24_data\patch\152348_p33_none.npy
7_24_data,152348.JPG,34,none,7_24_data\patch\152348_p34_none.npy
7_24_data,152348.JPG,35,none,7_24_data\patch\152348_p35_none.npy
7_24_data,152348.JPG,36,none,7_24_data\patch\152348_p36_none.npy
7_24_data,152348.JPG,37,none,7_24_data\patch\152348_p37_none.npy
7_24_data,152348.JPG,38,none,7_24_data\patch\152348_p38_none.npy
7_24_data,152348.JPG,39,none,7_24_data\patch\152348_p39_none.npy
7_24_data,152348.JPG,40,none,7_24_data\patch\152348_p40_none.npy
7_24_data,152348.JPG,41,none,7_24_data\patch\152348_p41_none.npy
7_24_data,152348.JPG,42,none,7_24_data\patch\152348_p42_none.npy
7_24_data,152348.JPG,43,none,7_24_data\patch\152348_p43_none.npy
7_24_data,152348.JPG,44,none,7_24_data\patch\152348_p44_none.npy
7_24_data,152348.JPG,45,none,7_24_data\patch\152348_p45_none.npy
7_24_data,152348.JPG,46,none,7_24_data\patch\152348_p46_none.npy
7_24_data,152348.JPG,47,none,7_24_data\patch\152348_p47_none.npy
7_24_data,152348.JPG,48,none,7_24_data\patch\152348_p48_none.npy
7_24_data,152348.JPG,49,none,7_24_data\patch\152348_p49_none.npy
7_24_data,152418.JPG,0,none,7_24_data\patch\152418_p0_none.npy
7_24_data,152418.JPG,1,none,7_24_data\patch\152418_p1_none.npy
7_24_data,152418.JPG,2,none,7_24_data\patch\152418_p2_none.npy
7_24_data,152418.JPG,3,none,7_24_data\patch\152418_p3_none.npy
7_24_data,152418.JPG,4,none,7_24_data\patch\152418_p4_none.npy
7_24_data,152418.JPG,5,none,7_24_data\patch\152418_p5_none.npy
7_24_data,152418.JPG,6,none,7_24_data\patch\152418_p6_none.npy
7_24_data,152418.JPG,7,none,7_24_data\patch\152418_p7_none.npy
7_24_data,152418.JPG,8,none,7_24_data\patch\152418_p8_none.npy
7_24_data,152418.JPG,9,none,7_24_data\patch\152418_p9_none.npy
7_24_data,152418.JPG,10,none,7_24_data\patch\152418_p10_none.npy
7_24_data,152418.JPG,11,none,7_24_data\patch\152418_p11_none.npy
7_24_data,152418.JPG,12,none,7_24_data\patch\152418_p12_none.npy
7_24_data,152418.JPG,13,none,7_24_data\patch\152418_p13_none.npy
7_24_data,152418.JPG,14,none,7_24_data\patch\152418_p14_none.npy
7_24_data,152418.JPG,15,none,7_24_data\patch\152418_p15_none.npy
7_24_data,152418.JPG,16,none,7_24_data\patch\152418_p16_none.npy
7_24_data,152418.JPG,17,none,7_24_data\patch\152418_p17_none.npy
7_24_data,152418.JPG,18,none,7_24_data\patch\152418_p18_none.npy
7_24_data,152418.JPG,19,none,7_24_data\patch\152418_p19_none.npy
7_24_data,152418.JPG,20,none,7_24_data\patch\152418_p20_none.npy
7_24_data,152418.JPG,21,none,7_24_data\patch\152418_p21_none.npy
7_24_data,152418.JPG,22,none,7_24_data\patch\152418_p22_none.npy
7_24_data,152418.JPG,23,none,7_24_data\patch\152418_p23_none.npy
7_24_data,152418.JPG,24,none,7_24_data\patch\152418_p24_none.npy
7_24_data,152418.JPG,25,none,7_24_data\patch\152418_p25_none.npy
7_24_data,152418.JPG,26,none,7_24_data\patch\152418_p26_none.npy
7_24_data,152418.JPG,27,none,7_24_data\patch\152418_p27_none.npy
7_24_data,152418.JPG,28,none,7_24_data\patch\152418_p28_none.npy
7_24_data,152418.JPG,29,none,7_24_data\patch\152418_p29_none.npy
7_24_data,152418.JPG,30,none,7_24_data\patch\152418_p30_none.npy
7_24_data,152418.JPG,31,none,7_24_data\patch\152418_p31_none.npy
7_24_data,152418.JPG,32,none,7_24_data\patch\152418_p32_none.npy
7_24_data,152418.JPG,33,none,7_24_data\patch\152418_p33_none.npy
7_24_data,152418.JPG,34,none,7_24_data\patch\152418_p34_none.npy
7_24_data,152418.JPG,35,none,7_24_data\patch\152418_p35_none.npy
7_24_data,152418.JPG,36,none,7_24_data\patch\152418_p36_none.npy
7_24_data,152418.JPG,37,none,7_24_data\patch\152418_p37_none.npy
7_24_data,152418.JPG,38,none,7_24_data\patch\152418_p38_none.npy
7_24_data,152418.JPG,39,none,7_24_data\patch\152418_p39_none.npy
7_24_data,152418.JPG,40,none,7_24_data\patch\152418_p40_none.npy
7_24_data,152418.JPG,41,none,7_24_data\patch\152418_p41_none.npy
7_24_data,152418.JPG,42,none,7_24_data\patch\152418_p42_none.npy
7_24_data,152418.JPG,43,none,7_24_data\patch\152418_p43_none.npy
7_24_data,152418.JPG,44,none,7_24_data\patch\152418_p44_none.npy
7_24_data,152418.JPG,45,none,7_24_data\patch\152418_p45_none.npy
7_24_data,152418.JPG,46,none,7_24_data\patch\152418_p46_none.npy
7_24_data,152418.JPG,47,none,7_24_data\patch\152418_p47_none.npy
7_24_data,152418.JPG,48,none,7_24_data\patch\152418_p48_none.npy
7_24_data,152418.JPG,49,none,7_24_data\patch\152418_p49_none.npy
7_24_data,152422.JPG,0,none,7_24_data\patch\152422_p0_none.npy
7_24_data,152422.JPG,1,none,7_24_data\patch\152422_p1_none.npy
7_24_data,152422.JPG,2,none,7_24_data\patch\152422_p2_none.npy
7_24_data,152422.JPG,3,none,7_24_data\patch\152422_p3_none.npy
7_24_data,152422.JPG,4,none,7_24_data\patch\152422_p4_none.npy
7_24_data,152422.JPG,5,none,7_24_data\patch\152422_p5_none.npy
7_24_data,152422.JPG,6,none,7_24_data\patch\152422_p6_none.npy
7_24_data,152422.JPG,7,none,7_24_data\patch\152422_p7_none.npy
7_24_data,152422.JPG,8,none,7_24_data\patch\152422_p8_none.npy
7_24_data,152422.JPG,9,none,7_24_data\patch\152422_p9_none.npy
7_24_data,152422.JPG,10,none,7_24_data\patch\152422_p10_none.npy
7_24_data,152422.JPG,11,none,7_24_data\patch\152422_p11_none.npy
7_24_data,152422.JPG,12,none,7_24_data\patch\152422_p12_none.npy
7_24_data,152422.JPG,13,none,7_24_data\patch\152422_p13_none.npy
7_24_data,152422.JPG,14,none,7_24_data\patch\152422_p14_none.npy
7_24_data,152422.JPG,15,none,7_24_data\patch\152422_p15_none.npy
7_24_data,152422.JPG,16,none,7_24_data\patch\152422_p16_none.npy
7_24_data,152422.JPG,17,none,7_24_data\patch\152422_p17_none.npy
7_24_data,152422.JPG,18,none,7_24_data\patch\152422_p18_none.npy
7_24_data,152422.JPG,19,none,7_24_data\patch\152422_p19_none.npy
7_24_data,152422.JPG,20,none,7_24_data\patch\152422_p20_none.npy
7_24_data,152422.JPG,21,none,7_24_data\patch\152422_p21_none.npy
7_24_data,152422.JPG,22,none,7_24_data\patch\152422_p22_none.npy
7_24_data,152422.JPG,23,none,7_24_data\patch\152422_p23_none.npy
7_24_data,152422.JPG,24,none,7_24_data\patch\152422_p24_none.npy
7_24_data,152422.JPG,25,none,7_24_data\patch\152422_p25_none.npy
7_24_data,152422.JPG,26,none,7_24_data\patch\152422_p26_none.npy
7_24_data,152422.JPG,27,none,7_24_data\patch\152422_p27_none.npy
7_24_data,152422.JPG,28,none,7_24_data\patch\152422_p28_none.npy
7_24_data,152422.JPG,29,none,7_24_data\patch\152422_p29_none.npy
7_24_data,152422.JPG,30,none,7_24_data\patch\152422_p30_none.npy
7_24_data,152422.JPG,31,none,7_24_data\patch\152422_p31_none.npy
7_24_data,152422.JPG,32,none,7_24_data\patch\152422_p32_none.npy
7_24_data,152422.JPG,33,none,7_24_data\patch\152422_p33_none.npy
7_24_data,152422.JPG,34,none,7_24_data\patch\152422_p34_none.npy
7_24_data,152422.JPG,35,none,7_24_data\patch\152422_p35_none.npy
7_24_data,152422.JPG,36,none,7_24_data\patch\152422_p36_none.npy
7_24_data,152422.JPG,37,none,7_24_data\patch\152422_p37_none.npy
7_24_data,152422.JPG,38,none,7_24_data\patch\152422_p38_none.npy
7_24_data,152422.JPG,39,none,7_24_data\patch\152422_p39_none.npy
7_24_data,152422.JPG,40,none,7_24_data\patch\152422_p40_none.npy
7_24_data,152422.JPG,41,none,7_24_data\patch\152422_p41_none.npy
7_24_data,152422.JPG,42,none,7_24_data\patch\152422_p42_none.npy
7_24_data,152422.JPG,43,none,7_24_data\patch\152422_p43_none.npy
7_24_data,152422.JPG,44,none,7_24_data\patch\152422_p44_none.npy
7_24_data,152422.JPG,45,none,7_24_data\patch\152422_p45_none.npy
7_24_data,152422.JPG,46,none,7_24_data\patch\152422_p46_none.npy
7_24_data,152422.JPG,47,none,7_24_data\patch\152422_p47_none.npy
7_24_data,152422.JPG,48,none,7_24_data\patch\152422_p48_none.npy
7_24_data,152422.JPG,49,none,7_24_data\patch\152422_p49_none.npy
7_24_data,152510.JPG,0,none,7_24_data\patch\152510_p0_none.npy
7_24_data,152510.JPG,1,none,7_24_data\patch\152510_p1_none.npy
7_24_data,152510.JPG,2,none,7_24_data\patch\152510_p2_none.npy
7_24_data,152510.JPG,3,none,7_24_data\patch\152510_p3_none.npy
7_24_data,152510.JPG,4,none,7_24_data\patch\152510_p4_none.npy
7_24_data,152510.JPG,5,none,7_24_data\patch\152510_p5_none.npy
7_24_data,152510.JPG,6,none,7_24_data\patch\152510_p6_none.npy
7_24_data,152510.JPG,7,none,7_24_data\patch\152510_p7_none.npy
7_24_data,152510.JPG,8,none,7_24_data\patch\152510_p8_none.npy
7_24_data,152510.JPG,9,none,7_24_data\patch\152510_p9_none.npy
7_24_data,152510.JPG,10,none,7_24_data\patch\152510_p10_none.npy
7_24_data,152510.JPG,11,none,7_24_data\patch\152510_p11_none.npy
7_24_data,152510.JPG,12,none,7_24_data\patch\152510_p12_none.npy
7_24_data,152510.JPG,13,none,7_24_data\patch\152510_p13_none.npy
7_24_data,152510.JPG,14,none,7_24_data\patch\152510_p14_none.npy
7_24_data,152510.JPG,15,none,7_24_data\patch\152510_p15_none.npy
7_24_data,152510.JPG,16,none,7_24_data\patch\152510_p16_none.npy
7_24_data,152510.JPG,17,none,7_24_data\patch\152510_p17_none.npy
7_24_data,152510.JPG,18,none,7_24_data\patch\152510_p18_none.npy
7_24_data,152510.JPG,19,none,7_24_data\patch\152510_p19_none.npy
7_24_data,152510.JPG,20,none,7_24_data\patch\152510_p20_none.npy
7_24_data,152510.JPG,21,none,7_24_data\patch\152510_p21_none.npy
7_24_data,152510.JPG,22,none,7_24_data\patch\152510_p22_none.npy
7_24_data,152510.JPG,23,none,7_24_data\patch\152510_p23_none.npy
7_24_data,152510.JPG,24,none,7_24_data\patch\152510_p24_none.npy
7_24_data,152510.JPG,25,none,7_24_data\patch\152510_p25_none.npy
7_24_data,152510.JPG,26,none,7_24_data\patch\152510_p26_none.npy
7_24_data,152510.JPG,27,none,7_24_data\patch\152510_p27_none.npy
7_24_data,152510.JPG,28,none,7_24_data\patch\152510_p28_none.npy
7_24_data,152510.JPG,29,none,7_24_data\patch\152510_p29_none.npy
7_24_data,152510.JPG,30,none,7_24_data\patch\152510_p30_none.npy
7_24_data,152510.JPG,31,none,7_24_data\patch\152510_p31_none.npy
7_24_data,152510.JPG,32,none,7_24_data\patch\152510_p32_none.npy
7_24_data,152510.JPG,33,none,7_24_data\patch\152510_p33_none.npy
7_24_data,152510.JPG,34,none,7_24_data\patch\152510_p34_none.npy
7_24_data,152510.JPG,35,none,7_24_data\patch\152510_p35_none.npy
7_24_data,152510.JPG,36,none,7_24_data\patch\152510_p36_none.npy
7_24_data,152510.JPG,37,none,7_24_data\patch\152510_p37_none.npy
7_24_data,152510.JPG,38,none,7_24_data\patch\152510_p38_none.npy
7_24_data,152510.JPG,39,none,7_24_data\patch\152510_p39_none.npy
7_24_data,152510.JPG,40,none,7_24_data\patch\152510_p40_none.npy
7_24_data,152510.JPG,41,none,7_24_data\patch\152510_p41_none.npy
7_24_data,152510.JPG,42,none,7_24_data\patch\152510_p42_none.npy
7_24_data,152510.JPG,43,none,7_24_data\patch\152510_p43_none.npy
7_24_data,152510.JPG,44,none,7_24_data\patch\152510_p44_none.npy
7_24_data,152510.JPG,45,none,7_24_data\patch\152510_p45_none.npy
7_24_data,152510.JPG,46,none,7_24_data\patch\152510_p46_none.npy
7_24_data,152510.JPG,47,none,7_24_data\patch\152510_p47_none.npy
7_24_data,152510.JPG,48,none,7_24_data\patch\152510_p48_none.npy
7_24_data,152510.JPG,49,none,7_24_data\patch\152510_p49_none.npy
7_24_data,152512.JPG,0,none,7_24_data\patch\152512_p0_none.npy
7_24_data,152512.JPG,1,none,7_24_data\patch\152512_p1_none.npy
7_24_data,152512.JPG,2,none,7_24_data\patch\152512_p2_none.npy
7_24_data,152512.JPG,3,none,7_24_data\patch\152512_p3_none.npy
7_24_data,152512.JPG,4,none,7_24_data\patch\152512_p4_none.npy
7_24_data,152512.JPG,5,none,7_24_data\patch\152512_p5_none.npy
7_24_data,152512.JPG,6,none,7_24_data\patch\152512_p6_none.npy
7_24_data,152512.JPG,7,none,7_24_data\patch\152512_p7_none.npy
7_24_data,152512.JPG,8,none,7_24_data\patch\152512_p8_none.npy
7_24_data,152512.JPG,9,none,7_24_data\patch\152512_p9_none.npy
7_24_data,152512.JPG,10,none,7_24_data\patch\152512_p10_none.npy
7_24_data,152512.JPG,11,none,7_24_data\patch\152512_p11_none.npy
7_24_data,152512.JPG,12,none,7_24_data\patch\152512_p12_none.npy
7_24_data,152512.JPG,13,none,7_24_data\patch\152512_p13_none.npy
7_24_data,152512.JPG,14,none,7_24_data\patch\152512_p14_none.npy
7_24_data,152512.JPG,15,none,7_24_data\patch\152512_p15_none.npy
7_24_data,152512.JPG,16,none,7_24_data\patch\152512_p16_none.npy
7_24_data,152512.JPG,17,none,7_24_data\patch\152512_p17_none.npy
7_24_data,152512.JPG,18,none,7_24_data\patch\152512_p18_none.npy
7_24_data,152512.JPG,19,none,7_24_data\patch\152512_p19_none.npy
7_24_data,152512.JPG,20,none,7_24_data\patch\152512_p20_none.npy
7_24_data,152512.JPG,21,none,7_24_data\patch\152512_p21_none.npy
7_24_data,152512.JPG,22,none,7_24_data\patch\152512_p22_none.npy
7_24_data,152512.JPG,23,none,7_24_data\patch\152512_p23_none.npy
7_24_data,152512.JPG,24,none,7_24_data\patch\152512_p24_none.npy
7_24_data,152512.JPG,25,none,7_24_data\patch\152512_p25_none.npy
7_24_data,152512.JPG,26,none,7_24_data\patch\152512_p26_none.npy
7_24_data,152512.JPG,27,none,7_24_data\patch\152512_p27_none.npy
7_24_data,152512.JPG,28,none,7_24_data\patch\152512_p28_none.npy
7_24_data,152512.JPG,29,none,7_24_data\patch\152512_p29_none.npy
7_24_data,152512.JPG,30,none,7_24_data\patch\152512_p30_none.npy
7_24_data,152512.JPG,31,none,7_24_data\patch\152512_p31_none.npy
7_24_data,152512.JPG,32,none,7_24_data\patch\152512_p32_none.npy
7_24_data,152512.JPG,33,none,7_24_data\patch\152512_p33_none.npy
7_24_data,152512.JPG,34,none,7_24_data\patch\152512_p34_none.npy
7_24_data,152512.JPG,35,none,7_24_data\patch\152512_p35_none.npy
7_24_data,152512.JPG,36,none,7_24_data\patch\152512_p36_none.npy
7_24_data,152512.JPG,37,none,7_24_data\patch\152512_p37_none.npy
7_24_data,152512.JPG,38,none,7_24_data\patch\152512_p38_none.npy
7_24_data,152512.JPG,39,none,7_24_data\patch\152512_p39_none.npy
7_24_data,152512.JPG,40,none,7_24_data\patch\152512_p40_none.npy
7_24_data,152512.JPG,41,none,7_24_data\patch\152512_p41_none.npy
7_24_data,152512.JPG,42,none,7_24_data\patch\152512_p42_none.npy
7_24_data,152512.JPG,43,none,7_24_data\patch\152512_p43_none.npy
7_24_data,152512.JPG,44,none,7_24_data\patch\152512_p44_none.npy
7_24_data,152512.JPG,45,none,7_24_data\patch\152512_p45_none.npy
7_24_data,152512.JPG,46,none,7_24_data\patch\152512_p46_none.npy
7_24_data,152512.JPG,47,none,7_24_data\patch\152512_p47_none.npy
7_24_data,152512.JPG,48,none,7_24_data\patch\152512_p48_none.npy
7_24_data,152512.JPG,49,none,7_24_data\patch\152512_p49_none.npy
7_24_data,152604.JPG,0,none,7_24_data\patch\152604_p0_none.npy
7_24_data,152604.JPG,1,none,7_24_data\patch\152604_p1_none.npy
7_24_data,152604.JPG,2,none,7_24_data\patch\152604_p2_none.npy
7_24_data,152604.JPG,3,none,7_24_data\patch\152604_p3_none.npy
7_24_data,152604.JPG,4,none,7_24_data\patch\152604_p4_none.npy
7_24_data,152604.JPG,5,none,7_24_data\patch\152604_p5_none.npy
7_24_data,152604.JPG,6,none,7_24_data\patch\152604_p6_none.npy
7_24_data,152604.JPG,7,none,7_24_data\patch\152604_p7_none.npy
7_24_data,152604.JPG,8,none,7_24_data\patch\152604_p8_none.npy
7_24_data,152604.JPG,9,none,7_24_data\patch\152604_p9_none.npy
7_24_data,152604.JPG,10,none,7_24_data\patch\152604_p10_none.npy
7_24_data,152604.JPG,11,none,7_24_data\patch\152604_p11_none.npy
7_24_data,152604.JPG,12,none,7_24_data\patch\152604_p12_none.npy
7_24_data,152604.JPG,13,none,7_24_data\patch\152604_p13_none.npy
7_24_data,152604.JPG,14,none,7_24_data\patch\152604_p14_none.npy
7_24_data,152604.JPG,16,none,7_24_data\patch\152604_p16_none.npy
7_24_data,152604.JPG,17,none,7_24_data\patch\152604_p17_none.npy
7_24_data,152604.JPG,18,none,7_24_data\patch\152604_p18_none.npy
7_24_data,152604.JPG,19,none,7_24_data\patch\152604_p19_none.npy
7_24_data,152604.JPG,20,none,7_24_data\patch\152604_p20_none.npy
7_24_data,152604.JPG,21,none,7_24_data\patch\152604_p21_none.npy
7_24_data,152604.JPG,22,none,7_24_data\patch\152604_p22_none.npy
7_24_data,152604.JPG,23,none,7_24_data\patch\152604_p23_none.npy
7_24_data,152604.JPG,24,none,7_24_data\patch\152604_p24_none.npy
7_24_data,152604.JPG,25,none,7_24_data\patch\152604_p25_none.npy
7_24_data,152604.JPG,26,none,7_24_data\patch\152604_p26_none.npy
7_24_data,152604.JPG,27,none,7_24_data\patch\152604_p27_none.npy
7_24_data,152604.JPG,28,none,7_24_data\patch\152604_p28_none.npy
7_24_data,152604.JPG,29,none,7_24_data\patch\152604_p29_none.npy
7_24_data,152604.JPG,30,none,7_24_data\patch\152604_p30_none.npy
7_24_data,152604.JPG,31,none,7_24_data\patch\152604_p31_none.npy
7_24_data,152604.JPG,32,none,7_24_data\patch\152604_p32_none.npy
7_24_data,152604.JPG,33,none,7_24_data\patch\152604_p33_none.npy
7_24_data,152604.JPG,34,none,7_24_data\patch\152604_p34_none.npy
7_24_data,152604.JPG,35,none,7_24_data\patch\152604_p35_none.npy
7_24_data,152604.JPG,36,none,7_24_data\patch\152604_p36_none.npy
7_24_data,152604.JPG,37,none,7_24_data\patch\152604_p37_none.npy
7_24_data,152604.JPG,38,none,7_24_data\patch\152604_p38_none.npy
7_24_data,152604.JPG,39,none,7_24_data\patch\152604_p39_none.npy
7_24_data,152604.JPG,40,none,7_24_data\patch\152604_p40_none.npy
7_24_data,152604.JPG,41,none,7_24_data\patch\152604_p41_none.npy
7_24_data,152604.JPG,42,none,7_24_data\patch\152604_p42_none.npy
7_24_data,152604.JPG,43,none,7_24_data\patch\152604_p43_none.npy
7_24_data,152604.JPG,44,none,7_24_data\patch\152604_p44_none.npy
7_24_data,152604.JPG,45,none,7_24_data\patch\152604_p45_none.npy
7_24_data,152604.JPG,46,none,7_24_data\patch\152604_p46_none.npy
7_24_data,152604.JPG,47,none,7_24_data\patch\152604_p47_none.npy
7_24_data,152604.JPG,48,none,7_24_data\patch\152604_p48_none.npy
7_24_data,152604.JPG,49,none,7_24_data\patch\152604_p49_none.npy
7_24_data,152838.JPG,0,none,7_24_data\patch\152838_p0_none.npy
7_24_data,152838.JPG,1,none,7_24_data\patch\152838_p1_none.npy
7_24_data,152838.JPG,2,none,7_24_data\patch\152838_p2_none.npy
7_24_data,152838.JPG,3,none,7_24_data\patch\152838_p3_none.npy
7_24_data,152838.JPG,4,none,7_24_data\patch\152838_p4_none.npy
7_24_data,152838.JPG,5,none,7_24_data\patch\152838_p5_none.npy
7_24_data,152838.JPG,6,none,7_24_data\patch\152838_p6_none.npy
7_24_data,152838.JPG,7,none,7_24_data\patch\152838_p7_none.npy
7_24_data,152838.JPG,8,none,7_24_data\patch\152838_p8_none.npy
7_24_data,152838.JPG,9,none,7_24_data\patch\152838_p9_none.npy
7_24_data,152838.JPG,10,none,7_24_data\patch\152838_p10_none.npy
7_24_data,152838.JPG,11,none,7_24_data\patch\152838_p11_none.npy
7_24_data,152838.JPG,12,none,7_24_data\patch\152838_p12_none.npy
7_24_data,152838.JPG,13,none,7_24_data\patch\152838_p13_none.npy
7_24_data,152838.JPG,14,none,7_24_data\patch\152838_p14_none.npy
7_24_data,152838.JPG,15,none,7_24_data\patch\152838_p15_none.npy
7_24_data,152838.JPG,16,none,7_24_data\patch\152838_p16_none.npy
7_24_data,152838.JPG,17,none,7_24_data\patch\152838_p17_none.npy
7_24_data,152838.JPG,18,none,7_24_data\patch\152838_p18_none.npy
7_24_data,152838.JPG,19,none,7_24_data\patch\152838_p19_none.npy
7_24_data,152838.JPG,20,none,7_24_data\patch\152838_p20_none.npy
7_24_data,152838.JPG,21,none,7_24_data\patch\152838_p21_none.npy
7_24_data,152838.JPG,22,none,7_24_data\patch\152838_p22_none.npy
7_24_data,152838.JPG,23,none,7_24_data\patch\152838_p23_none.npy
7_24_data,152838.JPG,24,none,7_24_data\patch\152838_p24_none.npy
7_24_data,152838.JPG,25,none,7_24_data\patch\152838_p25_none.npy
7_24_data,152838.JPG,26,none,7_24_data\patch\152838_p26_none.npy
7_24_data,152838.JPG,27,none,7_24_data\patch\152838_p27_none.npy
7_24_data,152838.JPG,28,none,7_24_data\patch\152838_p28_none.npy
7_24_data,152838.JPG,29,none,7_24_data\patch\152838_p29_none.npy
7_24_data,152838.JPG,30,none,7_24_data\patch\152838_p30_none.npy
7_24_data,152838.JPG,31,none,7_24_data\patch\152838_p31_none.npy
7_24_data,152838.JPG,32,none,7_24_data\patch\152838_p32_none.npy
7_24_data,152838.JPG,33,none,7_24_data\patch\152838_p33_none.npy
7_24_data,152838.JPG,34,none,7_24_data\patch\152838_p34_none.npy
7_24_data,152838.JPG,35,none,7_24_data\patch\152838_p35_none.npy
7_24_data,152838.JPG,36,none,7_24_data\patch\152838_p36_none.npy
7_24_data,152838.JPG,37,none,7_24_data\patch\152838_p37_none.npy
7_24_data,152838.JPG,38,none,7_24_data\patch\152838_p38_none.npy
7_24_data,152838.JPG,39,none,7_24_data\patch\152838_p39_none.npy
7_24_data,152838.JPG,40,none,7_24_data\patch\152838_p40_none.npy
7_24_data,152838.JPG,41,none,7_24_data\patch\152838_p41_none.npy
7_24_data,152838.JPG,42,none,7_24_data\patch\152838_p42_none.npy
7_24_data,152838.JPG,43,none,7_24_data\patch\152838_p43_none.npy
7_24_data,152838.JPG,44,none,7_24_data\patch\152838_p44_none.npy
7_24_data,152838.JPG,45,none,7_24_data\patch\152838_p45_none.npy
7_24_data,152838.JPG,46,none,7_24_data\patch\152838_p46_none.npy
7_24_data,152838.JPG,47,none,7_24_data\patch\152838_p47_none.npy
7_24_data,152838.JPG,48,none,7_24_data\patch\152838_p48_none.npy
7_24_data,152838.JPG,49,none,7_24_data\patch\152838_p49_none.npy
7_24_data,162506.JPG,0,none,7_24_data\patch\162506_p0_none.npy
7_24_data,162506.JPG,1,none,7_24_data\patch\162506_p1_none.npy
7_24_data,162506.JPG,2,none,7_24_data\patch\162506_p2_none.npy
7_24_data,162506.JPG,3,none,7_24_data\patch\162506_p3_none.npy
7_24_data,162506.JPG,4,none,7_24_data\patch\162506_p4_none.npy
7_24_data,162506.JPG,5,none,7_24_data\patch\162506_p5_none.npy
7_24_data,162506.JPG,6,none,7_24_data\patch\162506_p6_none.npy
7_24_data,162506.JPG,7,none,7_24_data\patch\162506_p7_none.npy
7_24_data,162506.JPG,9,none,7_24_data\patch\162506_p9_none.npy
7_24_data,162506.JPG,10,none,7_24_data\patch\162506_p10_none.npy
7_24_data,162506.JPG,11,none,7_24_data\patch\162506_p11_none.npy
7_24_data,162506.JPG,12,none,7_24_data\patch\162506_p12_none.npy
7_24_data,162506.JPG,13,none,7_24_data\patch\162506_p13_none.npy
7_24_data,162506.JPG,14,none,7_24_data\patch\162506_p14_none.npy
7_24_data,162506.JPG,16,none,7_24_data\patch\162506_p16_none.npy
7_24_data,162506.JPG,18,none,7_24_data\patch\162506_p18_none.npy
7_24_data,162506.JPG,19,none,7_24_data\patch\162506_p19_none.npy
7_24_data,162506.JPG,20,none,7_24_data\patch\162506_p20_none.npy
7_24_data,162506.JPG,21,none,7_24_data\patch\162506_p21_none.npy
7_24_data,162506.JPG,22,none,7_24_data\patch\162506_p22_none.npy
7_24_data,162506.JPG,23,none,7_24_data\patch\162506_p23_none.npy
7_24_data,162506.JPG,24,none,7_24_data\patch\162506_p24_none.npy
7_24_data,162506.JPG,25,none,7_24_data\patch\162506_p25_none.npy
7_24_data,162506.JPG,26,none,7_24_data\patch\162506_p26_none.npy
7_24_data,162506.JPG,27,none,7_24_data\patch\162506_p27_none.npy
7_24_data,162506.JPG,28,none,7_24_data\patch\162506_p28_none.npy
7_24_data,162506.JPG,29,none,7_24_data\patch\162506_p29_none.npy
7_24_data,162506.JPG,30,none,7_24_data\patch\162506_p30_none.npy
7_24_data,162506.JPG,31,none,7_24_data\patch\162506_p31_none.npy
7_24_data,162506.JPG,32,none,7_24_data\patch\162506_p32_none.npy
7_24_data,162506.JPG,33,none,7_24_data\patch\162506_p33_none.npy
7_24_data,162506.JPG,34,none,7_24_data\patch\162506_p34_none.npy
7_24_data,162506.JPG,35,none,7_24_data\patch\162506_p35_none.npy
7_24_data,162506.JPG,36,none,7_24_data\patch\162506_p36_none.npy
7_24_data,162506.JPG,37,none,7_24_data\patch\162506_p37_none.npy
7_24_data,162506.JPG,38,none,7_24_data\patch\162506_p38_none.npy
7_24_data,162506.JPG,39,none,7_24_data\patch\162506_p39_none.npy
7_24_data,162506.JPG,40,none,7_24_data\patch\162506_p40_none.npy
7_24_data,162506.JPG,41,none,7_24_data\patch\162506_p41_none.npy
7_24_data,162506.JPG,42,none,7_24_data\patch\162506_p42_none.npy
7_24_data,162506.JPG,43,none,7_24_data\patch\162506_p43_none.npy
7_24_data,162506.JPG,44,none,7_24_data\patch\162506_p44_none.npy
7_24_data,162506.JPG,45,none,7_24_data\patch\162506_p45_none.npy
7_24_data,162506.JPG,46,none,7_24_data\patch\162506_p46_none.npy
7_24_data,162506.JPG,47,none,7_24_data\patch\162506_p47_none.npy
7_24_data,162506.JPG,48,none,7_24_data\patch\162506_p48_none.npy
7_24_data,162506.JPG,49,none,7_24_data\patch\162506_p49_none.npy
7_24_data,162524.JPG,0,none,7_24_data\patch\162524_p0_none.npy
7_24_data,162524.JPG,1,none,7_24_data\patch\162524_p1_none.npy
7_24_data,162524.JPG,2,none,7_24_data\patch\162524_p2_none.npy
7_24_data,162524.JPG,3,none,7_24_data\patch\162524_p3_none.npy
7_24_data,162524.JPG,4,none,7_24_data\patch\162524_p4_none.npy
7_24_data,162524.JPG,5,none,7_24_data\patch\162524_p5_none.npy
7_24_data,162524.JPG,6,none,7_24_data\patch\162524_p6_none.npy
7_24_data,162524.JPG,7,none,7_24_data\patch\162524_p7_none.npy
7_24_data,162524.JPG,8,none,7_24_data\patch\162524_p8_none.npy
7_24_data,162524.JPG,9,none,7_24_data\patch\162524_p9_none.npy
7_24_data,162524.JPG,10,none,7_24_data\patch\162524_p10_none.npy
7_24_data,162524.JPG,11,none,7_24_data\patch\162524_p11_none.npy
7_24_data,162524.JPG,12,none,7_24_data\patch\162524_p12_none.npy
7_24_data,162524.JPG,13,none,7_24_data\patch\162524_p13_none.npy
7_24_data,162524.JPG,14,none,7_24_data\patch\162524_p14_none.npy
7_24_data,162524.JPG,15,none,7_24_data\patch\162524_p15_none.npy
7_24_data,162524.JPG,16,none,7_24_data\patch\162524_p16_none.npy
7_24_data,162524.JPG,17,none,7_24_data\patch\162524_p17_none.npy
7_24_data,162524.JPG,18,none,7_24_data\patch\162524_p18_none.npy
7_24_data,162524.JPG,19,none,7_24_data\patch\162524_p19_none.npy
7_24_data,162524.JPG,20,none,7_24_data\patch\162524_p20_none.npy
7_24_data,162524.JPG,21,none,7_24_data\patch\162524_p21_none.npy
7_24_data,162524.JPG,22,none,7_24_data\patch\162524_p22_none.npy
7_24_data,162524.JPG,23,none,7_24_data\patch\162524_p23_none.npy
7_24_data,162524.JPG,24,none,7_24_data\patch\162524_p24_none.npy
7_24_data,162524.JPG,25,none,7_24_data\patch\162524_p25_none.npy
7_24_data,162524.JPG,26,none,7_24_data\patch\162524_p26_none.npy
7_24_data,162524.JPG,27,none,7_24_data\patch\162524_p27_none.npy
7_24_data,162524.JPG,28,none,7_24_data\patch\162524_p28_none.npy
7_24_data,162524.JPG,30,none,7_24_data\patch\162524_p30_none.npy
7_24_data,162524.JPG,31,none,7_24_data\patch\162524_p31_none.npy
7_24_data,162524.JPG,32,none,7_24_data\patch\162524_p32_none.npy
7_24_data,162524.JPG,33,none,7_24_data\patch\162524_p33_none.npy
7_24_data,162524.JPG,34,none,7_24_data\patch\162524_p34_none.npy
7_24_data,162524.JPG,35,none,7_24_data\patch\162524_p35_none.npy
7_24_data,162524.JPG,36,none,7_24_data\patch\162524_p36_none.npy
7_24_data,162524.JPG,37,none,7_24_data\patch\162524_p37_none.npy
7_24_data,162524.JPG,38,none,7_24_data\patch\162524_p38_none.npy
7_24_data,162524.JPG,39,none,7_24_data\patch\162524_p39_none.npy
7_24_data,162524.JPG,40,none,7_24_data\patch\162524_p40_none.npy
7_24_data,162524.JPG,41,none,7_24_data\patch\162524_p41_none.npy
7_24_data,162524.JPG,42,none,7_24_data\patch\162524_p42_none.npy
7_24_data,162524.JPG,43,none,7_24_data\patch\162524_p43_none.npy
7_24_data,162524.JPG,44,none,7_24_data\patch\162524_p44_none.npy
7_24_data,162524.JPG,45,none,7_24_data\patch\162524_p45_none.npy
7_24_data,162524.JPG,46,none,7_24_data\patch\162524_p46_none.npy
7_24_data,162524.JPG,48,none,7_24_data\patch\162524_p48_none.npy
7_24_data,162524.JPG,49,none,7_24_data\patch\162524_p49_none.npy
7_24_data,162636.JPG,0,none,7_24_data\patch\162636_p0_none.npy
7_24_data,162636.JPG,1,none,7_24_data\patch\162636_p1_none.npy
7_24_data,162636.JPG,2,none,7_24_data\patch\162636_p2_none.npy
7_24_data,162636.JPG,3,none,7_24_data\patch\162636_p3_none.npy
7_24_data,162636.JPG,4,none,7_24_data\patch\162636_p4_none.npy
7_24_data,162636.JPG,5,none,7_24_data\patch\162636_p5_none.npy
7_24_data,162636.JPG,6,none,7_24_data\patch\162636_p6_none.npy
7_24_data,162636.JPG,7,none,7_24_data\patch\162636_p7_none.npy
7_24_data,162636.JPG,8,none,7_24_data\patch\162636_p8_none.npy
7_24_data,162636.JPG,9,none,7_24_data\patch\162636_p9_none.npy
7_24_data,162636.JPG,10,none,7_24_data\patch\162636_p10_none.npy
7_24_data,162636.JPG,11,none,7_24_data\patch\162636_p11_none.npy
7_24_data,162636.JPG,12,none,7_24_data\patch\162636_p12_none.npy
7_24_data,162636.JPG,13,none,7_24_data\patch\162636_p13_none.npy
7_24_data,162636.JPG,14,none,7_24_data\patch\162636_p14_none.npy
7_24_data,162636.JPG,15,none,7_24_data\patch\162636_p15_none.npy
7_24_data,162636.JPG,16,none,7_24_data\patch\162636_p16_none.npy
7_24_data,162636.JPG,17,none,7_24_data\patch\162636_p17_none.npy
7_24_data,162636.JPG,18,none,7_24_data\patch\162636_p18_none.npy
7_24_data,162636.JPG,19,none,7_24_data\patch\162636_p19_none.npy
7_24_data,162636.JPG,20,none,7_24_data\patch\162636_p20_none.npy
7_24_data,162636.JPG,21,none,7_24_data\patch\162636_p21_none.npy
7_24_data,162636.JPG,22,none,7_24_data\patch\162636_p22_none.npy
7_24_data,162636.JPG,23,none,7_24_data\patch\162636_p23_none.npy
7_24_data,162636.JPG,24,none,7_24_data\patch\162636_p24_none.npy
7_24_data,162636.JPG,25,none,7_24_data\patch\162636_p25_none.npy
7_24_data,162636.JPG,26,none,7_24_data\patch\162636_p26_none.npy
7_24_data,162636.JPG,27,none,7_24_data\patch\162636_p27_none.npy
7_24_data,162636.JPG,28,none,7_24_data\patch\162636_p28_none.npy
7_24_data,162636.JPG,29,none,7_24_data\patch\162636_p29_none.npy
7_24_data,162636.JPG,30,none,7_24_data\patch\162636_p30_none.npy
7_24_data,162636.JPG,31,none,7_24_data\patch\162636_p31_none.npy
7_24_data,162636.JPG,32,none,7_24_data\patch\162636_p32_none.npy
7_24_data,162636.JPG,33,none,7_24_data\patch\162636_p33_none.npy
7_24_data,162636.JPG,34,none,7_24_data\patch\162636_p34_none.npy
7_24_data,162636.JPG,35,none,7_24_data\patch\162636_p35_none.npy
7_24_data,162636.JPG,36,none,7_24_data\patch\162636_p36_none.npy
7_24_data,162636.JPG,37,none,7_24_data\patch\162636_p37_none.npy
7_24_data,162636.JPG,38,none,7_24_data\patch\162636_p38_none.npy
7_24_data,162636.JPG,39,none,7_24_data\patch\162636_p39_none.npy
7_24_data,162636.JPG,40,none,7_24_data\patch\162636_p40_none.npy
7_24_data,162636.JPG,41,none,7_24_data\patch\162636_p41_none.npy
7_24_data,162636.JPG,42,none,7_24_data\patch\162636_p42_none.npy
7_24_data,162636.JPG,43,none,7_24_data\patch\162636_p43_none.npy
7_24_data,162636.JPG,44,none,7_24_data\patch\162636_p44_none.npy
7_24_data,162636.JPG,45,none,7_24_data\patch\162636_p45_none.npy
7_24_data,162636.JPG,46,none,7_24_data\patch\162636_p46_none.npy
7_24_data,162636.JPG,47,none,7_24_data\patch\162636_p47_none.npy
7_24_data,162636.JPG,48,none,7_24_data\patch\162636_p48_none.npy
7_24_data,162636.JPG,49,none,7_24_data\patch\162636_p49_none.npy
7_24_data,162710.JPG,0,none,7_24_data\patch\162710_p0_none.npy
7_24_data,162710.JPG,1,none,7_24_data\patch\162710_p1_none.npy
7_24_data,162710.JPG,2,none,7_24_data\patch\162710_p2_none.npy
7_24_data,162710.JPG,3,none,7_24_data\patch\162710_p3_none.npy
7_24_data,162710.JPG,4,none,7_24_data\patch\162710_p4_none.npy
7_24_data,162710.JPG,5,none,7_24_data\patch\162710_p5_none.npy
7_24_data,162710.JPG,6,none,7_24_data\patch\162710_p6_none.npy
7_24_data,162710.JPG,7,none,7_24_data\patch\162710_p7_none.npy
7_24_data,162710.JPG,8,none,7_24_data\patch\162710_p8_none.npy
7_24_data,162710.JPG,9,none,7_24_data\patch\162710_p9_none.npy
7_24_data,162710.JPG,10,none,7_24_data\patch\162710_p10_none.npy
7_24_data,162710.JPG,11,none,7_24_data\patch\162710_p11_none.npy
7_24_data,162710.JPG,12,none,7_24_data\patch\162710_p12_none.npy
7_24_data,162710.JPG,13,none,7_24_data\patch\162710_p13_none.npy
7_24_data,162710.JPG,14,none,7_24_data\patch\162710_p14_none.npy
7_24_data,162710.JPG,15,none,7_24_data\patch\162710_p15_none.npy
7_24_data,162710.JPG,16,none,7_24_data\patch\162710_p16_none.npy
7_24_data,162710.JPG,17,none,7_24_data\patch\162710_p17_none.npy
7_24_data,162710.JPG,18,none,7_24_data\patch\162710_p18_none.npy
7_24_data,162710.JPG,19,none,7_24_data\patch\162710_p19_none.npy
7_24_data,162710.JPG,20,none,7_24_data\patch\162710_p20_none.npy
7_24_data,162710.JPG,21,none,7_24_data\patch\162710_p21_none.npy
7_24_data,162710.JPG,22,none,7_24_data\patch\162710_p22_none.npy
7_24_data,162710.JPG,23,none,7_24_data\patch\162710_p23_none.npy
7_24_data,162710.JPG,24,none,7_24_data\patch\162710_p24_none.npy
7_24_data,162710.JPG,25,none,7_24_data\patch\162710_p25_none.npy
7_24_data,162710.JPG,26,none,7_24_data\patch\162710_p26_none.npy
7_24_data,162710.JPG,27,none,7_24_data\patch\162710_p27_none.npy
7_24_data,162710.JPG,28,none,7_24_data\patch\162710_p28_none.npy
7_24_data,162710.JPG,30,none,7_24_data\patch\162710_p30_none.npy
7_24_data,162710.JPG,31,none,7_24_data\patch\162710_p31_none.npy
7_24_data,162710.JPG,32,none,7_24_data\patch\162710_p32_none.npy
7_24_data,162710.JPG,33,none,7_24_data\patch\162710_p33_none.npy
7_24_data,162710.JPG,34,none,7_24_data\patch\162710_p34_none.npy
7_24_data,162710.JPG,35,none,7_24_data\patch\162710_p35_none.npy
7_24_data,162710.JPG,36,none,7_24_data\patch\162710_p36_none.npy
7_24_data,162710.JPG,37,none,7_24_data\patch\162710_p37_none.npy
7_24_data,162710.JPG,38,none,7_24_data\patch\162710_p38_none.npy
7_24_data,162710.JPG,39,none,7_24_data\patch\162710_p39_none.npy
7_24_data,162710.JPG,40,none,7_24_data\patch\162710_p40_none.npy
7_24_data,162710.JPG,41,none,7_24_data\patch\162710_p41_none.npy
7_24_data,162710.JPG,42,none,7_24_data\patch\162710_p42_none.npy
7_24_data,162710.JPG,43,none,7_24_data\patch\162710_p43_none.npy
7_24_data,162710.JPG,44,none,7_24_data\patch\162710_p44_none.npy
7_24_data,162710.JPG,45,none,7_24_data\patch\162710_p45_none.npy
7_24_data,162710.JPG,46,none,7_24_data\patch\162710_p46_none.npy
7_24_data,162710.JPG,47,none,7_24_data\patch\162710_p47_none.npy
7_24_data,162710.JPG,48,none,7_24_data\patch\162710_p48_none.npy
7_24_data,162710.JPG,49,none,7_24_data\patch\162710_p49_none.npy
7_24_data,162734.JPG,0,none,7_24_data\patch\162734_p0_none.npy
7_24_data,162734.JPG,1,none,7_24_data\patch\162734_p1_none.npy
7_24_data,162734.JPG,2,none,7_24_data\patch\162734_p2_none.npy
7_24_data,162734.JPG,3,none,7_24_data\patch\162734_p3_none.npy
7_24_data,162734.JPG,4,none,7_24_data\patch\162734_p4_none.npy
7_24_data,162734.JPG,5,none,7_24_data\patch\162734_p5_none.npy
7_24_data,162734.JPG,6,none,7_24_data\patch\162734_p6_none.npy
7_24_data,162734.JPG,7,none,7_24_data\patch\162734_p7_none.npy
7_24_data,162734.JPG,8,none,7_24_data\patch\162734_p8_none.npy
7_24_data,162734.JPG,9,none,7_24_data\patch\162734_p9_none.npy
7_24_data,162734.JPG,10,none,7_24_data\patch\162734_p10_none.npy
7_24_data,162734.JPG,11,none,7_24_data\patch\162734_p11_none.npy
7_24_data,162734.JPG,12,none,7_24_data\patch\162734_p12_none.npy
7_24_data,162734.JPG,13,none,7_24_data\patch\162734_p13_none.npy
7_24_data,162734.JPG,14,none,7_24_data\patch\162734_p14_none.npy
7_24_data,162734.JPG,15,none,7_24_data\patch\162734_p15_none.npy
7_24_data,162734.JPG,16,none,7_24_data\patch\162734_p16_none.npy
7_24_data,162734.JPG,17,none,7_24_data\patch\162734_p17_none.npy
7_24_data,162734.JPG,18,none,7_24_data\patch\162734_p18_none.npy
7_24_data,162734.JPG,19,none,7_24_data\patch\162734_p19_none.npy
7_24_data,162734.JPG,20,none,7_24_data\patch\162734_p20_none.npy
7_24_data,162734.JPG,21,none,7_24_data\patch\162734_p21_none.npy
7_24_data,162734.JPG,22,none,7_24_data\patch\162734_p22_none.npy
7_24_data,162734.JPG,23,none,7_24_data\patch\162734_p23_none.npy
7_24_data,162734.JPG,24,none,7_24_data\patch\162734_p24_none.npy
7_24_data,162734.JPG,25,none,7_24_data\patch\162734_p25_none.npy
7_24_data,162734.JPG,26,none,7_24_data\patch\162734_p26_none.npy
7_24_data,162734.JPG,27,none,7_24_data\patch\162734_p27_none.npy
7_24_data,162734.JPG,29,none,7_24_data\patch\162734_p29_none.npy
7_24_data,162734.JPG,30,none,7_24_data\patch\162734_p30_none.npy
7_24_data,162734.JPG,31,none,7_24_data\patch\162734_p31_none.npy
7_24_data,162734.JPG,32,none,7_24_data\patch\162734_p32_none.npy
7_24_data,162734.JPG,33,none,7_24_data\patch\162734_p33_none.npy
7_24_data,162734.JPG,34,none,7_24_data\patch\162734_p34_none.npy
7_24_data,162734.JPG,35,none,7_24_data\patch\162734_p35_none.npy
7_24_data,162734.JPG,36,none,7_24_data\patch\162734_p36_none.npy
7_24_data,162734.JPG,37,none,7_24_data\patch\162734_p37_none.npy
7_24_data,162734.JPG,38,none,7_24_data\patch\162734_p38_none.npy
7_24_data,162734.JPG,39,none,7_24_data\patch\162734_p39_none.npy
7_24_data,162734.JPG,40,none,7_24_data\patch\162734_p40_none.npy
7_24_data,162734.JPG,41,none,7_24_data\patch\162734_p41_none.npy
7_24_data,162734.JPG,42,none,7_24_data\patch\162734_p42_none.npy
7_24_data,162734.JPG,43,none,7_24_data\patch\162734_p43_none.npy
7_24_data,162734.JPG,44,none,7_24_data\patch\162734_p44_none.npy
7_24_data,162734.JPG,45,none,7_24_data\patch\162734_p45_none.npy
7_24_data,162734.JPG,46,none,7_24_data\patch\162734_p46_none.npy
7_24_data,162734.JPG,47,none,7_24_data\patch\162734_p47_none.npy
7_24_data,162734.JPG,48,none,7_24_data\patch\162734_p48_none.npy
7_24_data,162734.JPG,49,none,7_24_data\patch\162734_p49_none.npy
7_24_data,162802.JPG,0,none,7_24_data\patch\162802_p0_none.npy
7_24_data,162802.JPG,1,none,7_24_data\patch\162802_p1_none.npy
7_24_data,162802.JPG,2,none,7_24_data\patch\162802_p2_none.npy
7_24_data,162802.JPG,3,none,7_24_data\patch\162802_p3_none.npy
7_24_data,162802.JPG,5,none,7_24_data\patch\162802_p5_none.npy
7_24_data,162802.JPG,6,none,7_24_data\patch\162802_p6_none.npy
7_24_data,162802.JPG,7,none,7_24_data\patch\162802_p7_none.npy
7_24_data,162802.JPG,8,none,7_24_data\patch\162802_p8_none.npy
7_24_data,162802.JPG,9,none,7_24_data\patch\162802_p9_none.npy
7_24_data,162802.JPG,10,none,7_24_data\patch\162802_p10_none.npy
7_24_data,162802.JPG,11,none,7_24_data\patch\162802_p11_none.npy
7_24_data,162802.JPG,12,none,7_24_data\patch\162802_p12_none.npy
7_24_data,162802.JPG,13,none,7_24_data\patch\162802_p13_none.npy
7_24_data,162802.JPG,14,none,7_24_data\patch\162802_p14_none.npy
7_24_data,162802.JPG,15,none,7_24_data\patch\162802_p15_none.npy
7_24_data,162802.JPG,16,none,7_24_data\patch\162802_p16_none.npy
7_24_data,162802.JPG,17,none,7_24_data\patch\162802_p17_none.npy
7_24_data,162802.JPG,18,none,7_24_data\patch\162802_p18_none.npy
7_24_data,162802.JPG,19,none,7_24_data\patch\162802_p19_none.npy
7_24_data,162802.JPG,20,none,7_24_data\patch\162802_p20_none.npy
7_24_data,162802.JPG,21,none,7_24_data\patch\162802_p21_none.npy
7_24_data,162802.JPG,22,none,7_24_data\patch\162802_p22_none.npy
7_24_data,162802.JPG,23,none,7_24_data\patch\162802_p23_none.npy
7_24_data,162802.JPG,24,none,7_24_data\patch\162802_p24_none.npy
7_24_data,162802.JPG,25,none,7_24_data\patch\162802_p25_none.npy
7_24_data,162802.JPG,26,none,7_24_data\patch\162802_p26_none.npy
7_24_data,162802.JPG,27,none,7_24_data\patch\162802_p27_none.npy
7_24_data,162802.JPG,28,none,7_24_data\patch\162802_p28_none.npy
7_24_data,162802.JPG,29,none,7_24_data\patch\162802_p29_none.npy
7_24_data,162802.JPG,30,none,7_24_data\patch\162802_p30_none.npy
7_24_data,162802.JPG,31,none,7_24_data\patch\162802_p31_none.npy
7_24_data,162802.JPG,32,none,7_24_data\patch\162802_p32_none.npy
7_24_data,162802.JPG,33,none,7_24_data\patch\162802_p33_none.npy
7_24_data,162802.JPG,34,none,7_24_data\patch\162802_p34_none.npy
7_24_data,162802.JPG,35,none,7_24_data\patch\162802_p35_none.npy
7_24_data,162802.JPG,36,none,7_24_data\patch\162802_p36_none.npy
7_24_data,162802.JPG,37,none,7_24_data\patch\162802_p37_none.npy
7_24_data,162802.JPG,38,none,7_24_data\patch\162802_p38_none.npy
7_24_data,162802.JPG,39,none,7_24_data\patch\162802_p39_none.npy
7_24_data,162802.JPG,40,none,7_24_data\patch\162802_p40_none.npy
7_24_data,162802.JPG,41,none,7_24_data\patch\162802_p41_none.npy
7_24_data,162802.JPG,42,none,7_24_data\patch\162802_p42_none.npy
7_24_data,162802.JPG,43,none,7_24_data\patch\162802_p43_none.npy
7_24_data,162802.JPG,44,none,7_24_data\patch\162802_p44_none.npy
7_24_data,162802.JPG,45,none,7_24_data\patch\162802_p45_none.npy
7_24_data,162802.JPG,47,none,7_24_data\patch\162802_p47_none.npy
7_24_data,162802.JPG,48,none,7_24_data\patch\162802_p48_none.npy
7_24_data,162802.JPG,49,none,7_24_data\patch\162802_p49_none.npy
7_24_data,162808.JPG,1,none,7_24_data\patch\162808_p1_none.npy
7_24_data,162808.JPG,2,none,7_24_data\patch\162808_p2_none.npy
7_24_data,162808.JPG,3,none,7_24_data\patch\162808_p3_none.npy
7_24_data,162808.JPG,4,none,7_24_data\patch\162808_p4_none.npy
7_24_data,162808.JPG,5,none,7_24_data\patch\162808_p5_none.npy
7_24_data,162808.JPG,6,none,7_24_data\patch\162808_p6_none.npy
7_24_data,162808.JPG,7,none,7_24_data\patch\162808_p7_none.npy
7_24_data,162808.JPG,8,none,7_24_data\patch\162808_p8_none.npy
7_24_data,162808.JPG,9,none,7_24_data\patch\162808_p9_none.npy
7_24_data,162808.JPG,10,none,7_24_data\patch\162808_p10_none.npy
7_24_data,162808.JPG,11,none,7_24_data\patch\162808_p11_none.npy
7_24_data,162808.JPG,12,none,7_24_data\patch\162808_p12_none.npy
7_24_data,162808.JPG,13,none,7_24_data\patch\162808_p13_none.npy
7_24_data,162808.JPG,14,none,7_24_data\patch\162808_p14_none.npy
7_24_data,162808.JPG,15,none,7_24_data\patch\162808_p15_none.npy
7_24_data,162808.JPG,16,none,7_24_data\patch\162808_p16_none.npy
7_24_data,162808.JPG,17,none,7_24_data\patch\162808_p17_none.npy
7_24_data,162808.JPG,18,none,7_24_data\patch\162808_p18_none.npy
7_24_data,162808.JPG,19,none,7_24_data\patch\162808_p19_none.npy
7_24_data,162808.JPG,20,none,7_24_data\patch\162808_p20_none.npy
7_24_data,162808.JPG,21,none,7_24_data\patch\162808_p21_none.npy
7_24_data,162808.JPG,22,none,7_24_data\patch\162808_p22_none.npy
7_24_data,162808.JPG,23,none,7_24_data\patch\162808_p23_none.npy
7_24_data,162808.JPG,24,none,7_24_data\patch\162808_p24_none.npy
7_24_data,162808.JPG,25,none,7_24_data\patch\162808_p25_none.npy
7_24_data,162808.JPG,26,none,7_24_data\patch\162808_p26_none.npy
7_24_data,162808.JPG,27,none,7_24_data\patch\162808_p27_none.npy
7_24_data,162808.JPG,28,none,7_24_data\patch\162808_p28_none.npy
7_24_data,162808.JPG,29,none,7_24_data\patch\162808_p29_none.npy
7_24_data,162808.JPG,30,none,7_24_data\patch\162808_p30_none.npy
7_24_data,162808.JPG,31,none,7_24_data\patch\162808_p31_none.npy
7_24_data,162808.JPG,32,none,7_24_data\patch\162808_p32_none.npy
7_24_data,162808.JPG,33,none,7_24_data\patch\162808_p33_none.npy
7_24_data,162808.JPG,34,none,7_24_data\patch\162808_p34_none.npy
7_24_data,162808.JPG,36,none,7_24_data\patch\162808_p36_none.npy
7_24_data,162808.JPG,37,none,7_24_data\patch\162808_p37_none.npy
7_24_data,162808.JPG,38,none,7_24_data\patch\162808_p38_none.npy
7_24_data,162808.JPG,39,none,7_24_data\patch\162808_p39_none.npy
7_24_data,162808.JPG,40,none,7_24_data\patch\162808_p40_none.npy
7_24_data,162808.JPG,41,none,7_24_data\patch\162808_p41_none.npy
7_24_data,162808.JPG,42,none,7_24_data\patch\162808_p42_none.npy
7_24_data,162808.JPG,43,none,7_24_data\patch\162808_p43_none.npy
7_24_data,162808.JPG,44,none,7_24_data\patch\162808_p44_none.npy
7_24_data,162808.JPG,45,none,7_24_data\patch\162808_p45_none.npy
7_24_data,162808.JPG,46,none,7_24_data\patch\162808_p46_none.npy
7_24_data,162808.JPG,47,none,7_24_data\patch\162808_p47_none.npy
7_24_data,162808.JPG,48,none,7_24_data\patch\162808_p48_none.npy
7_24_data,162808.JPG,49,none,7_24_data\patch\162808_p49_none.npy
7_24_data,170224.JPG,0,none,7_24_data\patch\170224_p0_none.npy
7_24_data,170224.JPG,1,none,7_24_data\patch\170224_p1_none.npy
7_24_data,170224.JPG,2,none,7_24_data\patch\170224_p2_none.npy
7_24_data,170224.JPG,3,none,7_24_data\patch\170224_p3_none.npy
7_24_data,170224.JPG,4,none,7_24_data\patch\170224_p4_none.npy
7_24_data,170224.JPG,5,none,7_24_data\patch\170224_p5_none.npy
7_24_data,170224.JPG,6,none,7_24_data\patch\170224_p6_none.npy
7_24_data,170224.JPG,7,none,7_24_data\patch\170224_p7_none.npy
7_24_data,170224.JPG,8,none,7_24_data\patch\170224_p8_none.npy
7_24_data,170224.JPG,9,none,7_24_data\patch\170224_p9_none.npy
7_24_data,170224.JPG,10,none,7_24_data\patch\170224_p10_none.npy
7_24_data,170224.JPG,11,none,7_24_data\patch\170224_p11_none.npy
7_24_data,170224.JPG,12,none,7_24_data\patch\170224_p12_none.npy
7_24_data,170224.JPG,13,none,7_24_data\patch\170224_p13_none.npy
7_24_data,170224.JPG,14,none,7_24_data\patch\170224_p14_none.npy
7_24_data,170224.JPG,15,none,7_24_data\patch\170224_p15_none.npy
7_24_data,170224.JPG,16,none,7_24_data\patch\170224_p16_none.npy
7_24_data,170224.JPG,17,none,7_24_data\patch\170224_p17_none.npy
7_24_data,170224.JPG,18,none,7_24_data\patch\170224_p18_none.npy
7_24_data,170224.JPG,19,none,7_24_data\patch\170224_p19_none.npy
7_24_data,170224.JPG,20,none,7_24_data\patch\170224_p20_none.npy
7_24_data,170224.JPG,21,none,7_24_data\patch\170224_p21_none.npy
7_24_data,170224.JPG,22,none,7_24_data\patch\170224_p22_none.npy
7_24_data,170224.JPG,23,none,7_24_data\patch\170224_p23_none.npy
7_24_data,170224.JPG,24,none,7_24_data\patch\170224_p24_none.npy
7_24_data,170224.JPG,25,none,7_24_data\patch\170224_p25_none.npy
7_24_data,170224.JPG,26,none,7_24_data\patch\170224_p26_none.npy
7_24_data,170224.JPG,27,none,7_24_data\patch\170224_p27_none.npy
7_24_data,170224.JPG,28,none,7_24_data\patch\170224_p28_none.npy
7_24_data,170224.JPG,29,none,7_24_data\patch\170224_p29_none.npy
7_24_data,170224.JPG,30,none,7_24_data\patch\170224_p30_none.npy
7_24_data,170224.JPG,31,none,7_24_data\patch\170224_p31_none.npy
7_24_data,170224.JPG,32,none,7_24_data\patch\170224_p32_none.npy
7_24_data,170224.JPG,33,none,7_24_data\patch\170224_p33_none.npy
7_24_data,170224.JPG,34,none,7_24_data\patch\170224_p34_none.npy
7_24_data,170224.JPG,35,none,7_24_data\patch\170224_p35_none.npy
7_24_data,170224.JPG,36,none,7_24_data\patch\170224_p36_none.npy
7_24_data,170224.JPG,37,none,7_24_data\patch\170224_p37_none.npy
7_24_data,170224.JPG,38,none,7_24_data\patch\170224_p38_none.npy
7_24_data,170224.JPG,39,none,7_24_data\patch\170224_p39_none.npy
7_24_data,170224.JPG,40,none,7_24_data\patch\170224_p40_none.npy
7_24_data,170224.JPG,41,none,7_24_data\patch\170224_p41_none.npy
7_24_data,170224.JPG,42,none,7_24_data\patch\170224_p42_none.npy
7_24_data,170224.JPG,43,none,7_24_data\patch\170224_p43_none.npy
7_24_data,170224.JPG,44,none,7_24_data\patch\170224_p44_none.npy
7_24_data,170224.JPG,45,none,7_24_data\patch\170224_p45_none.npy
7_24_data,170224.JPG,46,none,7_24_data\patch\170224_p46_none.npy
7_24_data,170224.JPG,47,none,7_24_data\patch\170224_p47_none.npy
7_24_data,170224.JPG,48,none,7_24_data\patch\170224_p48_none.npy
7_24_data,170224.JPG,49,none,7_24_data\patch\170224_p49_none.npy
7_24_data,170228.JPG,0,none,7_24_data\patch\170228_p0_none.npy
7_24_data,170228.JPG,1,none,7_24_data\patch\170228_p1_none.npy
7_24_data,170228.JPG,2,none,7_24_data\patch\170228_p2_none.npy
7_24_data,170228.JPG,3,none,7_24_data\patch\170228_p3_none.npy
7_24_data,170228.JPG,4,none,7_24_data\patch\170228_p4_none.npy
7_24_data,170228.JPG,5,none,7_24_data\patch\170228_p5_none.npy
7_24_data,170228.JPG,6,none,7_24_data\patch\170228_p6_none.npy
7_24_data,170228.JPG,7,none,7_24_data\patch\170228_p7_none.npy
7_24_data,170228.JPG,8,none,7_24_data\patch\170228_p8_none.npy
7_24_data,170228.JPG,9,none,7_24_data\patch\170228_p9_none.npy
7_24_data,170228.JPG,10,none,7_24_data\patch\170228_p10_none.npy
7_24_data,170228.JPG,11,none,7_24_data\patch\170228_p11_none.npy
7_24_data,170228.JPG,12,none,7_24_data\patch\170228_p12_none.npy
7_24_data,170228.JPG,13,none,7_24_data\patch\170228_p13_none.npy
7_24_data,170228.JPG,14,none,7_24_data\patch\170228_p14_none.npy
7_24_data,170228.JPG,15,none,7_24_data\patch\170228_p15_none.npy
7_24_data,170228.JPG,16,none,7_24_data\patch\170228_p16_none.npy
7_24_data,170228.JPG,17,none,7_24_data\patch\170228_p17_none.npy
7_24_data,170228.JPG,18,none,7_24_data\patch\170228_p18_none.npy
7_24_data,170228.JPG,19,none,7_24_data\patch\170228_p19_none.npy
7_24_data,170228.JPG,20,none,7_24_data\patch\170228_p20_none.npy
7_24_data,170228.JPG,21,none,7_24_data\patch\170228_p21_none.npy
7_24_data,170228.JPG,22,none,7_24_data\patch\170228_p22_none.npy
7_24_data,170228.JPG,23,none,7_24_data\patch\170228_p23_none.npy
7_24_data,170228.JPG,24,none,7_24_data\patch\170228_p24_none.npy
7_24_data,170228.JPG,25,none,7_24_data\patch\170228_p25_none.npy
7_24_data,170228.JPG,26,none,7_24_data\patch\170228_p26_none.npy
7_24_data,170228.JPG,27,none,7_24_data\patch\170228_p27_none.npy
7_24_data,170228.JPG,29,none,7_24_data\patch\170228_p29_none.npy
7_24_data,170228.JPG,30,none,7_24_data\patch\170228_p30_none.npy
7_24_data,170228.JPG,31,none,7_24_data\patch\170228_p31_none.npy
7_24_data,170228.JPG,32,none,7_24_data\patch\170228_p32_none.npy
7_24_data,170228.JPG,33,none,7_24_data\patch\170228_p33_none.npy
7_24_data,170228.JPG,34,none,7_24_data\patch\170228_p34_none.npy
7_24_data,170228.JPG,35,none,7_24_data\patch\170228_p35_none.npy
7_24_data,170228.JPG,36,none,7_24_data\patch\170228_p36_none.npy
7_24_data,170228.JPG,37,none,7_24_data\patch\170228_p37_none.npy
7_24_data,170228.JPG,38,none,7_24_data\patch\170228_p38_none.npy
7_24_data,170228.JPG,39,none,7_24_data\patch\170228_p39_none.npy
7_24_data,170228.JPG,40,none,7_24_data\patch\170228_p40_none.npy
7_24_data,170228.JPG,41,none,7_24_data\patch\170228_p41_none.npy
7_24_data,170228.JPG,42,none,7_24_data\patch\170228_p42_none.npy
7_24_data,170228.JPG,43,none,7_24_data\patch\170228_p43_none.npy
7_24_data,170228.JPG,44,none,7_24_data\patch\170228_p44_none.npy
7_24_data,170228.JPG,45,none,7_24_data\patch\170228_p45_none.npy
7_24_data,170228.JPG,46,none,7_24_data\patch\170228_p46_none.npy
7_24_data,170228.JPG,47,none,7_24_data\patch\170228_p47_none.npy
7_24_data,170228.JPG,48,none,7_24_data\patch\170228_p48_none.npy
7_24_data,170228.JPG,49,none,7_24_data\patch\170228_p49_none.npy
7_24_data,170238.JPG,0,none,7_24_data\patch\170238_p0_none.npy
7_24_data,170238.JPG,2,none,7_24_data\patch\170238_p2_none.npy
7_24_data,170238.JPG,3,none,7_24_data\patch\170238_p3_none.npy
7_24_data,170238.JPG,4,none,7_24_data\patch\170238_p4_none.npy
7_24_data,170238.JPG,5,none,7_24_data\patch\170238_p5_none.npy
7_24_data,170238.JPG,6,none,7_24_data\patch\170238_p6_none.npy
7_24_data,170238.JPG,7,none,7_24_data\patch\170238_p7_none.npy
7_24_data,170238.JPG,8,none,7_24_data\patch\170238_p8_none.npy
7_24_data,170238.JPG,9,none,7_24_data\patch\170238_p9_none.npy
7_24_data,170238.JPG,10,none,7_24_data\patch\170238_p10_none.npy
7_24_data,170238.JPG,11,none,7_24_data\patch\170238_p11_none.npy
7_24_data,170238.JPG,12,none,7_24_data\patch\170238_p12_none.npy
7_24_data,170238.JPG,13,none,7_24_data\patch\170238_p13_none.npy
7_24_data,170238.JPG,14,none,7_24_data\patch\170238_p14_none.npy
7_24_data,170238.JPG,15,none,7_24_data\patch\170238_p15_none.npy
7_24_data,170238.JPG,16,none,7_24_data\patch\170238_p16_none.npy
7_24_data,170238.JPG,17,none,7_24_data\patch\170238_p17_none.npy
7_24_data,170238.JPG,18,none,7_24_data\patch\170238_p18_none.npy
7_24_data,170238.JPG,19,none,7_24_data\patch\170238_p19_none.npy
7_24_data,170238.JPG,20,none,7_24_data\patch\170238_p20_none.npy
7_24_data,170238.JPG,21,none,7_24_data\patch\170238_p21_none.npy
7_24_data,170238.JPG,22,none,7_24_data\patch\170238_p22_none.npy
7_24_data,170238.JPG,23,none,7_24_data\patch\170238_p23_none.npy
7_24_data,170238.JPG,25,none,7_24_data\patch\170238_p25_none.npy
7_24_data,170238.JPG,26,none,7_24_data\patch\170238_p26_none.npy
7_24_data,170238.JPG,27,none,7_24_data\patch\170238_p27_none.npy
7_24_data,170238.JPG,28,none,7_24_data\patch\170238_p28_none.npy
7_24_data,170238.JPG,29,none,7_24_data\patch\170238_p29_none.npy
7_24_data,170238.JPG,30,none,7_24_data\patch\170238_p30_none.npy
7_24_data,170238.JPG,31,none,7_24_data\patch\170238_p31_none.npy
7_24_data,170238.JPG,32,none,7_24_data\patch\170238_p32_none.npy
7_24_data,170238.JPG,33,none,7_24_data\patch\170238_p33_none.npy
7_24_data,170238.JPG,34,none,7_24_data\patch\170238_p34_none.npy
7_24_data,170238.JPG,36,none,7_24_data\patch\170238_p36_none.npy
7_24_data,170238.JPG,37,none,7_24_data\patch\170238_p37_none.npy
7_24_data,170238.JPG,38,none,7_24_data\patch\170238_p38_none.npy
7_24_data,170238.JPG,39,none,7_24_data\patch\170238_p39_none.npy
7_24_data,170238.JPG,40,none,7_24_data\patch\170238_p40_none.npy
7_24_data,170238.JPG,41,none,7_24_data\patch\170238_p41_none.npy
7_24_data,170238.JPG,42,none,7_24_data\patch\170238_p42_none.npy
7_24_data,170238.JPG,43,none,7_24_data\patch\170238_p43_none.npy
7_24_data,170238.JPG,44,none,7_24_data\patch\170238_p44_none.npy
7_24_data,170238.JPG,45,none,7_24_data\patch\170238_p45_none.npy
7_24_data,170238.JPG,46,none,7_24_data\patch\170238_p46_none.npy
7_24_data,170238.JPG,47,none,7_24_data\patch\170238_p47_none.npy
7_24_data,170238.JPG,48,none,7_24_data\patch\170238_p48_none.npy
7_24_data,170238.JPG,49,none,7_24_data\patch\170238_p49_none.npy
7_24_data,170256.JPG,0,none,7_24_data\patch\170256_p0_none.npy
7_24_data,170256.JPG,2,none,7_24_data\patch\170256_p2_none.npy
7_24_data,170256.JPG,3,none,7_24_data\patch\170256_p3_none.npy
7_24_data,170256.JPG,4,none,7_24_data\patch\170256_p4_none.npy
7_24_data,170256.JPG,5,none,7_24_data\patch\170256_p5_none.npy
7_24_data,170256.JPG,6,none,7_24_data\patch\170256_p6_none.npy
7_24_data,170256.JPG,7,none,7_24_data\patch\170256_p7_none.npy
7_24_data,170256.JPG,8,none,7_24_data\patch\170256_p8_none.npy
7_24_data,170256.JPG,10,none,7_24_data\patch\170256_p10_none.npy
7_24_data,170256.JPG,11,none,7_24_data\patch\170256_p11_none.npy
7_24_data,170256.JPG,12,none,7_24_data\patch\170256_p12_none.npy
7_24_data,170256.JPG,13,none,7_24_data\patch\170256_p13_none.npy
7_24_data,170256.JPG,15,none,7_24_data\patch\170256_p15_none.npy
7_24_data,170256.JPG,16,none,7_24_data\patch\170256_p16_none.npy
7_24_data,170256.JPG,17,none,7_24_data\patch\170256_p17_none.npy
7_24_data,170256.JPG,18,none,7_24_data\patch\170256_p18_none.npy
7_24_data,170256.JPG,19,none,7_24_data\patch\170256_p19_none.npy
7_24_data,170256.JPG,20,none,7_24_data\patch\170256_p20_none.npy
7_24_data,170256.JPG,21,none,7_24_data\patch\170256_p21_none.npy
7_24_data,170256.JPG,22,none,7_24_data\patch\170256_p22_none.npy
7_24_data,170256.JPG,23,none,7_24_data\patch\170256_p23_none.npy
7_24_data,170256.JPG,24,none,7_24_data\patch\170256_p24_none.npy
7_24_data,170256.JPG,25,none,7_24_data\patch\170256_p25_none.npy
7_24_data,170256.JPG,26,none,7_24_data\patch\170256_p26_none.npy
7_24_data,170256.JPG,27,none,7_24_data\patch\170256_p27_none.npy
7_24_data,170256.JPG,28,none,7_24_data\patch\170256_p28_none.npy
7_24_data,170256.JPG,29,none,7_24_data\patch\170256_p29_none.npy
7_24_data,170256.JPG,30,none,7_24_data\patch\170256_p30_none.npy
7_24_data,170256.JPG,32,none,7_24_data\patch\170256_p32_none.npy
7_24_data,170256.JPG,33,none,7_24_data\patch\170256_p33_none.npy
7_24_data,170256.JPG,34,none,7_24_data\patch\170256_p34_none.npy
7_24_data,170256.JPG,35,none,7_24_data\patch\170256_p35_none.npy
7_24_data,170256.JPG,36,none,7_24_data\patch\170256_p36_none.npy
7_24_data,170256.JPG,37,none,7_24_data\patch\170256_p37_none.npy
7_24_data,170256.JPG,39,none,7_24_data\patch\170256_p39_none.npy
7_24_data,170256.JPG,41,none,7_24_data\patch\170256_p41_none.npy
7_24_data,170256.JPG,42,none,7_24_data\patch\170256_p42_none.npy
7_24_data,170256.JPG,44,none,7_24_data\patch\170256_p44_none.npy
7_24_data,170256.JPG,45,none,7_24_data\patch\170256_p45_none.npy
7_24_data,170256.JPG,46,none,7_24_data\patch\170256_p46_none.npy
7_24_data,170256.JPG,47,none,7_24_data\patch\170256_p47_none.npy
7_24_data,170256.JPG,48,none,7_24_data\patch\170256_p48_none.npy
7_24_data,170256.JPG,49,none,7_24_data\patch\170256_p49_none.npy
7_24_data,170300.JPG,0,none,7_24_data\patch\170300_p0_none.npy
7_24_data,170300.JPG,1,none,7_24_data\patch\170300_p1_none.npy
7_24_data,170300.JPG,3,none,7_24_data\patch\170300_p3_none.npy
7_24_data,170300.JPG,4,none,7_24_data\patch\170300_p4_none.npy
7_24_data,170300.JPG,5,none,7_24_data\patch\170300_p5_none.npy
7_24_data,170300.JPG,6,none,7_24_data\patch\170300_p6_none.npy
7_24_data,170300.JPG,7,none,7_24_data\patch\170300_p7_none.npy
7_24_data,170300.JPG,8,none,7_24_data\patch\170300_p8_none.npy
7_24_data,170300.JPG,9,none,7_24_data\patch\170300_p9_none.npy
7_24_data,170300.JPG,10,none,7_24_data\patch\170300_p10_none.npy
7_24_data,170300.JPG,11,none,7_24_data\patch\170300_p11_none.npy
7_24_data,170300.JPG,12,none,7_24_data\patch\170300_p12_none.npy
7_24_data,170300.JPG,13,none,7_24_data\patch\170300_p13_none.npy
7_24_data,170300.JPG,14,none,7_24_data\patch\170300_p14_none.npy
7_24_data,170300.JPG,15,none,7_24_data\patch\170300_p15_none.npy
7_24_data,170300.JPG,16,none,7_24_data\patch\170300_p16_none.npy
7_24_data,170300.JPG,17,none,7_24_data\patch\170300_p17_none.npy
7_24_data,170300.JPG,18,none,7_24_data\patch\170300_p18_none.npy
7_24_data,170300.JPG,19,none,7_24_data\patch\170300_p19_none.npy
7_24_data,170300.JPG,20,none,7_24_data\patch\170300_p20_none.npy
7_24_data,170300.JPG,21,none,7_24_data\patch\170300_p21_none.npy
7_24_data,170300.JPG,22,none,7_24_data\patch\170300_p22_none.npy
7_24_data,170300.JPG,23,none,7_24_data\patch\170300_p23_none.npy
7_24_data,170300.JPG,24,none,7_24_data\patch\170300_p24_none.npy
7_24_data,170300.JPG,25,none,7_24_data\patch\170300_p25_none.npy
7_24_data,170300.JPG,26,none,7_24_data\patch\170300_p26_none.npy
7_24_data,170300.JPG,27,none,7_24_data\patch\170300_p27_none.npy
7_24_data,170300.JPG,28,none,7_24_data\patch\170300_p28_none.npy
7_24_data,170300.JPG,29,none,7_24_data\patch\170300_p29_none.npy
7_24_data,170300.JPG,30,none,7_24_data\patch\170300_p30_none.npy
7_24_data,170300.JPG,31,none,7_24_data\patch\170300_p31_none.npy
7_24_data,170300.JPG,32,none,7_24_data\patch\170300_p32_none.npy
7_24_data,170300.JPG,33,none,7_24_data\patch\170300_p33_none.npy
7_24_data,170300.JPG,35,none,7_24_data\patch\170300_p35_none.npy
7_24_data,170300.JPG,36,none,7_24_data\patch\170300_p36_none.npy
7_24_data,170300.JPG,37,none,7_24_data\patch\170300_p37_none.npy
7_24_data,170300.JPG,38,none,7_24_data\patch\170300_p38_none.npy
7_24_data,170300.JPG,39,none,7_24_data\patch\170300_p39_none.npy
7_24_data,170300.JPG,40,none,7_24_data\patch\170300_p40_none.npy
7_24_data,170300.JPG,41,none,7_24_data\patch\170300_p41_none.npy
7_24_data,170300.JPG,42,none,7_24_data\patch\170300_p42_none.npy
7_24_data,170300.JPG,43,none,7_24_data\patch\170300_p43_none.npy
7_24_data,170300.JPG,44,none,7_24_data\patch\170300_p44_none.npy
7_24_data,170300.JPG,45,none,7_24_data\patch\170300_p45_none.npy
7_24_data,170300.JPG,46,none,7_24_data\patch\170300_p46_none.npy
7_24_data,170300.JPG,47,none,7_24_data\patch\170300_p47_none.npy
7_24_data,170300.JPG,48,none,7_24_data\patch\170300_p48_none.npy
7_24_data,170300.JPG,49,none,7_24_data\patch\170300_p49_none.npy
7_24_data,170316.JPG,0,none,7_24_data\patch\170316_p0_none.npy
7_24_data,170316.JPG,1,none,7_24_data\patch\170316_p1_none.npy
7_24_data,170316.JPG,2,none,7_24_data\patch\170316_p2_none.npy
7_24_data,170316.JPG,4,none,7_24_data\patch\170316_p4_none.npy
7_24_data,170316.JPG,5,none,7_24_data\patch\170316_p5_none.npy
7_24_data,170316.JPG,6,none,7_24_data\patch\170316_p6_none.npy
7_24_data,170316.JPG,7,none,7_24_data\patch\170316_p7_none.npy
7_24_data,170316.JPG,8,none,7_24_data\patch\170316_p8_none.npy
7_24_data,170316.JPG,9,none,7_24_data\patch\170316_p9_none.npy
7_24_data,170316.JPG,10,none,7_24_data\patch\170316_p10_none.npy
7_24_data,170316.JPG,11,none,7_24_data\patch\170316_p11_none.npy
7_24_data,170316.JPG,12,none,7_24_data\patch\170316_p12_none.npy
7_24_data,170316.JPG,13,none,7_24_data\patch\170316_p13_none.npy
7_24_data,170316.JPG,14,none,7_24_data\patch\170316_p14_none.npy
7_24_data,170316.JPG,15,none,7_24_data\patch\170316_p15_none.npy
7_24_data,170316.JPG,16,none,7_24_data\patch\170316_p16_none.npy
7_24_data,170316.JPG,17,none,7_24_data\patch\170316_p17_none.npy
7_24_data,170316.JPG,18,none,7_24_data\patch\170316_p18_none.npy
7_24_data,170316.JPG,19,none,7_24_data\patch\170316_p19_none.npy
7_24_data,170316.JPG,20,none,7_24_data\patch\170316_p20_none.npy
7_24_data,170316.JPG,21,none,7_24_data\patch\170316_p21_none.npy
7_24_data,170316.JPG,22,none,7_24_data\patch\170316_p22_none.npy
7_24_data,170316.JPG,23,none,7_24_data\patch\170316_p23_none.npy
7_24_data,170316.JPG,24,none,7_24_data\patch\170316_p24_none.npy
7_24_data,170316.JPG,25,none,7_24_data\patch\170316_p25_none.npy
7_24_data,170316.JPG,26,none,7_24_data\patch\170316_p26_none.npy
7_24_data,170316.JPG,27,none,7_24_data\patch\170316_p27_none.npy
7_24_data,170316.JPG,28,none,7_24_data\patch\170316_p28_none.npy
7_24_data,170316.JPG,29,none,7_24_data\patch\170316_p29_none.npy
7_24_data,170316.JPG,30,none,7_24_data\patch\170316_p30_none.npy
7_24_data,170316.JPG,31,none,7_24_data\patch\170316_p31_none.npy
7_24_data,170316.JPG,33,none,7_24_data\patch\170316_p33_none.npy
7_24_data,170316.JPG,34,none,7_24_data\patch\170316_p34_none.npy
7_24_data,170316.JPG,36,none,7_24_data\patch\170316_p36_none.npy
7_24_data,170316.JPG,37,none,7_24_data\patch\170316_p37_none.npy
7_24_data,170316.JPG,38,none,7_24_data\patch\170316_p38_none.npy
7_24_data,170316.JPG,39,none,7_24_data\patch\170316_p39_none.npy
7_24_data,170316.JPG,40,none,7_24_data\patch\170316_p40_none.npy
7_24_data,170316.JPG,41,none,7_24_data\patch\170316_p41_none.npy
7_24_data,170316.JPG,42,none,7_24_data\patch\170316_p42_none.npy
7_24_data,170316.JPG,43,none,7_24_data\patch\170316_p43_none.npy
7_24_data,170316.JPG,44,none,7_24_data\patch\170316_p44_none.npy
7_24_data,170316.JPG,45,none,7_24_data\patch\170316_p45_none.npy
7_24_data,170316.JPG,46,none,7_24_data\patch\170316_p46_none.npy
7_24_data,170316.JPG,47,none,7_24_data\patch\170316_p47_none.npy
7_24_data,170316.JPG,48,none,7_24_data\patch\170316_p48_none.npy
7_24_data,170316.JPG,49,none,7_24_data\patch\170316_p49_none.npy
7_24_data,170400.JPG,0,none,7_24_data\patch\170400_p0_none.npy
7_24_data,170400.JPG,1,none,7_24_data\patch\170400_p1_none.npy
7_24_data,170400.JPG,2,none,7_24_data\patch\170400_p2_none.npy
7_24_data,170400.JPG,3,none,7_24_data\patch\170400_p3_none.npy
7_24_data,170400.JPG,5,none,7_24_data\patch\170400_p5_none.npy
7_24_data,170400.JPG,7,none,7_24_data\patch\170400_p7_none.npy
7_24_data,170400.JPG,8,none,7_24_data\patch\170400_p8_none.npy
7_24_data,170400.JPG,9,none,7_24_data\patch\170400_p9_none.npy
7_24_data,170400.JPG,10,none,7_24_data\patch\170400_p10_none.npy
7_24_data,170400.JPG,11,none,7_24_data\patch\170400_p11_none.npy
7_24_data,170400.JPG,12,none,7_24_data\patch\170400_p12_none.npy
7_24_data,170400.JPG,13,none,7_24_data\patch\170400_p13_none.npy
7_24_data,170400.JPG,14,none,7_24_data\patch\170400_p14_none.npy
7_24_data,170400.JPG,15,none,7_24_data\patch\170400_p15_none.npy
7_24_data,170400.JPG,17,none,7_24_data\patch\170400_p17_none.npy
7_24_data,170400.JPG,18,none,7_24_data\patch\170400_p18_none.npy
7_24_data,170400.JPG,19,none,7_24_data\patch\170400_p19_none.npy
7_24_data,170400.JPG,20,none,7_24_data\patch\170400_p20_none.npy
7_24_data,170400.JPG,21,none,7_24_data\patch\170400_p21_none.npy
7_24_data,170400.JPG,22,none,7_24_data\patch\170400_p22_none.npy
7_24_data,170400.JPG,23,none,7_24_data\patch\170400_p23_none.npy
7_24_data,170400.JPG,24,none,7_24_data\patch\170400_p24_none.npy
7_24_data,170400.JPG,25,none,7_24_data\patch\170400_p25_none.npy
7_24_data,170400.JPG,26,none,7_24_data\patch\170400_p26_none.npy
7_24_data,170400.JPG,27,none,7_24_data\patch\170400_p27_none.npy
7_24_data,170400.JPG,28,none,7_24_data\patch\170400_p28_none.npy
7_24_data,170400.JPG,30,none,7_24_data\patch\170400_p30_none.npy
7_24_data,170400.JPG,31,none,7_24_data\patch\170400_p31_none.npy
7_24_data,170400.JPG,32,none,7_24_data\patch\170400_p32_none.npy
7_24_data,170400.JPG,33,none,7_24_data\patch\170400_p33_none.npy
7_24_data,170400.JPG,34,none,7_24_data\patch\170400_p34_none.npy
7_24_data,170400.JPG,35,none,7_24_data\patch\170400_p35_none.npy
7_24_data,170400.JPG,36,none,7_24_data\patch\170400_p36_none.npy
7_24_data,170400.JPG,37,none,7_24_data\patch\170400_p37_none.npy
7_24_data,170400.JPG,38,none,7_24_data\patch\170400_p38_none.npy
7_24_data,170400.JPG,39,none,7_24_data\patch\170400_p39_none.npy
7_24_data,170400.JPG,40,none,7_24_data\patch\170400_p40_none.npy
7_24_data,170400.JPG,41,none,7_24_data\patch\170400_p41_none.npy
7_24_data,170400.JPG,42,none,7_24_data\patch\170400_p42_none.npy
7_24_data,170400.JPG,43,none,7_24_data\patch\170400_p43_none.npy
7_24_data,170400.JPG,44,none,7_24_data\patch\170400_p44_none.npy
7_24_data,170400.JPG,45,none,7_24_data\patch\170400_p45_none.npy
7_24_data,170400.JPG,46,none,7_24_data\patch\170400_p46_none.npy
7_24_data,170400.JPG,47,none,7_24_data\patch\170400_p47_none.npy
7_24_data,170400.JPG,48,none,7_24_data\patch\170400_p48_none.npy
7_24_data,170400.JPG,49,none,7_24_data\patch\170400_p49_none.npy
7_24_data,170416.JPG,0,none,7_24_data\patch\170416_p0_none.npy
7_24_data,170416.JPG,1,none,7_24_data\patch\170416_p1_none.npy
7_24_data,170416.JPG,2,none,7_24_data\patch\170416_p2_none.npy
7_24_data,170416.JPG,3,none,7_24_data\patch\170416_p3_none.npy
7_24_data,170416.JPG,4,none,7_24_data\patch\170416_p4_none.npy
7_24_data,170416.JPG,5,none,7_24_data\patch\170416_p5_none.npy
7_24_data,170416.JPG,6,none,7_24_data\patch\170416_p6_none.npy
7_24_data,170416.JPG,7,none,7_24_data\patch\170416_p7_none.npy
7_24_data,170416.JPG,8,none,7_24_data\patch\170416_p8_none.npy
7_24_data,170416.JPG,9,none,7_24_data\patch\170416_p9_none.npy
7_24_data,170416.JPG,10,none,7_24_data\patch\170416_p10_none.npy
7_24_data,170416.JPG,11,none,7_24_data\patch\170416_p11_none.npy
7_24_data,170416.JPG,12,none,7_24_data\patch\170416_p12_none.npy
7_24_data,170416.JPG,13,none,7_24_data\patch\170416_p13_none.npy
7_24_data,170416.JPG,14,none,7_24_data\patch\170416_p14_none.npy
7_24_data,170416.JPG,15,none,7_24_data\patch\170416_p15_none.npy
7_24_data,170416.JPG,16,none,7_24_data\patch\170416_p16_none.npy
7_24_data,170416.JPG,17,none,7_24_data\patch\170416_p17_none.npy
7_24_data,170416.JPG,18,none,7_24_data\patch\170416_p18_none.npy
7_24_data,170416.JPG,19,none,7_24_data\patch\170416_p19_none.npy
7_24_data,170416.JPG,20,none,7_24_data\patch\170416_p20_none.npy
7_24_data,170416.JPG,21,none,7_24_data\patch\170416_p21_none.npy
7_24_data,170416.JPG,22,none,7_24_data\patch\170416_p22_none.npy
7_24_data,170416.JPG,23,none,7_24_data\patch\170416_p23_none.npy
7_24_data,170416.JPG,24,none,7_24_data\patch\170416_p24_none.npy
7_24_data,170416.JPG,25,none,7_24_data\patch\170416_p25_none.npy
7_24_data,170416.JPG,26,none,7_24_data\patch\170416_p26_none.npy
7_24_data,170416.JPG,27,none,7_24_data\patch\170416_p27_none.npy
7_24_data,170416.JPG,28,none,7_24_data\patch\170416_p28_none.npy
7_24_data,170416.JPG,29,none,7_24_data\patch\170416_p29_none.npy
7_24_data,170416.JPG,30,none,7_24_data\patch\170416_p30_none.npy
7_24_data,170416.JPG,31,none,7_24_data\patch\170416_p31_none.npy
7_24_data,170416.JPG,32,none,7_24_data\patch\170416_p32_none.npy
7_24_data,170416.JPG,33,none,7_24_data\patch\170416_p33_none.npy
7_24_data,170416.JPG,34,none,7_24_data\patch\170416_p34_none.npy
7_24_data,170416.JPG,35,none,7_24_data\patch\170416_p35_none.npy
7_24_data,170416.JPG,36,none,7_24_data\patch\170416_p36_none.npy
7_24_data,170416.JPG,37,none,7_24_data\patch\170416_p37_none.npy
7_24_data,170416.JPG,38,none,7_24_data\patch\170416_p38_none.npy
7_24_data,170416.JPG,40,none,7_24_data\patch\170416_p40_none.npy
7_24_data,170416.JPG,41,none,7_24_data\patch\170416_p41_none.npy
7_24_data,170416.JPG,42,none,7_24_data\patch\170416_p42_none.npy
7_24_data,170416.JPG,43,none,7_24_data\patch\170416_p43_none.npy
7_24_data,170416.JPG,44,none,7_24_data\patch\170416_p44_none.npy
7_24_data,170416.JPG,45,none,7_24_data\patch\170416_p45_none.npy
7_24_data,170416.JPG,46,none,7_24_data\patch\170416_p46_none.npy
7_24_data,170416.JPG,47,none,7_24_data\patch\170416_p47_none.npy
7_24_data,170416.JPG,48,none,7_24_data\patch\170416_p48_none.npy
7_24_data,170416.JPG,49,none,7_24_data\patch\170416_p49_none.npy
7_24_data,170434.JPG,1,none,7_24_data\patch\170434_p1_none.npy
7_24_data,170434.JPG,2,none,7_24_data\patch\170434_p2_none.npy
7_24_data,170434.JPG,3,none,7_24_data\patch\170434_p3_none.npy
7_24_data,170434.JPG,4,none,7_24_data\patch\170434_p4_none.npy
7_24_data,170434.JPG,5,none,7_24_data\patch\170434_p5_none.npy
7_24_data,170434.JPG,6,none,7_24_data\patch\170434_p6_none.npy
7_24_data,170434.JPG,7,none,7_24_data\patch\170434_p7_none.npy
7_24_data,170434.JPG,8,none,7_24_data\patch\170434_p8_none.npy
7_24_data,170434.JPG,9,none,7_24_data\patch\170434_p9_none.npy
7_24_data,170434.JPG,10,none,7_24_data\patch\170434_p10_none.npy
7_24_data,170434.JPG,11,none,7_24_data\patch\170434_p11_none.npy
7_24_data,170434.JPG,12,none,7_24_data\patch\170434_p12_none.npy
7_24_data,170434.JPG,13,none,7_24_data\patch\170434_p13_none.npy
7_24_data,170434.JPG,14,none,7_24_data\patch\170434_p14_none.npy
7_24_data,170434.JPG,15,none,7_24_data\patch\170434_p15_none.npy
7_24_data,170434.JPG,16,none,7_24_data\patch\170434_p16_none.npy
7_24_data,170434.JPG,17,none,7_24_data\patch\170434_p17_none.npy
7_24_data,170434.JPG,18,none,7_24_data\patch\170434_p18_none.npy
7_24_data,170434.JPG,19,none,7_24_data\patch\170434_p19_none.npy
7_24_data,170434.JPG,20,none,7_24_data\patch\170434_p20_none.npy
7_24_data,170434.JPG,21,none,7_24_data\patch\170434_p21_none.npy
7_24_data,170434.JPG,22,none,7_24_data\patch\170434_p22_none.npy
7_24_data,170434.JPG,23,none,7_24_data\patch\170434_p23_none.npy
7_24_data,170434.JPG,24,none,7_24_data\patch\170434_p24_none.npy
7_24_data,170434.JPG,25,none,7_24_data\patch\170434_p25_none.npy
7_24_data,170434.JPG,26,none,7_24_data\patch\170434_p26_none.npy
7_24_data,170434.JPG,27,none,7_24_data\patch\170434_p27_none.npy
7_24_data,170434.JPG,28,none,7_24_data\patch\170434_p28_none.npy
7_24_data,170434.JPG,29,none,7_24_data\patch\170434_p29_none.npy
7_24_data,170434.JPG,30,none,7_24_data\patch\170434_p30_none.npy
7_24_data,170434.JPG,31,none,7_24_data\patch\170434_p31_none.npy
7_24_data,170434.JPG,32,none,7_24_data\patch\170434_p32_none.npy
7_24_data,170434.JPG,33,none,7_24_data\patch\170434_p33_none.npy
7_24_data,170434.JPG,34,none,7_24_data\patch\170434_p34_none.npy
7_24_data,170434.JPG,35,none,7_24_data\patch\170434_p35_none.npy
7_24_data,170434.JPG,36,none,7_24_data\patch\170434_p36_none.npy
7_24_data,170434.JPG,37,none,7_24_data\patch\170434_p37_none.npy
7_24_data,170434.JPG,38,none,7_24_data\patch\170434_p38_none.npy
7_24_data,170434.JPG,39,none,7_24_data\patch\170434_p39_none.npy
7_24_data,170434.JPG,40,none,7_24_data\patch\170434_p40_none.npy
7_24_data,170434.JPG,41,none,7_24_data\patch\170434_p41_none.npy
7_24_data,170434.JPG,42,none,7_24_data\patch\170434_p42_none.npy
7_24_data,170434.JPG,43,none,7_24_data\patch\170434_p43_none.npy
7_24_data,170434.JPG,44,none,7_24_data\patch\170434_p44_none.npy
7_24_data,170434.JPG,45,none,7_24_data\patch\170434_p45_none.npy
7_24_data,170434.JPG,46,none,7_24_data\patch\170434_p46_none.npy
7_24_data,170434.JPG,47,none,7_24_data\patch\170434_p47_none.npy
7_24_data,170434.JPG,48,none,7_24_data\patch\170434_p48_none.npy
7_24_data,170434.JPG,49,none,7_24_data\patch\170434_p49_none.npy
7_24_data,170504.JPG,0,none,7_24_data\patch\170504_p0_none.npy
7_24_data,170504.JPG,1,none,7_24_data\patch\170504_p1_none.npy
7_24_data,170504.JPG,2,none,7_24_data\patch\170504_p2_none.npy
7_24_data,170504.JPG,3,none,7_24_data\patch\170504_p3_none.npy
7_24_data,170504.JPG,4,none,7_24_data\patch\170504_p4_none.npy
7_24_data,170504.JPG,6,none,7_24_data\patch\170504_p6_none.npy
7_24_data,170504.JPG,7,none,7_24_data\patch\170504_p7_none.npy
7_24_data,170504.JPG,8,none,7_24_data\patch\170504_p8_none.npy
7_24_data,170504.JPG,9,none,7_24_data\patch\170504_p9_none.npy
7_24_data,170504.JPG,10,none,7_24_data\patch\170504_p10_none.npy
7_24_data,170504.JPG,11,none,7_24_data\patch\170504_p11_none.npy
7_24_data,170504.JPG,12,none,7_24_data\patch\170504_p12_none.npy
7_24_data,170504.JPG,13,none,7_24_data\patch\170504_p13_none.npy
7_24_data,170504.JPG,14,none,7_24_data\patch\170504_p14_none.npy
7_24_data,170504.JPG,15,none,7_24_data\patch\170504_p15_none.npy
7_24_data,170504.JPG,17,none,7_24_data\patch\170504_p17_none.npy
7_24_data,170504.JPG,18,none,7_24_data\patch\170504_p18_none.npy
7_24_data,170504.JPG,19,none,7_24_data\patch\170504_p19_none.npy
7_24_data,170504.JPG,21,none,7_24_data\patch\170504_p21_none.npy
7_24_data,170504.JPG,22,none,7_24_data\patch\170504_p22_none.npy
7_24_data,170504.JPG,23,none,7_24_data\patch\170504_p23_none.npy
7_24_data,170504.JPG,24,none,7_24_data\patch\170504_p24_none.npy
7_24_data,170504.JPG,25,none,7_24_data\patch\170504_p25_none.npy
7_24_data,170504.JPG,26,none,7_24_data\patch\170504_p26_none.npy
7_24_data,170504.JPG,27,none,7_24_data\patch\170504_p27_none.npy
7_24_data,170504.JPG,28,none,7_24_data\patch\170504_p28_none.npy
7_24_data,170504.JPG,29,none,7_24_data\patch\170504_p29_none.npy
7_24_data,170504.JPG,30,none,7_24_data\patch\170504_p30_none.npy
7_24_data,170504.JPG,31,none,7_24_data\patch\170504_p31_none.npy
7_24_data,170504.JPG,32,none,7_24_data\patch\170504_p32_none.npy
7_24_data,170504.JPG,33,none,7_24_data\patch\170504_p33_none.npy
7_24_data,170504.JPG,34,none,7_24_data\patch\170504_p34_none.npy
7_24_data,170504.JPG,35,none,7_24_data\patch\170504_p35_none.npy
7_24_data,170504.JPG,36,none,7_24_data\patch\170504_p36_none.npy
7_24_data,170504.JPG,37,none,7_24_data\patch\170504_p37_none.npy
7_24_data,170504.JPG,38,none,7_24_data\patch\170504_p38_none.npy
7_24_data,170504.JPG,39,none,7_24_data\patch\170504_p39_none.npy
7_24_data,170504.JPG,41,none,7_24_data\patch\170504_p41_none.npy
7_24_data,170504.JPG,42,none,7_24_data\patch\170504_p42_none.npy
7_24_data,170504.JPG,43,none,7_24_data\patch\170504_p43_none.npy
7_24_data,170504.JPG,44,none,7_24_data\patch\170504_p44_none.npy
7_24_data,170504.JPG,45,none,7_24_data\patch\170504_p45_none.npy
7_24_data,170504.JPG,46,none,7_24_data\patch\170504_p46_none.npy
7_24_data,170504.JPG,47,none,7_24_data\patch\170504_p47_none.npy
7_24_data,170504.JPG,48,none,7_24_data\patch\170504_p48_none.npy
7_24_data,170504.JPG,49,none,7_24_data\patch\170504_p49_none.npy
7_24_data,170510.JPG,0,none,7_24_data\patch\170510_p0_none.npy
7_24_data,170510.JPG,1,none,7_24_data\patch\170510_p1_none.npy
7_24_data,170510.JPG,2,none,7_24_data\patch\170510_p2_none.npy
7_24_data,170510.JPG,3,none,7_24_data\patch\170510_p3_none.npy
7_24_data,170510.JPG,4,none,7_24_data\patch\170510_p4_none.npy
7_24_data,170510.JPG,5,none,7_24_data\patch\170510_p5_none.npy
7_24_data,170510.JPG,6,none,7_24_data\patch\170510_p6_none.npy
7_24_data,170510.JPG,7,none,7_24_data\patch\170510_p7_none.npy
7_24_data,170510.JPG,8,none,7_24_data\patch\170510_p8_none.npy
7_24_data,170510.JPG,9,none,7_24_data\patch\170510_p9_none.npy
7_24_data,170510.JPG,10,none,7_24_data\patch\170510_p10_none.npy
7_24_data,170510.JPG,11,none,7_24_data\patch\170510_p11_none.npy
7_24_data,170510.JPG,12,none,7_24_data\patch\170510_p12_none.npy
7_24_data,170510.JPG,13,none,7_24_data\patch\170510_p13_none.npy
7_24_data,170510.JPG,14,none,7_24_data\patch\170510_p14_none.npy
7_24_data,170510.JPG,15,none,7_24_data\patch\170510_p15_none.npy
7_24_data,170510.JPG,16,none,7_24_data\patch\170510_p16_none.npy
7_24_data,170510.JPG,17,none,7_24_data\patch\170510_p17_none.npy
7_24_data,170510.JPG,18,none,7_24_data\patch\170510_p18_none.npy
7_24_data,170510.JPG,19,none,7_24_data\patch\170510_p19_none.npy
7_24_data,170510.JPG,20,none,7_24_data\patch\170510_p20_none.npy
7_24_data,170510.JPG,21,none,7_24_data\patch\170510_p21_none.npy
7_24_data,170510.JPG,22,none,7_24_data\patch\170510_p22_none.npy
7_24_data,170510.JPG,23,none,7_24_data\patch\170510_p23_none.npy
7_24_data,170510.JPG,24,none,7_24_data\patch\170510_p24_none.npy
7_24_data,170510.JPG,25,none,7_24_data\patch\170510_p25_none.npy
7_24_data,170510.JPG,26,none,7_24_data\patch\170510_p26_none.npy
7_24_data,170510.JPG,27,none,7_24_data\patch\170510_p27_none.npy
7_24_data,170510.JPG,28,none,7_24_data\patch\170510_p28_none.npy
7_24_data,170510.JPG,29,none,7_24_data\patch\170510_p29_none.npy
7_24_data,170510.JPG,30,none,7_24_data\patch\170510_p30_none.npy
7_24_data,170510.JPG,31,none,7_24_data\patch\170510_p31_none.npy
7_24_data,170510.JPG,32,none,7_24_data\patch\170510_p32_none.npy
7_24_data,170510.JPG,33,none,7_24_data\patch\170510_p33_none.npy
7_24_data,170510.JPG,34,none,7_24_data\patch\170510_p34_none.npy
7_24_data,170510.JPG,35,none,7_24_data\patch\170510_p35_none.npy
7_24_data,170510.JPG,36,none,7_24_data\patch\170510_p36_none.npy
7_24_data,170510.JPG,37,none,7_24_data\patch\170510_p37_none.npy
7_24_data,170510.JPG,38,none,7_24_data\patch\170510_p38_none.npy
7_24_data,170510.JPG,39,none,7_24_data\patch\170510_p39_none.npy
7_24_data,170510.JPG,40,none,7_24_data\patch\170510_p40_none.npy
7_24_data,170510.JPG,41,none,7_24_data\patch\170510_p41_none.npy
7_24_data,170510.JPG,42,none,7_24_data\patch\170510_p42_none.npy
7_24_data,170510.JPG,43,none,7_24_data\patch\170510_p43_none.npy
7_24_data,170510.JPG,44,none,7_24_data\patch\170510_p44_none.npy
7_24_data,170510.JPG,45,none,7_24_data\patch\170510_p45_none.npy
7_24_data,170510.JPG,46,none,7_24_data\patch\170510_p46_none.npy
7_24_data,170510.JPG,47,none,7_24_data\patch\170510_p47_none.npy
7_24_data,170510.JPG,48,none,7_24_data\patch\170510_p48_none.npy
7_24_data,170510.JPG,49,none,7_24_data\patch\170510_p49_none.npy
7_24_data,170520.JPG,0,none,7_24_data\patch\170520_p0_none.npy
7_24_data,170520.JPG,1,none,7_24_data\patch\170520_p1_none.npy
7_24_data,170520.JPG,2,none,7_24_data\patch\170520_p2_none.npy
7_24_data,170520.JPG,3,none,7_24_data\patch\170520_p3_none.npy
7_24_data,170520.JPG,4,none,7_24_data\patch\170520_p4_none.npy
7_24_data,170520.JPG,5,none,7_24_data\patch\170520_p5_none.npy
7_24_data,170520.JPG,6,none,7_24_data\patch\170520_p6_none.npy
7_24_data,170520.JPG,7,none,7_24_data\patch\170520_p7_none.npy
7_24_data,170520.JPG,8,none,7_24_data\patch\170520_p8_none.npy
7_24_data,170520.JPG,9,none,7_24_data\patch\170520_p9_none.npy
7_24_data,170520.JPG,10,none,7_24_data\patch\170520_p10_none.npy
7_24_data,170520.JPG,11,none,7_24_data\patch\170520_p11_none.npy
7_24_data,170520.JPG,12,none,7_24_data\patch\170520_p12_none.npy
7_24_data,170520.JPG,13,none,7_24_data\patch\170520_p13_none.npy
7_24_data,170520.JPG,14,none,7_24_data\patch\170520_p14_none.npy
7_24_data,170520.JPG,15,none,7_24_data\patch\170520_p15_none.npy
7_24_data,170520.JPG,16,none,7_24_data\patch\170520_p16_none.npy
7_24_data,170520.JPG,17,none,7_24_data\patch\170520_p17_none.npy
7_24_data,170520.JPG,18,none,7_24_data\patch\170520_p18_none.npy
7_24_data,170520.JPG,19,none,7_24_data\patch\170520_p19_none.npy
7_24_data,170520.JPG,20,none,7_24_data\patch\170520_p20_none.npy
7_24_data,170520.JPG,21,none,7_24_data\patch\170520_p21_none.npy
7_24_data,170520.JPG,22,none,7_24_data\patch\170520_p22_none.npy
7_24_data,170520.JPG,23,none,7_24_data\patch\170520_p23_none.npy
7_24_data,170520.JPG,24,none,7_24_data\patch\170520_p24_none.npy
7_24_data,170520.JPG,25,none,7_24_data\patch\170520_p25_none.npy
7_24_data,170520.JPG,26,none,7_24_data\patch\170520_p26_none.npy
7_24_data,170520.JPG,27,none,7_24_data\patch\170520_p27_none.npy
7_24_data,170520.JPG,28,none,7_24_data\patch\170520_p28_none.npy
7_24_data,170520.JPG,29,none,7_24_data\patch\170520_p29_none.npy
7_24_data,170520.JPG,30,none,7_24_data\patch\170520_p30_none.npy
7_24_data,170520.JPG,31,none,7_24_data\patch\170520_p31_none.npy
7_24_data,170520.JPG,32,none,7_24_data\patch\170520_p32_none.npy
7_24_data,170520.JPG,33,none,7_24_data\patch\170520_p33_none.npy
7_24_data,170520.JPG,34,none,7_24_data\patch\170520_p34_none.npy
7_24_data,170520.JPG,35,none,7_24_data\patch\170520_p35_none.npy
7_24_data,170520.JPG,36,none,7_24_data\patch\170520_p36_none.npy
7_24_data,170520.JPG,37,none,7_24_data\patch\170520_p37_none.npy
7_24_data,170520.JPG,38,none,7_24_data\patch\170520_p38_none.npy
7_24_data,170520.JPG,39,none,7_24_data\patch\170520_p39_none.npy
7_24_data,170520.JPG,40,none,7_24_data\patch\170520_p40_none.npy
7_24_data,170520.JPG,41,none,7_24_data\patch\170520_p41_none.npy
7_24_data,170520.JPG,42,none,7_24_data\patch\170520_p42_none.npy
7_24_data,170520.JPG,43,none,7_24_data\patch\170520_p43_none.npy
7_24_data,170520.JPG,44,none,7_24_data\patch\170520_p44_none.npy
7_24_data,170520.JPG,45,none,7_24_data\patch\170520_p45_none.npy
7_24_data,170520.JPG,46,none,7_24_data\patch\170520_p46_none.npy
7_24_data,170520.JPG,47,none,7_24_data\patch\170520_p47_none.npy
7_24_data,170520.JPG,48,none,7_24_data\patch\170520_p48_none.npy
7_24_data,170642.JPG,0,none,7_24_data\patch\170642_p0_none.npy
7_24_data,170642.JPG,1,none,7_24_data\patch\170642_p1_none.npy
7_24_data,170642.JPG,2,none,7_24_data\patch\170642_p2_none.npy
7_24_data,170642.JPG,3,none,7_24_data\patch\170642_p3_none.npy
7_24_data,170642.JPG,4,none,7_24_data\patch\170642_p4_none.npy
7_24_data,170642.JPG,5,none,7_24_data\patch\170642_p5_none.npy
7_24_data,170642.JPG,6,none,7_24_data\patch\170642_p6_none.npy
7_24_data,170642.JPG,7,none,7_24_data\patch\170642_p7_none.npy
7_24_data,170642.JPG,8,none,7_24_data\patch\170642_p8_none.npy
7_24_data,170642.JPG,9,none,7_24_data\patch\170642_p9_none.npy
7_24_data,170642.JPG,10,none,7_24_data\patch\170642_p10_none.npy
7_24_data,170642.JPG,11,none,7_24_data\patch\170642_p11_none.npy
7_24_data,170642.JPG,12,none,7_24_data\patch\170642_p12_none.npy
7_24_data,170642.JPG,13,none,7_24_data\patch\170642_p13_none.npy
7_24_data,170642.JPG,14,none,7_24_data\patch\170642_p14_none.npy
7_24_data,170642.JPG,15,none,7_24_data\patch\170642_p15_none.npy
7_24_data,170642.JPG,16,none,7_24_data\patch\170642_p16_none.npy
7_24_data,170642.JPG,17,none,7_24_data\patch\170642_p17_none.npy
7_24_data,170642.JPG,18,none,7_24_data\patch\170642_p18_none.npy
7_24_data,170642.JPG,19,none,7_24_data\patch\170642_p19_none.npy
7_24_data,170642.JPG,20,none,7_24_data\patch\170642_p20_none.npy
7_24_data,170642.JPG,21,none,7_24_data\patch\170642_p21_none.npy
7_24_data,170642.JPG,22,none,7_24_data\patch\170642_p22_none.npy
7_24_data,170642.JPG,23,none,7_24_data\patch\170642_p23_none.npy
7_24_data,170642.JPG,24,none,7_24_data\patch\170642_p24_none.npy
7_24_data,170642.JPG,25,none,7_24_data\patch\170642_p25_none.npy
7_24_data,170642.JPG,26,none,7_24_data\patch\170642_p26_none.npy
7_24_data,170642.JPG,28,none,7_24_data\patch\170642_p28_none.npy
7_24_data,170642.JPG,29,none,7_24_data\patch\170642_p29_none.npy
7_24_data,170642.JPG,30,none,7_24_data\patch\170642_p30_none.npy
7_24_data,170642.JPG,31,none,7_24_data\patch\170642_p31_none.npy
7_24_data,170642.JPG,32,none,7_24_data\patch\170642_p32_none.npy
7_24_data,170642.JPG,33,none,7_24_data\patch\170642_p33_none.npy
7_24_data,170642.JPG,35,none,7_24_data\patch\170642_p35_none.npy
7_24_data,170642.JPG,36,none,7_24_data\patch\170642_p36_none.npy
7_24_data,170642.JPG,37,none,7_24_data\patch\170642_p37_none.npy
7_24_data,170642.JPG,38,none,7_24_data\patch\170642_p38_none.npy
7_24_data,170642.JPG,39,none,7_24_data\patch\170642_p39_none.npy
7_24_data,170642.JPG,41,none,7_24_data\patch\170642_p41_none.npy
7_24_data,170642.JPG,42,none,7_24_data\patch\170642_p42_none.npy
7_24_data,170642.JPG,43,none,7_24_data\patch\170642_p43_none.npy
7_24_data,170642.JPG,44,none,7_24_data\patch\170642_p44_none.npy
7_24_data,170642.JPG,45,none,7_24_data\patch\170642_p45_none.npy
7_24_data,170642.JPG,46,none,7_24_data\patch\170642_p46_none.npy
7_24_data,170642.JPG,47,none,7_24_data\patch\170642_p47_none.npy
7_24_data,170642.JPG,48,none,7_24_data\patch\170642_p48_none.npy
7_24_data,170642.JPG,49,none,7_24_data\patch\170642_p49_none.npy
7_24_data,173514.JPG,0,none,7_24_data\patch\173514_p0_none.npy
7_24_data,173514.JPG,1,none,7_24_data\patch\173514_p1_none.npy
7_24_data,173514.JPG,2,none,7_24_data\patch\173514_p2_none.npy
7_24_data,173514.JPG,3,none,7_24_data\patch\173514_p3_none.npy
7_24_data,173514.JPG,4,none,7_24_data\patch\173514_p4_none.npy
7_24_data,173514.JPG,5,none,7_24_data\patch\173514_p5_none.npy
7_24_data,173514.JPG,6,none,7_24_data\patch\173514_p6_none.npy
7_24_data,173514.JPG,7,none,7_24_data\patch\173514_p7_none.npy
7_24_data,173514.JPG,8,none,7_24_data\patch\173514_p8_none.npy
7_24_data,173514.JPG,9,none,7_24_data\patch\173514_p9_none.npy
7_24_data,173514.JPG,10,none,7_24_data\patch\173514_p10_none.npy
7_24_data,173514.JPG,11,none,7_24_data\patch\173514_p11_none.npy
7_24_data,173514.JPG,12,none,7_24_data\patch\173514_p12_none.npy
7_24_data,173514.JPG,13,none,7_24_data\patch\173514_p13_none.npy
7_24_data,173514.JPG,14,none,7_24_data\patch\173514_p14_none.npy
7_24_data,173514.JPG,15,none,7_24_data\patch\173514_p15_none.npy
7_24_data,173514.JPG,16,none,7_24_data\patch\173514_p16_none.npy
7_24_data,173514.JPG,17,none,7_24_data\patch\173514_p17_none.npy
7_24_data,173514.JPG,18,none,7_24_data\patch\173514_p18_none.npy
7_24_data,173514.JPG,19,none,7_24_data\patch\173514_p19_none.npy
7_24_data,173514.JPG,20,none,7_24_data\patch\173514_p20_none.npy
7_24_data,173514.JPG,21,none,7_24_data\patch\173514_p21_none.npy
7_24_data,173514.JPG,22,none,7_24_data\patch\173514_p22_none.npy
7_24_data,173514.JPG,23,none,7_24_data\patch\173514_p23_none.npy
7_24_data,173514.JPG,24,none,7_24_data\patch\173514_p24_none.npy
7_24_data,173514.JPG,25,none,7_24_data\patch\173514_p25_none.npy
7_24_data,173514.JPG,26,none,7_24_data\patch\173514_p26_none.npy
7_24_data,173514.JPG,27,none,7_24_data\patch\173514_p27_none.npy
7_24_data,173514.JPG,28,none,7_24_data\patch\173514_p28_none.npy
7_24_data,173514.JPG,29,none,7_24_data\patch\173514_p29_none.npy
7_24_data,173514.JPG,30,none,7_24_data\patch\173514_p30_none.npy
7_24_data,173514.JPG,31,none,7_24_data\patch\173514_p31_none.npy
7_24_data,173514.JPG,32,none,7_24_data\patch\173514_p32_none.npy
7_24_data,173514.JPG,33,none,7_24_data\patch\173514_p33_none.npy
7_24_data,173514.JPG,34,none,7_24_data\patch\173514_p34_none.npy
7_24_data,173514.JPG,35,none,7_24_data\patch\173514_p35_none.npy
7_24_data,173514.JPG,36,none,7_24_data\patch\173514_p36_none.npy
7_24_data,173514.JPG,37,none,7_24_data\patch\173514_p37_none.npy
7_24_data,173514.JPG,38,none,7_24_data\patch\173514_p38_none.npy
7_24_data,173514.JPG,39,none,7_24_data\patch\173514_p39_none.npy
7_24_data,173514.JPG,40,none,7_24_data\patch\173514_p40_none.npy
7_24_data,173514.JPG,41,none,7_24_data\patch\173514_p41_none.npy
7_24_data,173514.JPG,42,none,7_24_data\patch\173514_p42_none.npy
7_24_data,173514.JPG,43,none,7_24_data\patch\173514_p43_none.npy
7_24_data,173514.JPG,44,none,7_24_data\patch\173514_p44_none.npy
7_24_data,173514.JPG,45,none,7_24_data\patch\173514_p45_none.npy
7_24_data,173514.JPG,46,none,7_24_data\patch\173514_p46_none.npy
7_24_data,173514.JPG,47,none,7_24_data\patch\173514_p47_none.npy
7_24_data,173514.JPG,48,none,7_24_data\patch\173514_p48_none.npy
7_24_data,173514.JPG,49,none,7_24_data\patch\173514_p49_none.npy
7_24_data,173534.JPG,0,none,7_24_data\patch\173534_p0_none.npy
7_24_data,173534.JPG,1,none,7_24_data\patch\173534_p1_none.npy
7_24_data,173534.JPG,2,none,7_24_data\patch\173534_p2_none.npy
7_24_data,173534.JPG,3,none,7_24_data\patch\173534_p3_none.npy
7_24_data,173534.JPG,4,none,7_24_data\patch\173534_p4_none.npy
7_24_data,173534.JPG,5,none,7_24_data\patch\173534_p5_none.npy
7_24_data,173534.JPG,6,none,7_24_data\patch\173534_p6_none.npy
7_24_data,173534.JPG,7,none,7_24_data\patch\173534_p7_none.npy
7_24_data,173534.JPG,8,none,7_24_data\patch\173534_p8_none.npy
7_24_data,173534.JPG,9,none,7_24_data\patch\173534_p9_none.npy
7_24_data,173534.JPG,10,none,7_24_data\patch\173534_p10_none.npy
7_24_data,173534.JPG,11,none,7_24_data\patch\173534_p11_none.npy
7_24_data,173534.JPG,12,none,7_24_data\patch\173534_p12_none.npy
7_24_data,173534.JPG,13,none,7_24_data\patch\173534_p13_none.npy
7_24_data,173534.JPG,14,none,7_24_data\patch\173534_p14_none.npy
7_24_data,173534.JPG,15,none,7_24_data\patch\173534_p15_none.npy
7_24_data,173534.JPG,16,none,7_24_data\patch\173534_p16_none.npy
7_24_data,173534.JPG,17,none,7_24_data\patch\173534_p17_none.npy
7_24_data,173534.JPG,18,none,7_24_data\patch\173534_p18_none.npy
7_24_data,173534.JPG,19,none,7_24_data\patch\173534_p19_none.npy
7_24_data,173534.JPG,20,none,7_24_data\patch\173534_p20_none.npy
7_24_data,173534.JPG,21,none,7_24_data\patch\173534_p21_none.npy
7_24_data,173534.JPG,22,none,7_24_data\patch\173534_p22_none.npy
7_24_data,173534.JPG,23,none,7_24_data\patch\173534_p23_none.npy
7_24_data,173534.JPG,24,none,7_24_data\patch\173534_p24_none.npy
7_24_data,173534.JPG,25,none,7_24_data\patch\173534_p25_none.npy
7_24_data,173534.JPG,26,none,7_24_data\patch\173534_p26_none.npy
7_24_data,173534.JPG,27,none,7_24_data\patch\173534_p27_none.npy
7_24_data,173534.JPG,28,none,7_24_data\patch\173534_p28_none.npy
7_24_data,173534.JPG,29,none,7_24_data\patch\173534_p29_none.npy
7_24_data,173534.JPG,30,none,7_24_data\patch\173534_p30_none.npy
7_24_data,173534.JPG,31,none,7_24_data\patch\173534_p31_none.npy
7_24_data,173534.JPG,32,none,7_24_data\patch\173534_p32_none.npy
7_24_data,173534.JPG,33,none,7_24_data\patch\173534_p33_none.npy
7_24_data,173534.JPG,34,none,7_24_data\patch\173534_p34_none.npy
7_24_data,173534.JPG,35,none,7_24_data\patch\173534_p35_none.npy
7_24_data,173534.JPG,36,none,7_24_data\patch\173534_p36_none.npy
7_24_data,173534.JPG,37,none,7_24_data\patch\173534_p37_none.npy
7_24_data,173534.JPG,38,none,7_24_data\patch\173534_p38_none.npy
7_24_data,173534.JPG,39,none,7_24_data\patch\173534_p39_none.npy
7_24_data,173534.JPG,40,none,7_24_data\patch\173534_p40_none.npy
7_24_data,173534.JPG,41,none,7_24_data\patch\173534_p41_none.npy
7_24_data,173534.JPG,42,none,7_24_data\patch\173534_p42_none.npy
7_24_data,173534.JPG,43,none,7_24_data\patch\173534_p43_none.npy
7_24_data,173534.JPG,44,none,7_24_data\patch\173534_p44_none.npy
7_24_data,173534.JPG,45,none,7_24_data\patch\173534_p45_none.npy
7_24_data,173534.JPG,46,none,7_24_data\patch\173534_p46_none.npy
7_24_data,173534.JPG,47,none,7_24_data\patch\173534_p47_none.npy
7_24_data,173534.JPG,48,none,7_24_data\patch\173534_p48_none.npy
7_24_data,173534.JPG,49,none,7_24_data\patch\173534_p49_none.npy
7_24_data,173554.JPG,0,none,7_24_data\patch\173554_p0_none.npy
7_24_data,173554.JPG,1,none,7_24_data\patch\173554_p1_none.npy
7_24_data,173554.JPG,2,none,7_24_data\patch\173554_p2_none.npy
7_24_data,173554.JPG,3,none,7_24_data\patch\173554_p3_none.npy
7_24_data,173554.JPG,4,none,7_24_data\patch\173554_p4_none.npy
7_24_data,173554.JPG,5,none,7_24_data\patch\173554_p5_none.npy
7_24_data,173554.JPG,6,none,7_24_data\patch\173554_p6_none.npy
7_24_data,173554.JPG,7,none,7_24_data\patch\173554_p7_none.npy
7_24_data,173554.JPG,8,none,7_24_data\patch\173554_p8_none.npy
7_24_data,173554.JPG,9,none,7_24_data\patch\173554_p9_none.npy
7_24_data,173554.JPG,10,none,7_24_data\patch\173554_p10_none.npy
7_24_data,173554.JPG,11,none,7_24_data\patch\173554_p11_none.npy
7_24_data,173554.JPG,12,none,7_24_data\patch\173554_p12_none.npy
7_24_data,173554.JPG,13,none,7_24_data\patch\173554_p13_none.npy
7_24_data,173554.JPG,14,none,7_24_data\patch\173554_p14_none.npy
7_24_data,173554.JPG,15,none,7_24_data\patch\173554_p15_none.npy
7_24_data,173554.JPG,16,none,7_24_data\patch\173554_p16_none.npy
7_24_data,173554.JPG,17,none,7_24_data\patch\173554_p17_none.npy
7_24_data,173554.JPG,18,none,7_24_data\patch\173554_p18_none.npy
7_24_data,173554.JPG,19,none,7_24_data\patch\173554_p19_none.npy
7_24_data,173554.JPG,21,none,7_24_data\patch\173554_p21_none.npy
7_24_data,173554.JPG,22,none,7_24_data\patch\173554_p22_none.npy
7_24_data,173554.JPG,23,none,7_24_data\patch\173554_p23_none.npy
7_24_data,173554.JPG,24,none,7_24_data\patch\173554_p24_none.npy
7_24_data,173554.JPG,25,none,7_24_data\patch\173554_p25_none.npy
7_24_data,173554.JPG,26,none,7_24_data\patch\173554_p26_none.npy
7_24_data,173554.JPG,27,none,7_24_data\patch\173554_p27_none.npy
7_24_data,173554.JPG,28,none,7_24_data\patch\173554_p28_none.npy
7_24_data,173554.JPG,29,none,7_24_data\patch\173554_p29_none.npy
7_24_data,173554.JPG,30,none,7_24_data\patch\173554_p30_none.npy
7_24_data,173554.JPG,31,none,7_24_data\patch\173554_p31_none.npy
7_24_data,173554.JPG,32,none,7_24_data\patch\173554_p32_none.npy
7_24_data,173554.JPG,33,none,7_24_data\patch\173554_p33_none.npy
7_24_data,173554.JPG,34,none,7_24_data\patch\173554_p34_none.npy
7_24_data,173554.JPG,35,none,7_24_data\patch\173554_p35_none.npy
7_24_data,173554.JPG,36,none,7_24_data\patch\173554_p36_none.npy
7_24_data,173554.JPG,37,none,7_24_data\patch\173554_p37_none.npy
7_24_data,173554.JPG,38,none,7_24_data\patch\173554_p38_none.npy
7_24_data,173554.JPG,39,none,7_24_data\patch\173554_p39_none.npy
7_24_data,173554.JPG,40,none,7_24_data\patch\173554_p40_none.npy
7_24_data,173554.JPG,41,none,7_24_data\patch\173554_p41_none.npy
7_24_data,173554.JPG,42,none,7_24_data\patch\173554_p42_none.npy
7_24_data,173554.JPG,43,none,7_24_data\patch\173554_p43_none.npy
7_24_data,173554.JPG,44,none,7_24_data\patch\173554_p44_none.npy
7_24_data,173554.JPG,45,none,7_24_data\patch\173554_p45_none.npy
7_24_data,173554.JPG,46,none,7_24_data\patch\173554_p46_none.npy
7_24_data,173554.JPG,47,none,7_24_data\patch\173554_p47_none.npy
7_24_data,173554.JPG,48,none,7_24_data\patch\173554_p48_none.npy
7_24_data,173554.JPG,49,none,7_24_data\patch\173554_p49_none.npy
7_24_data,173620.JPG,0,none,7_24_data\patch\173620_p0_none.npy
7_24_data,173620.JPG,1,none,7_24_data\patch\173620_p1_none.npy
7_24_data,173620.JPG,2,none,7_24_data\patch\173620_p2_none.npy
7_24_data,173620.JPG,3,none,7_24_data\patch\173620_p3_none.npy
7_24_data,173620.JPG,4,none,7_24_data\patch\173620_p4_none.npy
7_24_data,173620.JPG,5,none,7_24_data\patch\173620_p5_none.npy
7_24_data,173620.JPG,6,none,7_24_data\patch\173620_p6_none.npy
7_24_data,173620.JPG,7,none,7_24_data\patch\173620_p7_none.npy
7_24_data,173620.JPG,8,none,7_24_data\patch\173620_p8_none.npy
7_24_data,173620.JPG,9,none,7_24_data\patch\173620_p9_none.npy
7_24_data,173620.JPG,10,none,7_24_data\patch\173620_p10_none.npy
7_24_data,173620.JPG,11,none,7_24_data\patch\173620_p11_none.npy
7_24_data,173620.JPG,12,none,7_24_data\patch\173620_p12_none.npy
7_24_data,173620.JPG,13,none,7_24_data\patch\173620_p13_none.npy
7_24_data,173620.JPG,14,none,7_24_data\patch\173620_p14_none.npy
7_24_data,173620.JPG,15,none,7_24_data\patch\173620_p15_none.npy
7_24_data,173620.JPG,16,none,7_24_data\patch\173620_p16_none.npy
7_24_data,173620.JPG,17,none,7_24_data\patch\173620_p17_none.npy
7_24_data,173620.JPG,18,none,7_24_data\patch\173620_p18_none.npy
7_24_data,173620.JPG,19,none,7_24_data\patch\173620_p19_none.npy
7_24_data,173620.JPG,20,none,7_24_data\patch\173620_p20_none.npy
7_24_data,173620.JPG,21,none,7_24_data\patch\173620_p21_none.npy
7_24_data,173620.JPG,22,none,7_24_data\patch\173620_p22_none.npy
7_24_data,173620.JPG,23,none,7_24_data\patch\173620_p23_none.npy
7_24_data,173620.JPG,24,none,7_24_data\patch\173620_p24_none.npy
7_24_data,173620.JPG,25,none,7_24_data\patch\173620_p25_none.npy
7_24_data,173620.JPG,26,none,7_24_data\patch\173620_p26_none.npy
7_24_data,173620.JPG,28,none,7_24_data\patch\173620_p28_none.npy
7_24_data,173620.JPG,29,none,7_24_data\patch\173620_p29_none.npy
7_24_data,173620.JPG,30,none,7_24_data\patch\173620_p30_none.npy
7_24_data,173620.JPG,31,none,7_24_data\patch\173620_p31_none.npy
7_24_data,173620.JPG,32,none,7_24_data\patch\173620_p32_none.npy
7_24_data,173620.JPG,33,none,7_24_data\patch\173620_p33_none.npy
7_24_data,173620.JPG,34,none,7_24_data\patch\173620_p34_none.npy
7_24_data,173620.JPG,36,none,7_24_data\patch\173620_p36_none.npy
7_24_data,173620.JPG,37,none,7_24_data\patch\173620_p37_none.npy
7_24_data,173620.JPG,38,none,7_24_data\patch\173620_p38_none.npy
7_24_data,173620.JPG,39,none,7_24_data\patch\173620_p39_none.npy
7_24_data,173620.JPG,40,none,7_24_data\patch\173620_p40_none.npy
7_24_data,173620.JPG,41,none,7_24_data\patch\173620_p41_none.npy
7_24_data,173620.JPG,42,none,7_24_data\patch\173620_p42_none.npy
7_24_data,173620.JPG,43,none,7_24_data\patch\173620_p43_none.npy
7_24_data,173620.JPG,44,none,7_24_data\patch\173620_p44_none.npy
7_24_data,173620.JPG,45,none,7_24_data\patch\173620_p45_none.npy
7_24_data,173620.JPG,46,none,7_24_data\patch\173620_p46_none.npy
7_24_data,173620.JPG,47,none,7_24_data\patch\173620_p47_none.npy
7_24_data,173620.JPG,48,none,7_24_data\patch\173620_p48_none.npy
7_24_data,173620.JPG,49,none,7_24_data\patch\173620_p49_none.npy
7_24_data,173626.JPG,0,none,7_24_data\patch\173626_p0_none.npy
7_24_data,173626.JPG,1,none,7_24_data\patch\173626_p1_none.npy
7_24_data,173626.JPG,2,none,7_24_data\patch\173626_p2_none.npy
7_24_data,173626.JPG,3,none,7_24_data\patch\173626_p3_none.npy
7_24_data,173626.JPG,4,none,7_24_data\patch\173626_p4_none.npy
7_24_data,173626.JPG,5,none,7_24_data\patch\173626_p5_none.npy
7_24_data,173626.JPG,6,none,7_24_data\patch\173626_p6_none.npy
7_24_data,173626.JPG,7,none,7_24_data\patch\173626_p7_none.npy
7_24_data,173626.JPG,8,none,7_24_data\patch\173626_p8_none.npy
7_24_data,173626.JPG,9,none,7_24_data\patch\173626_p9_none.npy
7_24_data,173626.JPG,10,none,7_24_data\patch\173626_p10_none.npy
7_24_data,173626.JPG,11,none,7_24_data\patch\173626_p11_none.npy
7_24_data,173626.JPG,12,none,7_24_data\patch\173626_p12_none.npy
7_24_data,173626.JPG,13,none,7_24_data\patch\173626_p13_none.npy
7_24_data,173626.JPG,14,none,7_24_data\patch\173626_p14_none.npy
7_24_data,173626.JPG,15,none,7_24_data\patch\173626_p15_none.npy
7_24_data,173626.JPG,16,none,7_24_data\patch\173626_p16_none.npy
7_24_data,173626.JPG,17,none,7_24_data\patch\173626_p17_none.npy
7_24_data,173626.JPG,18,none,7_24_data\patch\173626_p18_none.npy
7_24_data,173626.JPG,19,none,7_24_data\patch\173626_p19_none.npy
7_24_data,173626.JPG,20,none,7_24_data\patch\173626_p20_none.npy
7_24_data,173626.JPG,21,none,7_24_data\patch\173626_p21_none.npy
7_24_data,173626.JPG,22,none,7_24_data\patch\173626_p22_none.npy
7_24_data,173626.JPG,23,none,7_24_data\patch\173626_p23_none.npy
7_24_data,173626.JPG,24,none,7_24_data\patch\173626_p24_none.npy
7_24_data,173626.JPG,25,none,7_24_data\patch\173626_p25_none.npy
7_24_data,173626.JPG,26,none,7_24_data\patch\173626_p26_none.npy
7_24_data,173626.JPG,27,none,7_24_data\patch\173626_p27_none.npy
7_24_data,173626.JPG,28,none,7_24_data\patch\173626_p28_none.npy
7_24_data,173626.JPG,29,none,7_24_data\patch\173626_p29_none.npy
7_24_data,173626.JPG,30,none,7_24_data\patch\173626_p30_none.npy
7_24_data,173626.JPG,31,none,7_24_data\patch\173626_p31_none.npy
7_24_data,173626.JPG,32,none,7_24_data\patch\173626_p32_none.npy
7_24_data,173626.JPG,33,none,7_24_data\patch\173626_p33_none.npy
7_24_data,173626.JPG,34,none,7_24_data\patch\173626_p34_none.npy
7_24_data,173626.JPG,35,none,7_24_data\patch\173626_p35_none.npy
7_24_data,173626.JPG,36,none,7_24_data\patch\173626_p36_none.npy
7_24_data,173626.JPG,37,none,7_24_data\patch\173626_p37_none.npy
7_24_data,173626.JPG,38,none,7_24_data\patch\173626_p38_none.npy
7_24_data,173626.JPG,39,none,7_24_data\patch\173626_p39_none.npy
7_24_data,173626.JPG,40,none,7_24_data\patch\173626_p40_none.npy
7_24_data,173626.JPG,41,none,7_24_data\patch\173626_p41_none.npy
7_24_data,173626.JPG,42,none,7_24_data\patch\173626_p42_none.npy
7_24_data,173626.JPG,43,none,7_24_data\patch\173626_p43_none.npy
7_24_data,173626.JPG,44,none,7_24_data\patch\173626_p44_none.npy
7_24_data,173626.JPG,45,none,7_24_data\patch\173626_p45_none.npy
7_24_data,173626.JPG,46,none,7_24_data\patch\173626_p46_none.npy
7_24_data,173626.JPG,47,none,7_24_data\patch\173626_p47_none.npy
7_24_data,173626.JPG,48,none,7_24_data\patch\173626_p48_none.npy
7_24_data,173626.JPG,49,none,7_24_data\patch\173626_p49_none.npy
7_24_data,173652.JPG,0,none,7_24_data\patch\173652_p0_none.npy
7_24_data,173652.JPG,1,none,7_24_data\patch\173652_p1_none.npy
7_24_data,173652.JPG,2,none,7_24_data\patch\173652_p2_none.npy
7_24_data,173652.JPG,3,none,7_24_data\patch\173652_p3_none.npy
7_24_data,173652.JPG,4,none,7_24_data\patch\173652_p4_none.npy
7_24_data,173652.JPG,5,none,7_24_data\patch\173652_p5_none.npy
7_24_data,173652.JPG,6,none,7_24_data\patch\173652_p6_none.npy
7_24_data,173652.JPG,7,none,7_24_data\patch\173652_p7_none.npy
7_24_data,173652.JPG,8,none,7_24_data\patch\173652_p8_none.npy
7_24_data,173652.JPG,9,none,7_24_data\patch\173652_p9_none.npy
7_24_data,173652.JPG,10,none,7_24_data\patch\173652_p10_none.npy
7_24_data,173652.JPG,11,none,7_24_data\patch\173652_p11_none.npy
7_24_data,173652.JPG,12,none,7_24_data\patch\173652_p12_none.npy
7_24_data,173652.JPG,13,none,7_24_data\patch\173652_p13_none.npy
7_24_data,173652.JPG,14,none,7_24_data\patch\173652_p14_none.npy
7_24_data,173652.JPG,15,none,7_24_data\patch\173652_p15_none.npy
7_24_data,173652.JPG,16,none,7_24_data\patch\173652_p16_none.npy
7_24_data,173652.JPG,17,none,7_24_data\patch\173652_p17_none.npy
7_24_data,173652.JPG,18,none,7_24_data\patch\173652_p18_none.npy
7_24_data,173652.JPG,19,none,7_24_data\patch\173652_p19_none.npy
7_24_data,173652.JPG,22,none,7_24_data\patch\173652_p22_none.npy
7_24_data,173652.JPG,24,none,7_24_data\patch\173652_p24_none.npy
7_24_data,173652.JPG,25,none,7_24_data\patch\173652_p25_none.npy
7_24_data,173652.JPG,26,none,7_24_data\patch\173652_p26_none.npy
7_24_data,173652.JPG,27,none,7_24_data\patch\173652_p27_none.npy
7_24_data,173652.JPG,28,none,7_24_data\patch\173652_p28_none.npy
7_24_data,173652.JPG,29,none,7_24_data\patch\173652_p29_none.npy
7_24_data,173652.JPG,30,none,7_24_data\patch\173652_p30_none.npy
7_24_data,173652.JPG,31,none,7_24_data\patch\173652_p31_none.npy
7_24_data,173652.JPG,32,none,7_24_data\patch\173652_p32_none.npy
7_24_data,173652.JPG,33,none,7_24_data\patch\173652_p33_none.npy
7_24_data,173652.JPG,34,none,7_24_data\patch\173652_p34_none.npy
7_24_data,173652.JPG,35,none,7_24_data\patch\173652_p35_none.npy
7_24_data,173652.JPG,36,none,7_24_data\patch\173652_p36_none.npy
7_24_data,173652.JPG,37,none,7_24_data\patch\173652_p37_none.npy
7_24_data,173652.JPG,38,none,7_24_data\patch\173652_p38_none.npy
7_24_data,173652.JPG,39,none,7_24_data\patch\173652_p39_none.npy
7_24_data,173652.JPG,40,none,7_24_data\patch\173652_p40_none.npy
7_24_data,173652.JPG,42,none,7_24_data\patch\173652_p42_none.npy
7_24_data,173652.JPG,43,none,7_24_data\patch\173652_p43_none.npy
7_24_data,173652.JPG,44,none,7_24_data\patch\173652_p44_none.npy
7_24_data,173652.JPG,45,none,7_24_data\patch\173652_p45_none.npy
7_24_data,173652.JPG,46,none,7_24_data\patch\173652_p46_none.npy
7_24_data,173652.JPG,47,none,7_24_data\patch\173652_p47_none.npy
7_24_data,173652.JPG,48,none,7_24_data\patch\173652_p48_none.npy
7_24_data,173652.JPG,49,none,7_24_data\patch\173652_p49_none.npy
7_24_data,173710.JPG,0,none,7_24_data\patch\173710_p0_none.npy
7_24_data,173710.JPG,1,none,7_24_data\patch\173710_p1_none.npy
7_24_data,173710.JPG,2,none,7_24_data\patch\173710_p2_none.npy
7_24_data,173710.JPG,3,none,7_24_data\patch\173710_p3_none.npy
7_24_data,173710.JPG,4,none,7_24_data\patch\173710_p4_none.npy
7_24_data,173710.JPG,5,none,7_24_data\patch\173710_p5_none.npy
7_24_data,173710.JPG,6,none,7_24_data\patch\173710_p6_none.npy
7_24_data,173710.JPG,7,none,7_24_data\patch\173710_p7_none.npy
7_24_data,173710.JPG,8,none,7_24_data\patch\173710_p8_none.npy
7_24_data,173710.JPG,9,none,7_24_data\patch\173710_p9_none.npy
7_24_data,173710.JPG,10,none,7_24_data\patch\173710_p10_none.npy
7_24_data,173710.JPG,11,none,7_24_data\patch\173710_p11_none.npy
7_24_data,173710.JPG,12,none,7_24_data\patch\173710_p12_none.npy
7_24_data,173710.JPG,13,none,7_24_data\patch\173710_p13_none.npy
7_24_data,173710.JPG,14,none,7_24_data\patch\173710_p14_none.npy
7_24_data,173710.JPG,15,none,7_24_data\patch\173710_p15_none.npy
7_24_data,173710.JPG,16,none,7_24_data\patch\173710_p16_none.npy
7_24_data,173710.JPG,17,none,7_24_data\patch\173710_p17_none.npy
7_24_data,173710.JPG,18,none,7_24_data\patch\173710_p18_none.npy
7_24_data,173710.JPG,19,none,7_24_data\patch\173710_p19_none.npy
7_24_data,173710.JPG,20,none,7_24_data\patch\173710_p20_none.npy
7_24_data,173710.JPG,21,none,7_24_data\patch\173710_p21_none.npy
7_24_data,173710.JPG,22,none,7_24_data\patch\173710_p22_none.npy
7_24_data,173710.JPG,23,none,7_24_data\patch\173710_p23_none.npy
7_24_data,173710.JPG,24,none,7_24_data\patch\173710_p24_none.npy
7_24_data,173710.JPG,25,none,7_24_data\patch\173710_p25_none.npy
7_24_data,173710.JPG,26,none,7_24_data\patch\173710_p26_none.npy
7_24_data,173710.JPG,27,none,7_24_data\patch\173710_p27_none.npy
7_24_data,173710.JPG,28,none,7_24_data\patch\173710_p28_none.npy
7_24_data,173710.JPG,29,none,7_24_data\patch\173710_p29_none.npy
7_24_data,173710.JPG,30,none,7_24_data\patch\173710_p30_none.npy
7_24_data,173710.JPG,31,none,7_24_data\patch\173710_p31_none.npy
7_24_data,173710.JPG,32,none,7_24_data\patch\173710_p32_none.npy
7_24_data,173710.JPG,33,none,7_24_data\patch\173710_p33_none.npy
7_24_data,173710.JPG,34,none,7_24_data\patch\173710_p34_none.npy
7_24_data,173710.JPG,35,none,7_24_data\patch\173710_p35_none.npy
7_24_data,173710.JPG,36,none,7_24_data\patch\173710_p36_none.npy
7_24_data,173710.JPG,37,none,7_24_data\patch\173710_p37_none.npy
7_24_data,173710.JPG,39,none,7_24_data\patch\173710_p39_none.npy
7_24_data,173710.JPG,40,none,7_24_data\patch\173710_p40_none.npy
7_24_data,173710.JPG,41,none,7_24_data\patch\173710_p41_none.npy
7_24_data,173710.JPG,42,none,7_24_data\patch\173710_p42_none.npy
7_24_data,173710.JPG,43,none,7_24_data\patch\173710_p43_none.npy
7_24_data,173710.JPG,44,none,7_24_data\patch\173710_p44_none.npy
7_24_data,173710.JPG,45,none,7_24_data\patch\173710_p45_none.npy
7_24_data,173710.JPG,46,none,7_24_data\patch\173710_p46_none.npy
7_24_data,173710.JPG,47,none,7_24_data\patch\173710_p47_none.npy
7_24_data,173710.JPG,48,none,7_24_data\patch\173710_p48_none.npy
7_24_data,173710.JPG,49,none,7_24_data\patch\173710_p49_none.npy
